appointment_id,service_type,booking_channel,lead_time_days,prior_noshows_12mo,reminder_sent,weekday,distance_to_dealer_km,loaner_requested,no_show
APT-104121,Warranty Repair,Phone,2,2,1,Sat,26.0,1,0
APT-104985,Software Update,Phone,2,0,1,Wed,11.0,0,0
APT-100124,Tire Service,Phone,10,0,1,Wed,14.7,0,0
APT-104526,Scheduled Maintenance,Mobile App,21,0,0,Sat,4.5,1,1
APT-101697,Repair — Customer Reported,Mobile App,14,1,1,Tue,7.1,0,0
APT-101400,Repair — Customer Reported,Online Portal,30,2,1,Sat,34.6,0,0
APT-101553,Tire Service,Mobile App,3,0,1,Thu,35.0,0,0
APT-104169,Scheduled Maintenance,Mobile App,7,0,0,Sat,3.0,0,0
APT-105487,Warranty Repair,Dealer Walk-in,10,0,0,Thu,10.2,0,0
APT-100025,Recall Service,Online Portal,30,0,0,Thu,6.3,0,0
APT-103187,Repair — Customer Reported,Dealer Walk-in,7,2,1,Thu,35.7,1,1
APT-102662,Warranty Repair,Online Portal,10,0,0,Tue,24.6,0,0
APT-101055,Recall Service,Phone,2,2,1,Sat,15.8,0,0
APT-104300,Tire Service,Dealer Walk-in,1,3,1,Tue,35.8,0,0
APT-102390,Recall Service,Dealer Walk-in,2,0,1,Sat,20.4,0,0
APT-105493,Software Update,Mobile App,21,0,0,Tue,41.5,1,1
APT-100510,Warranty Repair,Mobile App,30,1,1,Thu,13.8,0,1
APT-101599,Recall Service,Online Portal,21,0,1,Thu,32.7,0,1
APT-102802,Warranty Repair,Phone,7,2,1,Thu,44.4,0,1
APT-101566,Warranty Repair,Online Portal,21,3,1,Sat,35.2,1,1
APT-103195,Software Update,Mobile App,10,1,1,Mon,44.2,0,0
APT-100334,Scheduled Maintenance,Mobile App,1,0,1,Thu,40.4,0,0
APT-102627,Repair — Customer Reported,Dealer Walk-in,3,2,0,Fri,31.4,0,1
APT-100561,Software Update,Phone,7,0,1,Fri,15.0,0,0
APT-102894,Warranty Repair,Online Portal,1,2,1,Fri,7.8,1,0
APT-102244,Recall Service,Online Portal,5,3,0,Thu,15.4,0,0
APT-101000,Scheduled Maintenance,Mobile App,7,3,1,Tue,16.4,0,0
APT-104170,Tire Service,Dealer Walk-in,1,0,1,Sat,6.5,0,0
APT-105225,Tire Service,Dealer Walk-in,2,0,1,Thu,42.3,0,0
APT-101668,Recall Service,Dealer Walk-in,10,0,1,Thu,43.2,1,0
APT-104147,Software Update,Online Portal,3,1,1,Thu,33.7,0,0
APT-101922,Warranty Repair,Online Portal,1,0,1,Mon,41.7,0,0
APT-101162,Tire Service,Phone,0,2,1,Wed,33.6,0,0
APT-102441,Repair — Customer Reported,Phone,1,0,0,Wed,1.6,0,0
APT-101548,Scheduled Maintenance,Dealer Walk-in,5,3,0,Sat,4.0,0,0
APT-104029,Software Update,Mobile App,2,1,1,Mon,16.2,1,0
APT-103604,Warranty Repair,Mobile App,2,3,1,Mon,23.2,0,0
APT-101751,Tire Service,Mobile App,2,2,0,Thu,41.6,0,0
APT-105729,Tire Service,Online Portal,1,0,1,Sat,1.6,0,0
APT-102912,Warranty Repair,Dealer Walk-in,2,0,1,Tue,37.7,0,0
APT-103368,Software Update,Online Portal,5,3,1,Thu,9.1,1,1
APT-101300,Warranty Repair,Online Portal,1,1,1,Wed,14.5,0,1
APT-101918,Scheduled Maintenance,Online Portal,7,1,1,Fri,13.4,1,0
APT-105464,Tire Service,Dealer Walk-in,3,1,0,Tue,25.0,0,0
APT-101524,Warranty Repair,Mobile App,10,1,1,Tue,13.6,0,1
APT-100848,Software Update,Dealer Walk-in,2,0,1,Sat,2.5,0,0
APT-102439,Warranty Repair,Phone,3,0,0,Wed,17.6,0,0
APT-103970,Tire Service,Mobile App,2,3,1,Tue,7.1,0,0
APT-104343,Repair — Customer Reported,Online Portal,7,3,1,Fri,33.5,0,1
APT-105540,Tire Service,Online Portal,5,0,1,Fri,29.3,0,0
APT-103137,Scheduled Maintenance,Dealer Walk-in,5,1,0,Wed,33.8,0,1
APT-100901,Software Update,Phone,10,3,1,Tue,41.7,1,1
APT-103054,Warranty Repair,Mobile App,10,0,0,Sat,38.8,0,0
APT-100487,Recall Service,Dealer Walk-in,30,0,0,Mon,43.6,0,0
APT-104164,Software Update,Mobile App,1,1,1,Tue,16.1,0,0
APT-101712,Recall Service,Phone,14,2,0,Fri,29.8,0,0
APT-105877,Scheduled Maintenance,Online Portal,14,0,1,Mon,5.4,0,0
APT-102882,Warranty Repair,Mobile App,5,3,1,Mon,22.1,0,0
APT-101418,Software Update,Online Portal,5,0,1,Mon,2.3,0,0
APT-102108,Scheduled Maintenance,Mobile App,1,1,1,Mon,21.9,1,0
APT-104248,Scheduled Maintenance,Online Portal,14,0,1,Thu,16.8,0,0
APT-100693,Recall Service,Online Portal,21,2,1,Tue,30.1,0,1
APT-104584,Tire Service,Dealer Walk-in,14,1,1,Tue,35.5,0,0
APT-103863,Software Update,Phone,10,1,1,Tue,41.4,0,0
APT-102361,Scheduled Maintenance,Mobile App,5,1,1,Thu,12.9,0,0
APT-103583,Warranty Repair,Mobile App,14,2,1,Fri,10.2,0,0
APT-101750,Tire Service,Dealer Walk-in,14,0,1,Mon,15.7,0,0
APT-100750,Recall Service,Phone,2,1,1,Thu,42.5,0,0
APT-104307,Recall Service,Dealer Walk-in,14,0,1,Thu,16.9,0,1
APT-105551,Recall Service,Mobile App,3,0,1,Tue,23.1,0,0
APT-105273,Repair — Customer Reported,Phone,3,3,1,Thu,1.5,0,1
APT-103473,Software Update,Online Portal,1,1,1,Mon,38.7,1,1
APT-100532,Recall Service,Mobile App,10,2,1,Thu,32.7,0,0
APT-103999,Software Update,Phone,10,2,0,Fri,38.6,0,1
APT-105087,Repair — Customer Reported,Dealer Walk-in,3,2,1,Wed,25.8,0,0
APT-101503,Warranty Repair,Phone,14,0,1,Tue,8.1,0,0
APT-105558,Software Update,Phone,2,3,1,Fri,4.9,0,0
APT-102818,Software Update,Dealer Walk-in,21,0,1,Wed,21.6,0,1
APT-101984,Software Update,Mobile App,1,2,1,Sat,31.4,0,1
APT-104938,Tire Service,Dealer Walk-in,2,2,1,Fri,7.2,0,1
APT-102511,Warranty Repair,Dealer Walk-in,30,1,0,Mon,25.0,0,0
APT-102683,Tire Service,Online Portal,0,0,1,Sat,36.2,0,0
APT-103029,Warranty Repair,Online Portal,3,0,0,Sat,15.6,1,0
APT-103782,Tire Service,Online Portal,30,1,0,Fri,43.0,0,0
APT-105140,Recall Service,Mobile App,3,0,1,Tue,6.1,0,0
APT-104064,Warranty Repair,Dealer Walk-in,30,0,1,Mon,24.0,1,0
APT-103657,Recall Service,Mobile App,1,1,1,Thu,16.3,0,0
APT-102661,Software Update,Phone,7,2,1,Fri,33.6,0,0
APT-100613,Software Update,Mobile App,7,0,0,Fri,7.0,0,0
APT-102524,Tire Service,Phone,1,0,1,Tue,40.6,0,0
APT-104400,Software Update,Online Portal,30,3,1,Fri,27.2,1,0
APT-102174,Repair — Customer Reported,Online Portal,10,0,1,Sat,25.2,0,0
APT-102417,Warranty Repair,Dealer Walk-in,0,3,0,Thu,32.9,0,1
APT-102680,Scheduled Maintenance,Online Portal,21,0,0,Thu,29.7,0,0
APT-103646,Scheduled Maintenance,Dealer Walk-in,0,0,1,Wed,14.8,0,0
APT-104822,Warranty Repair,Online Portal,7,2,1,Wed,29.7,0,1
APT-104582,Recall Service,Dealer Walk-in,30,0,1,Wed,33.3,0,0
APT-102720,Warranty Repair,Online Portal,1,2,1,Mon,4.6,0,0
APT-105280,Tire Service,Phone,3,3,1,Mon,14.9,0,1
APT-104315,Recall Service,Mobile App,0,0,1,Sat,44.8,0,0
APT-101292,Software Update,Dealer Walk-in,30,1,1,Thu,33.9,0,1
APT-100148,Repair — Customer Reported,Online Portal,21,2,1,Tue,13.0,0,1
APT-102029,Warranty Repair,Dealer Walk-in,14,0,1,Thu,27.0,0,0
APT-101626,Scheduled Maintenance,Mobile App,0,3,0,Thu,17.2,0,1
APT-103905,Repair — Customer Reported,Phone,5,2,1,Tue,15.9,0,1
APT-102474,Tire Service,Phone,3,0,1,Mon,5.6,0,0
APT-104780,Tire Service,Online Portal,3,0,1,Thu,20.5,0,0
APT-100053,Warranty Repair,Phone,14,0,1,Mon,18.1,0,0
APT-105252,Tire Service,Phone,10,0,1,Sat,12.1,0,0
APT-101138,Tire Service,Phone,14,0,1,Sat,41.4,1,0
APT-104961,Recall Service,Dealer Walk-in,30,0,1,Thu,9.7,0,1
APT-102600,Warranty Repair,Online Portal,3,2,1,Fri,41.3,1,1
APT-100745,Warranty Repair,Dealer Walk-in,0,0,1,Fri,32.9,0,0
APT-102640,Recall Service,Online Portal,7,2,1,Thu,32.6,0,0
APT-100127,Recall Service,Mobile App,30,0,1,Tue,34.8,0,1
APT-100615,Tire Service,Online Portal,2,0,0,Fri,17.5,1,1
APT-101396,Tire Service,Phone,14,0,0,Mon,20.5,0,0
APT-101318,Software Update,Mobile App,0,0,1,Sat,42.6,1,0
APT-105481,Tire Service,Phone,5,0,0,Sat,28.1,0,0
APT-105937,Repair — Customer Reported,Mobile App,0,1,1,Thu,12.2,1,0
APT-100607,Repair — Customer Reported,Mobile App,1,3,1,Tue,7.2,1,0
APT-101552,Software Update,Phone,14,3,0,Wed,2.3,0,1
APT-103023,Warranty Repair,Dealer Walk-in,3,1,0,Fri,7.2,0,0
APT-102320,Recall Service,Mobile App,5,0,1,Fri,40.6,0,0
APT-100998,Recall Service,Online Portal,3,2,0,Sat,19.6,0,1
APT-105114,Software Update,Mobile App,5,0,0,Tue,28.8,0,0
APT-103721,Tire Service,Mobile App,3,0,1,Tue,44.1,0,0
APT-100841,Software Update,Dealer Walk-in,10,1,0,Tue,19.3,1,0
APT-100002,Recall Service,Mobile App,30,0,0,Tue,31.7,0,0
APT-102603,Software Update,Phone,0,2,1,Tue,27.6,0,1
APT-105201,Recall Service,Dealer Walk-in,30,2,1,Sat,23.8,0,0
APT-105304,Repair — Customer Reported,Online Portal,7,1,0,Mon,43.0,0,0
APT-102601,Recall Service,Mobile App,21,0,0,Fri,14.3,0,1
APT-104923,Repair — Customer Reported,Phone,2,0,0,Wed,10.5,0,0
APT-105231,Repair — Customer Reported,Phone,1,0,1,Sat,41.3,0,0
APT-105806,Tire Service,Dealer Walk-in,30,1,1,Fri,15.8,0,1
APT-105980,Recall Service,Phone,0,0,1,Mon,30.3,0,0
APT-100037,Warranty Repair,Dealer Walk-in,5,2,0,Tue,2.0,1,0
APT-102926,Scheduled Maintenance,Online Portal,30,1,1,Wed,38.7,1,0
APT-105782,Warranty Repair,Dealer Walk-in,2,0,1,Tue,22.4,0,0
APT-100436,Scheduled Maintenance,Phone,21,2,1,Thu,37.4,0,0
APT-100023,Warranty Repair,Dealer Walk-in,10,1,0,Fri,30.1,0,1
APT-100066,Warranty Repair,Mobile App,14,2,1,Tue,18.8,0,1
APT-101501,Tire Service,Phone,3,2,1,Tue,34.7,0,0
APT-101680,Recall Service,Phone,7,1,1,Sat,2.7,0,0
APT-101665,Software Update,Mobile App,21,0,1,Mon,37.7,0,0
APT-104704,Recall Service,Dealer Walk-in,3,1,0,Wed,24.3,0,1
APT-100586,Warranty Repair,Phone,30,0,0,Sat,28.5,0,1
APT-101874,Recall Service,Dealer Walk-in,7,0,1,Wed,37.5,1,0
APT-105868,Scheduled Maintenance,Online Portal,30,0,0,Tue,32.2,0,1
APT-101338,Repair — Customer Reported,Online Portal,1,3,1,Sat,18.0,0,1
APT-103007,Tire Service,Online Portal,10,1,1,Thu,24.3,0,0
APT-101233,Software Update,Mobile App,0,0,1,Fri,28.5,0,1
APT-105460,Warranty Repair,Mobile App,0,0,0,Thu,15.9,0,0
APT-103719,Tire Service,Online Portal,5,1,1,Tue,14.4,0,0
APT-104540,Warranty Repair,Mobile App,2,3,1,Sat,10.2,0,0
APT-102528,Scheduled Maintenance,Phone,30,1,1,Thu,7.4,0,0
APT-105638,Warranty Repair,Phone,1,3,1,Sat,10.7,0,1
APT-105988,Tire Service,Phone,5,0,1,Thu,35.7,0,0
APT-103253,Software Update,Dealer Walk-in,2,1,1,Sat,15.6,0,1
APT-105374,Software Update,Phone,5,0,1,Sat,18.5,0,0
APT-102780,Scheduled Maintenance,Online Portal,10,0,0,Thu,36.4,0,0
APT-104094,Tire Service,Phone,30,0,1,Tue,35.6,1,0
APT-105941,Warranty Repair,Online Portal,3,2,0,Sat,33.6,0,0
APT-103734,Recall Service,Dealer Walk-in,14,1,1,Sat,40.9,0,1
APT-105935,Recall Service,Phone,7,0,1,Tue,17.8,1,0
APT-100794,Scheduled Maintenance,Online Portal,14,0,1,Mon,10.7,1,0
APT-102609,Recall Service,Online Portal,14,0,1,Wed,25.9,1,0
APT-105643,Recall Service,Dealer Walk-in,5,0,1,Wed,43.5,0,1
APT-100289,Scheduled Maintenance,Online Portal,30,0,1,Mon,41.6,0,1
APT-105222,Scheduled Maintenance,Dealer Walk-in,30,0,0,Fri,38.1,0,0
APT-103990,Warranty Repair,Mobile App,30,0,1,Tue,23.2,0,0
APT-105899,Repair — Customer Reported,Phone,3,0,1,Tue,31.3,0,0
APT-100314,Tire Service,Phone,5,0,0,Thu,3.7,0,0
APT-102569,Recall Service,Phone,10,0,0,Sat,15.1,1,0
APT-100263,Recall Service,Dealer Walk-in,1,0,1,Wed,31.5,0,0
APT-101885,Repair — Customer Reported,Online Portal,30,3,1,Thu,31.4,0,1
APT-100958,Warranty Repair,Online Portal,14,0,1,Tue,9.3,0,0
APT-102231,Tire Service,Phone,7,1,0,Sat,18.9,0,0
APT-104390,Software Update,Mobile App,21,1,0,Thu,38.4,0,1
APT-104769,Tire Service,Online Portal,30,0,0,Thu,18.2,0,1
APT-101494,Tire Service,Phone,1,0,0,Thu,26.2,0,0
APT-105525,Recall Service,Phone,2,3,1,Tue,34.0,1,0
APT-102163,Warranty Repair,Phone,14,1,1,Tue,21.6,0,1
APT-105889,Tire Service,Phone,1,1,1,Mon,7.5,0,0
APT-100849,Software Update,Online Portal,10,1,1,Fri,1.2,0,0
APT-102482,Recall Service,Online Portal,3,0,1,Mon,31.6,0,0
APT-103654,Scheduled Maintenance,Phone,1,0,0,Mon,10.1,0,0
APT-101575,Tire Service,Online Portal,30,0,1,Tue,20.8,0,0
APT-103162,Recall Service,Online Portal,30,0,1,Fri,2.6,1,1
APT-103127,Warranty Repair,Mobile App,5,0,1,Sat,22.1,0,0
APT-102554,Scheduled Maintenance,Mobile App,14,0,0,Mon,18.4,0,1
APT-102772,Warranty Repair,Phone,0,1,1,Thu,26.2,0,1
APT-102158,Scheduled Maintenance,Online Portal,1,2,1,Mon,10.2,0,1
APT-105684,Scheduled Maintenance,Mobile App,2,3,1,Wed,6.9,0,0
APT-104606,Repair — Customer Reported,Phone,3,0,1,Wed,27.9,0,0
APT-101507,Repair — Customer Reported,Dealer Walk-in,0,0,1,Mon,10.5,0,0
APT-100451,Recall Service,Mobile App,21,0,1,Wed,16.0,1,1
APT-102887,Software Update,Mobile App,5,0,1,Tue,9.6,1,1
APT-100649,Repair — Customer Reported,Online Portal,7,0,1,Fri,24.2,0,0
APT-102707,Scheduled Maintenance,Online Portal,0,1,1,Wed,28.1,1,0
APT-102750,Repair — Customer Reported,Online Portal,7,0,1,Tue,28.4,0,1
APT-104784,Scheduled Maintenance,Mobile App,0,1,1,Fri,21.4,0,0
APT-101277,Software Update,Dealer Walk-in,21,0,0,Fri,41.7,0,0
APT-100311,Software Update,Online Portal,30,1,0,Mon,2.0,1,1
APT-105994,Software Update,Mobile App,21,1,0,Tue,16.2,0,1
APT-104314,Tire Service,Phone,3,0,0,Wed,24.7,0,0
APT-104820,Software Update,Phone,30,1,0,Mon,4.0,0,1
APT-105444,Warranty Repair,Dealer Walk-in,10,3,1,Sat,13.2,0,1
APT-101853,Repair — Customer Reported,Dealer Walk-in,0,0,0,Sat,27.9,0,0
APT-103188,Scheduled Maintenance,Online Portal,30,3,1,Tue,7.7,0,0
APT-101899,Warranty Repair,Dealer Walk-in,10,2,0,Thu,43.0,0,1
APT-103285,Tire Service,Online Portal,14,0,1,Wed,4.4,1,1
APT-102948,Recall Service,Dealer Walk-in,5,0,1,Mon,44.9,0,0
APT-105006,Tire Service,Online Portal,1,1,0,Fri,36.3,0,0
APT-100883,Repair — Customer Reported,Online Portal,7,2,0,Sat,15.3,0,0
APT-105648,Recall Service,Online Portal,10,0,0,Tue,18.1,0,0
APT-103989,Scheduled Maintenance,Dealer Walk-in,14,0,0,Wed,43.3,1,0
APT-101630,Software Update,Dealer Walk-in,2,1,1,Sat,2.9,0,0
APT-103730,Scheduled Maintenance,Dealer Walk-in,3,0,1,Tue,4.7,1,0
APT-101535,Repair — Customer Reported,Mobile App,2,2,1,Thu,35.5,0,0
APT-101467,Recall Service,Dealer Walk-in,2,1,1,Wed,3.6,0,0
APT-100343,Software Update,Mobile App,30,1,1,Wed,18.7,0,1
APT-105981,Scheduled Maintenance,Online Portal,7,1,0,Tue,16.1,0,0
APT-101339,Repair — Customer Reported,Phone,1,0,1,Thu,39.7,0,0
APT-105016,Software Update,Dealer Walk-in,5,0,1,Wed,22.6,1,0
APT-101020,Scheduled Maintenance,Mobile App,7,3,1,Mon,22.6,1,0
APT-102469,Warranty Repair,Dealer Walk-in,30,0,1,Mon,44.1,0,0
APT-104633,Warranty Repair,Mobile App,7,1,0,Tue,14.3,0,0
APT-100079,Scheduled Maintenance,Dealer Walk-in,30,0,0,Thu,23.8,0,0
APT-103459,Tire Service,Phone,2,0,0,Mon,43.7,0,0
APT-103309,Software Update,Phone,10,0,0,Mon,22.2,0,1
APT-101457,Software Update,Dealer Walk-in,3,1,1,Wed,14.6,0,0
APT-101302,Software Update,Dealer Walk-in,21,1,1,Fri,24.1,0,1
APT-105878,Scheduled Maintenance,Online Portal,14,3,0,Sat,25.0,0,0
APT-105872,Warranty Repair,Phone,3,3,0,Wed,29.1,1,1
APT-101715,Software Update,Phone,30,2,1,Wed,25.5,0,1
APT-105821,Tire Service,Dealer Walk-in,7,0,0,Mon,34.2,0,0
APT-103365,Tire Service,Online Portal,0,1,0,Sat,17.0,0,0
APT-103626,Software Update,Mobile App,10,3,0,Sat,20.1,0,0
APT-105091,Recall Service,Online Portal,14,0,1,Tue,17.1,0,0
APT-103412,Tire Service,Mobile App,5,2,1,Thu,19.4,0,0
APT-105844,Scheduled Maintenance,Mobile App,5,0,1,Sat,10.7,0,0
APT-102885,Tire Service,Phone,21,2,1,Thu,8.0,0,0
APT-102510,Warranty Repair,Dealer Walk-in,3,2,1,Fri,1.6,0,0
APT-105654,Scheduled Maintenance,Mobile App,21,2,0,Sat,28.6,0,1
APT-101104,Software Update,Online Portal,0,0,1,Fri,22.4,1,0
APT-100975,Scheduled Maintenance,Online Portal,14,2,0,Mon,7.5,1,1
APT-101562,Scheduled Maintenance,Dealer Walk-in,21,1,1,Thu,34.1,1,1
APT-101464,Scheduled Maintenance,Dealer Walk-in,21,0,1,Wed,20.2,0,1
APT-103114,Scheduled Maintenance,Dealer Walk-in,30,0,0,Wed,30.2,1,1
APT-102317,Software Update,Online Portal,3,1,0,Fri,25.4,0,0
APT-105687,Software Update,Dealer Walk-in,10,0,0,Tue,29.5,1,0
APT-104046,Software Update,Phone,10,2,1,Fri,23.0,0,0
APT-100276,Software Update,Online Portal,14,1,0,Mon,36.0,0,0
APT-102778,Repair — Customer Reported,Dealer Walk-in,14,0,0,Thu,31.5,0,0
APT-105323,Warranty Repair,Online Portal,30,0,1,Sat,43.1,0,0
APT-103315,Tire Service,Online Portal,14,1,1,Sat,44.8,0,1
APT-104984,Tire Service,Online Portal,30,0,0,Thu,11.9,0,0
APT-104997,Tire Service,Dealer Walk-in,0,0,0,Wed,20.4,0,0
APT-102400,Warranty Repair,Mobile App,30,0,1,Sat,35.8,0,1
APT-105467,Repair — Customer Reported,Dealer Walk-in,5,0,1,Tue,43.4,1,0
APT-100039,Tire Service,Dealer Walk-in,0,0,1,Sat,35.6,0,1
APT-105871,Warranty Repair,Mobile App,30,0,1,Mon,13.8,0,0
APT-100873,Software Update,Online Portal,1,1,0,Wed,36.8,0,0
APT-103255,Recall Service,Mobile App,5,0,1,Mon,27.7,0,0
APT-101319,Software Update,Mobile App,5,0,0,Wed,43.8,0,1
APT-100461,Scheduled Maintenance,Dealer Walk-in,7,1,1,Fri,12.6,0,0
APT-101791,Software Update,Phone,1,1,1,Wed,27.4,0,1
APT-103783,Warranty Repair,Dealer Walk-in,30,1,0,Sat,26.7,0,1
APT-104478,Tire Service,Phone,7,1,1,Tue,9.2,0,0
APT-102285,Repair — Customer Reported,Phone,10,0,0,Sat,14.6,0,0
APT-101061,Tire Service,Online Portal,10,2,1,Wed,13.7,0,0
APT-102960,Repair — Customer Reported,Phone,5,1,0,Tue,32.9,0,0
APT-102536,Tire Service,Mobile App,0,0,0,Sat,19.8,0,0
APT-103467,Software Update,Mobile App,7,0,1,Wed,8.8,0,0
APT-100192,Software Update,Dealer Walk-in,30,0,0,Wed,25.6,0,1
APT-104957,Repair — Customer Reported,Online Portal,10,3,1,Sat,30.2,0,0
APT-103941,Scheduled Maintenance,Phone,21,0,1,Tue,9.2,0,0
APT-102124,Tire Service,Online Portal,1,0,1,Mon,2.0,0,0
APT-101150,Software Update,Online Portal,5,0,1,Tue,24.6,0,0
APT-105351,Recall Service,Online Portal,5,0,1,Thu,5.7,0,0
APT-102952,Scheduled Maintenance,Mobile App,5,0,0,Fri,43.3,0,0
APT-103854,Recall Service,Dealer Walk-in,1,0,1,Sat,19.5,0,1
APT-100014,Repair — Customer Reported,Dealer Walk-in,3,0,0,Mon,4.8,0,0
APT-101902,Warranty Repair,Dealer Walk-in,0,0,1,Tue,21.0,1,0
APT-104258,Repair — Customer Reported,Mobile App,1,2,0,Wed,38.5,0,1
APT-105505,Software Update,Online Portal,2,0,1,Mon,16.0,1,0
APT-105172,Recall Service,Online Portal,0,1,1,Tue,29.8,0,0
APT-103373,Recall Service,Mobile App,10,0,1,Fri,37.2,1,0
APT-102083,Software Update,Mobile App,10,0,0,Wed,8.8,1,0
APT-105191,Recall Service,Mobile App,3,0,1,Wed,21.4,0,0
APT-100388,Repair — Customer Reported,Dealer Walk-in,1,0,1,Tue,37.2,0,0
APT-101628,Warranty Repair,Dealer Walk-in,0,1,0,Thu,9.6,0,0
APT-104373,Repair — Customer Reported,Dealer Walk-in,5,1,1,Mon,27.1,0,0
APT-101725,Software Update,Online Portal,0,2,1,Tue,35.3,0,0
APT-102190,Tire Service,Phone,14,0,1,Mon,43.1,0,0
APT-103375,Scheduled Maintenance,Phone,14,0,1,Mon,7.4,0,1
APT-102633,Scheduled Maintenance,Phone,14,1,0,Sat,30.6,0,0
APT-100122,Software Update,Online Portal,30,3,0,Wed,2.3,0,0
APT-100125,Scheduled Maintenance,Phone,2,2,1,Mon,13.0,0,0
APT-102592,Tire Service,Phone,5,0,1,Fri,40.7,0,0
APT-101557,Tire Service,Dealer Walk-in,1,1,1,Sat,15.0,0,0
APT-101419,Recall Service,Mobile App,10,1,1,Wed,5.7,0,0
APT-100721,Repair — Customer Reported,Dealer Walk-in,10,0,0,Fri,37.5,0,0
APT-101145,Software Update,Phone,5,2,0,Sat,22.3,0,0
APT-104101,Warranty Repair,Phone,5,2,0,Fri,36.4,1,0
APT-103182,Repair — Customer Reported,Dealer Walk-in,1,0,1,Mon,32.1,0,0
APT-104846,Repair — Customer Reported,Phone,7,0,1,Thu,24.8,1,0
APT-103800,Warranty Repair,Phone,2,2,0,Sat,4.5,0,0
APT-100629,Software Update,Online Portal,14,0,1,Mon,31.5,0,0
APT-104465,Tire Service,Dealer Walk-in,7,0,1,Mon,3.2,0,0
APT-100956,Tire Service,Online Portal,10,3,1,Sat,28.9,0,1
APT-103599,Repair — Customer Reported,Online Portal,21,3,1,Sat,6.9,0,1
APT-101131,Warranty Repair,Phone,2,1,1,Fri,4.7,0,0
APT-102389,Scheduled Maintenance,Phone,1,0,1,Tue,15.6,0,1
APT-102673,Software Update,Online Portal,1,2,1,Mon,31.1,1,0
APT-100208,Recall Service,Phone,2,0,1,Mon,30.9,0,0
APT-101448,Tire Service,Online Portal,5,3,0,Tue,33.5,0,1
APT-101898,Warranty Repair,Mobile App,2,0,1,Tue,42.3,0,0
APT-105777,Warranty Repair,Mobile App,21,0,1,Mon,34.8,0,0
APT-104457,Repair — Customer Reported,Phone,0,0,1,Sat,41.3,1,1
APT-103025,Scheduled Maintenance,Phone,3,2,1,Wed,41.0,1,1
APT-104583,Recall Service,Phone,30,1,1,Mon,2.3,0,0
APT-104304,Warranty Repair,Dealer Walk-in,14,0,1,Tue,18.1,0,0
APT-102736,Tire Service,Mobile App,14,0,1,Wed,28.0,0,0
APT-103322,Warranty Repair,Phone,14,1,1,Thu,6.9,0,0
APT-105424,Repair — Customer Reported,Dealer Walk-in,1,2,1,Fri,4.6,1,1
APT-102201,Warranty Repair,Phone,30,0,1,Tue,41.3,1,0
APT-104190,Tire Service,Online Portal,3,0,0,Wed,1.5,0,0
APT-104630,Software Update,Phone,21,1,1,Wed,16.3,0,1
APT-102799,Software Update,Phone,2,3,1,Fri,13.4,0,1
APT-100839,Software Update,Mobile App,5,0,0,Thu,3.8,0,0
APT-103377,Software Update,Mobile App,21,0,0,Wed,24.2,1,0
APT-102981,Recall Service,Dealer Walk-in,30,1,0,Wed,17.5,1,1
APT-103547,Tire Service,Mobile App,10,0,1,Wed,42.8,1,0
APT-104581,Warranty Repair,Phone,0,3,0,Sat,17.2,0,0
APT-101084,Software Update,Phone,3,0,1,Sat,22.0,0,0
APT-102747,Warranty Repair,Online Portal,5,1,0,Thu,18.6,0,0
APT-105437,Scheduled Maintenance,Mobile App,2,1,0,Mon,23.5,0,0
APT-103601,Repair — Customer Reported,Phone,5,1,1,Fri,40.8,1,0
APT-103129,Warranty Repair,Mobile App,21,0,1,Mon,43.1,1,0
APT-101911,Warranty Repair,Mobile App,1,0,0,Tue,4.5,0,0
APT-105062,Warranty Repair,Online Portal,1,1,0,Tue,38.5,0,0
APT-100062,Software Update,Mobile App,2,0,0,Sat,12.9,0,0
APT-105790,Recall Service,Mobile App,3,0,1,Fri,24.8,0,0
APT-101615,Repair — Customer Reported,Dealer Walk-in,0,0,0,Sat,30.7,0,0
APT-100701,Repair — Customer Reported,Dealer Walk-in,30,1,0,Sat,11.4,0,1
APT-101610,Tire Service,Online Portal,5,1,1,Sat,8.8,0,0
APT-105863,Repair — Customer Reported,Online Portal,21,0,1,Tue,26.7,1,0
APT-104118,Scheduled Maintenance,Mobile App,2,0,0,Tue,34.7,0,1
APT-101404,Warranty Repair,Mobile App,2,0,0,Thu,42.8,0,0
APT-103468,Repair — Customer Reported,Mobile App,5,0,1,Tue,25.6,0,0
APT-102575,Recall Service,Dealer Walk-in,7,0,1,Sat,32.2,1,0
APT-102002,Repair — Customer Reported,Phone,0,0,1,Sat,12.4,0,0
APT-100809,Tire Service,Mobile App,21,3,0,Wed,26.7,0,1
APT-101097,Warranty Repair,Phone,7,0,1,Tue,1.9,1,0
APT-102230,Software Update,Dealer Walk-in,1,2,1,Fri,8.0,1,0
APT-104611,Software Update,Online Portal,21,3,1,Thu,39.7,1,1
APT-103450,Recall Service,Dealer Walk-in,30,0,0,Thu,1.9,0,1
APT-104218,Repair — Customer Reported,Online Portal,1,0,0,Wed,28.2,1,0
APT-101802,Scheduled Maintenance,Dealer Walk-in,14,0,0,Wed,38.5,0,1
APT-102456,Repair — Customer Reported,Phone,10,2,1,Thu,28.5,0,0
APT-104745,Warranty Repair,Dealer Walk-in,2,0,0,Thu,14.5,0,0
APT-102014,Software Update,Phone,21,0,1,Tue,39.4,1,1
APT-105853,Tire Service,Dealer Walk-in,21,0,1,Wed,30.8,0,0
APT-104145,Repair — Customer Reported,Mobile App,5,0,0,Tue,5.3,0,0
APT-101356,Warranty Repair,Online Portal,2,0,1,Sat,12.4,0,0
APT-102022,Software Update,Online Portal,10,3,1,Thu,5.2,1,0
APT-102028,Tire Service,Dealer Walk-in,10,1,1,Thu,33.5,0,0
APT-101843,Software Update,Dealer Walk-in,10,0,1,Tue,10.3,1,0
APT-105836,Warranty Repair,Mobile App,1,0,1,Sat,23.5,0,0
APT-105699,Tire Service,Online Portal,3,0,0,Mon,37.3,0,0
APT-101082,Recall Service,Dealer Walk-in,5,3,1,Sat,22.3,0,1
APT-105715,Software Update,Phone,10,1,1,Fri,10.8,1,0
APT-103979,Repair — Customer Reported,Phone,3,2,0,Wed,7.3,0,0
APT-102847,Software Update,Mobile App,1,1,1,Mon,23.0,1,0
APT-102641,Repair — Customer Reported,Online Portal,2,2,1,Wed,24.1,0,0
APT-105352,Tire Service,Mobile App,14,1,1,Fri,23.0,1,1
APT-103497,Recall Service,Mobile App,14,3,1,Fri,42.9,0,1
APT-104082,Software Update,Phone,30,3,1,Fri,13.6,0,1
APT-104959,Warranty Repair,Mobile App,30,0,1,Tue,7.1,0,0
APT-104519,Tire Service,Dealer Walk-in,30,0,1,Wed,23.2,0,0
APT-100705,Software Update,Online Portal,21,2,0,Thu,1.3,0,0
APT-103633,Recall Service,Online Portal,1,0,1,Fri,12.6,1,0
APT-103077,Repair — Customer Reported,Dealer Walk-in,2,1,1,Thu,1.6,0,0
APT-102833,Software Update,Mobile App,14,2,0,Sat,12.8,0,0
APT-104872,Repair — Customer Reported,Dealer Walk-in,3,1,1,Wed,38.0,0,1
APT-102758,Tire Service,Dealer Walk-in,1,3,0,Fri,44.1,0,0
APT-100680,Recall Service,Dealer Walk-in,30,1,0,Sat,34.1,0,1
APT-101807,Scheduled Maintenance,Online Portal,2,3,1,Sat,44.3,0,0
APT-104504,Software Update,Mobile App,21,0,1,Wed,40.5,0,0
APT-105961,Tire Service,Phone,5,2,1,Tue,15.9,0,0
APT-104112,Scheduled Maintenance,Dealer Walk-in,2,0,0,Tue,8.6,0,0
APT-103812,Warranty Repair,Online Portal,2,1,1,Mon,37.6,0,0
APT-101927,Software Update,Online Portal,30,1,1,Sat,38.7,0,0
APT-105761,Scheduled Maintenance,Mobile App,14,0,1,Sat,17.8,0,0
APT-103720,Recall Service,Dealer Walk-in,3,1,1,Wed,29.0,0,0
APT-102806,Software Update,Phone,21,0,1,Mon,39.7,0,0
APT-100502,Warranty Repair,Mobile App,7,1,1,Tue,17.5,0,0
APT-102654,Scheduled Maintenance,Dealer Walk-in,2,1,0,Thu,1.0,0,0
APT-101344,Warranty Repair,Online Portal,30,0,1,Mon,36.5,0,1
APT-103072,Software Update,Online Portal,30,0,0,Sat,27.8,1,1
APT-100513,Warranty Repair,Dealer Walk-in,30,0,0,Thu,17.1,1,0
APT-100604,Tire Service,Phone,0,0,0,Thu,6.3,0,0
APT-104445,Recall Service,Phone,21,1,1,Sat,20.7,1,0
APT-102085,Tire Service,Dealer Walk-in,10,2,1,Wed,43.4,1,0
APT-104792,Software Update,Mobile App,3,0,1,Mon,28.3,0,0
APT-104753,Repair — Customer Reported,Phone,5,0,1,Sat,38.7,0,0
APT-105177,Scheduled Maintenance,Mobile App,1,0,0,Fri,10.5,0,0
APT-102521,Repair — Customer Reported,Dealer Walk-in,2,3,0,Wed,29.2,0,1
APT-104589,Tire Service,Online Portal,2,0,1,Sat,40.9,1,0
APT-104245,Repair — Customer Reported,Phone,3,0,0,Tue,19.6,0,0
APT-102049,Warranty Repair,Phone,2,1,1,Tue,19.7,0,0
APT-102257,Scheduled Maintenance,Phone,3,0,0,Fri,23.4,1,0
APT-103665,Warranty Repair,Dealer Walk-in,5,0,1,Mon,22.1,0,0
APT-104980,Software Update,Dealer Walk-in,0,0,0,Tue,38.2,0,0
APT-101783,Tire Service,Mobile App,10,2,1,Sat,22.3,0,0
APT-104466,Software Update,Dealer Walk-in,5,0,0,Thu,41.1,0,0
APT-100518,Tire Service,Online Portal,5,0,1,Sat,28.2,1,1
APT-105694,Recall Service,Dealer Walk-in,5,1,0,Wed,21.0,0,0
APT-105474,Recall Service,Mobile App,7,0,0,Tue,2.0,1,0
APT-104355,Repair — Customer Reported,Dealer Walk-in,30,0,1,Sat,33.0,1,1
APT-100476,Warranty Repair,Dealer Walk-in,2,0,1,Tue,16.1,0,0
APT-104364,Repair — Customer Reported,Mobile App,21,2,0,Mon,16.9,0,0
APT-100425,Tire Service,Phone,21,0,1,Fri,42.7,0,0
APT-102117,Scheduled Maintenance,Phone,14,2,1,Mon,44.0,1,1
APT-102018,Recall Service,Phone,14,0,0,Fri,15.8,1,0
APT-100993,Software Update,Online Portal,30,3,1,Tue,31.8,0,1
APT-105511,Warranty Repair,Phone,0,1,1,Fri,8.7,0,0
APT-104419,Recall Service,Mobile App,0,1,1,Fri,6.9,0,0
APT-105965,Recall Service,Dealer Walk-in,2,0,1,Sat,18.2,1,0
APT-104954,Tire Service,Mobile App,10,2,1,Sat,42.8,0,1
APT-102645,Recall Service,Dealer Walk-in,3,2,1,Fri,24.3,1,0
APT-100344,Warranty Repair,Dealer Walk-in,3,0,1,Wed,40.5,1,0
APT-104618,Software Update,Mobile App,14,2,1,Fri,17.5,0,1
APT-103562,Repair — Customer Reported,Phone,10,2,1,Wed,38.4,0,0
APT-100592,Tire Service,Mobile App,0,0,0,Thu,30.9,0,1
APT-101001,Recall Service,Mobile App,7,3,1,Mon,25.7,0,0
APT-103810,Recall Service,Mobile App,10,0,1,Sat,32.7,0,0
APT-105554,Software Update,Phone,7,2,1,Tue,3.4,1,0
APT-101187,Scheduled Maintenance,Phone,14,0,1,Sat,23.2,1,0
APT-105585,Tire Service,Mobile App,1,0,1,Wed,32.5,0,0
APT-101970,Scheduled Maintenance,Phone,21,1,1,Tue,14.1,1,1
APT-101782,Warranty Repair,Phone,5,0,1,Wed,29.6,0,0
APT-103464,Repair — Customer Reported,Phone,0,2,1,Mon,31.7,0,0
APT-104459,Warranty Repair,Dealer Walk-in,0,0,1,Sat,26.4,1,0
APT-103576,Warranty Repair,Dealer Walk-in,30,0,1,Wed,27.6,0,0
APT-100826,Recall Service,Dealer Walk-in,1,0,1,Fri,23.6,0,0
APT-102411,Software Update,Phone,1,0,1,Mon,31.0,0,0
APT-103237,Software Update,Phone,1,1,1,Tue,5.2,0,0
APT-101929,Recall Service,Phone,0,0,0,Sat,31.5,0,0
APT-103052,Recall Service,Mobile App,7,0,0,Fri,4.2,0,0
APT-101297,Repair — Customer Reported,Phone,30,0,0,Thu,28.3,0,1
APT-102790,Recall Service,Dealer Walk-in,3,0,0,Fri,16.1,0,0
APT-101410,Recall Service,Dealer Walk-in,7,1,0,Tue,17.3,0,0
APT-105612,Recall Service,Mobile App,21,0,1,Mon,13.2,0,0
APT-104512,Software Update,Phone,3,3,0,Thu,22.9,1,1
APT-103550,Scheduled Maintenance,Mobile App,3,0,0,Sat,19.6,0,0
APT-103349,Warranty Repair,Dealer Walk-in,3,1,1,Mon,11.4,0,0
APT-102381,Warranty Repair,Mobile App,0,1,1,Wed,37.1,0,0
APT-102891,Scheduled Maintenance,Dealer Walk-in,2,0,0,Thu,12.1,1,0
APT-104617,Recall Service,Mobile App,5,3,1,Wed,21.2,0,0
APT-104322,Scheduled Maintenance,Dealer Walk-in,0,3,1,Wed,32.5,0,0
APT-101964,Recall Service,Online Portal,14,2,1,Wed,40.6,0,0
APT-103737,Tire Service,Phone,5,0,1,Mon,2.1,0,0
APT-105353,Scheduled Maintenance,Dealer Walk-in,30,0,1,Fri,14.1,1,0
APT-102880,Warranty Repair,Dealer Walk-in,5,1,0,Wed,13.6,0,0
APT-102639,Warranty Repair,Online Portal,10,0,1,Mon,19.3,1,0
APT-101836,Software Update,Phone,10,0,0,Fri,38.6,0,0
APT-101975,Repair — Customer Reported,Phone,0,0,0,Mon,7.8,0,0
APT-100049,Tire Service,Mobile App,21,0,1,Thu,20.8,0,1
APT-104201,Scheduled Maintenance,Dealer Walk-in,30,0,1,Tue,5.8,0,0
APT-103441,Repair — Customer Reported,Online Portal,7,0,1,Tue,13.5,0,0
APT-102178,Warranty Repair,Mobile App,7,2,1,Fri,17.4,0,0
APT-104370,Recall Service,Mobile App,30,3,0,Sat,39.3,0,1
APT-100897,Recall Service,Mobile App,10,0,0,Tue,44.6,0,0
APT-100350,Recall Service,Dealer Walk-in,1,0,1,Tue,38.6,0,0
APT-100835,Software Update,Dealer Walk-in,1,0,0,Tue,2.4,0,0
APT-104800,Warranty Repair,Online Portal,21,0,1,Fri,24.4,0,0
APT-104227,Software Update,Dealer Walk-in,2,0,1,Wed,25.8,1,0
APT-102282,Warranty Repair,Online Portal,1,0,0,Wed,36.7,0,0
APT-100132,Scheduled Maintenance,Online Portal,21,1,0,Wed,16.4,0,1
APT-104136,Scheduled Maintenance,Mobile App,10,3,1,Mon,18.0,1,1
APT-100212,Warranty Repair,Mobile App,10,0,0,Sat,39.5,1,1
APT-100538,Scheduled Maintenance,Mobile App,7,0,0,Sat,35.8,0,0
APT-104970,Tire Service,Online Portal,2,3,0,Wed,21.3,0,0
APT-102314,Software Update,Online Portal,10,0,1,Thu,1.1,0,0
APT-101892,Software Update,Phone,3,2,1,Thu,22.9,0,0
APT-104488,Warranty Repair,Dealer Walk-in,1,3,1,Sat,11.3,1,1
APT-104297,Warranty Repair,Phone,30,2,1,Tue,29.4,0,1
APT-100128,Warranty Repair,Mobile App,2,0,1,Tue,23.0,0,0
APT-105614,Recall Service,Dealer Walk-in,3,0,1,Tue,12.8,0,0
APT-100986,Scheduled Maintenance,Phone,3,2,0,Sat,8.1,0,0
APT-100398,Tire Service,Phone,21,0,1,Sat,13.7,0,1
APT-104898,Warranty Repair,Dealer Walk-in,5,3,1,Thu,2.7,1,0
APT-103305,Tire Service,Phone,21,0,1,Tue,12.1,0,0
APT-102416,Scheduled Maintenance,Phone,3,1,1,Sat,12.7,0,0
APT-104010,Warranty Repair,Phone,10,0,0,Mon,16.8,1,0
APT-102800,Software Update,Phone,14,0,1,Fri,28.7,0,0
APT-105671,Software Update,Phone,0,0,0,Sat,18.6,0,0
APT-104514,Recall Service,Online Portal,21,0,1,Wed,25.1,0,1
APT-103157,Tire Service,Online Portal,1,0,1,Sat,44.0,0,0
APT-102296,Warranty Repair,Online Portal,0,0,1,Wed,3.2,0,0
APT-102699,Warranty Repair,Mobile App,0,0,1,Thu,29.9,0,0
APT-105653,Recall Service,Dealer Walk-in,14,3,1,Tue,34.8,0,0
APT-104083,Tire Service,Online Portal,3,3,0,Fri,3.0,0,0
APT-102933,Repair — Customer Reported,Phone,3,1,1,Fri,2.8,0,1
APT-102141,Software Update,Dealer Walk-in,5,0,1,Wed,29.8,0,0
APT-105057,Warranty Repair,Mobile App,30,0,1,Fri,22.4,0,0
APT-104825,Software Update,Online Portal,21,1,1,Wed,42.3,1,1
APT-103102,Repair — Customer Reported,Phone,7,0,1,Fri,5.8,0,0
APT-100725,Recall Service,Dealer Walk-in,30,3,1,Fri,44.9,1,1
APT-100668,Scheduled Maintenance,Phone,30,3,1,Wed,2.3,1,1
APT-100843,Repair — Customer Reported,Online Portal,3,3,1,Fri,6.3,0,0
APT-101388,Software Update,Online Portal,7,1,1,Fri,1.5,0,0
APT-101824,Scheduled Maintenance,Online Portal,21,0,1,Wed,17.9,1,0
APT-100536,Software Update,Online Portal,2,2,0,Sat,25.0,0,1
APT-101651,Software Update,Online Portal,0,2,1,Tue,1.0,0,0
APT-102791,Warranty Repair,Mobile App,10,1,1,Fri,42.8,0,1
APT-105021,Recall Service,Mobile App,0,1,1,Fri,19.8,0,0
APT-103733,Repair — Customer Reported,Mobile App,30,0,1,Thu,13.7,0,0
APT-105131,Scheduled Maintenance,Online Portal,0,3,0,Tue,32.9,1,0
APT-101407,Repair — Customer Reported,Phone,3,0,0,Thu,20.1,0,0
APT-100748,Tire Service,Dealer Walk-in,30,2,0,Thu,6.8,0,0
APT-100970,Repair — Customer Reported,Dealer Walk-in,14,0,0,Thu,27.5,0,0
APT-104570,Warranty Repair,Phone,10,0,0,Mon,39.4,0,0
APT-104796,Warranty Repair,Mobile App,10,1,0,Fri,19.0,1,0
APT-103418,Scheduled Maintenance,Dealer Walk-in,7,0,0,Thu,29.0,0,0
APT-104722,Scheduled Maintenance,Dealer Walk-in,10,0,1,Tue,44.6,0,1
APT-104263,Scheduled Maintenance,Phone,14,1,0,Tue,19.1,0,0
APT-103028,Scheduled Maintenance,Online Portal,7,0,0,Sat,27.8,0,0
APT-103600,Tire Service,Dealer Walk-in,7,3,0,Sat,12.4,0,0
APT-104431,Tire Service,Dealer Walk-in,10,3,1,Mon,31.2,0,1
APT-101164,Repair — Customer Reported,Mobile App,14,1,0,Sat,4.6,1,1
APT-105164,Recall Service,Mobile App,5,0,1,Thu,30.5,0,0
APT-101800,Tire Service,Mobile App,0,0,0,Fri,1.7,0,0
APT-103544,Software Update,Phone,1,2,1,Mon,21.0,1,0
APT-104452,Recall Service,Dealer Walk-in,0,0,1,Tue,15.9,0,0
APT-105769,Repair — Customer Reported,Dealer Walk-in,5,1,0,Fri,25.8,1,0
APT-103904,Warranty Repair,Dealer Walk-in,21,3,1,Sat,5.3,1,1
APT-104788,Software Update,Mobile App,0,1,1,Sat,14.3,0,0
APT-104388,Warranty Repair,Mobile App,3,0,1,Wed,19.1,1,0
APT-105438,Recall Service,Dealer Walk-in,5,3,1,Wed,20.4,0,0
APT-102875,Recall Service,Dealer Walk-in,1,0,1,Tue,9.2,0,0
APT-101301,Tire Service,Phone,10,2,0,Fri,9.6,0,1
APT-104346,Software Update,Mobile App,21,0,0,Thu,31.5,0,1
APT-102429,Warranty Repair,Mobile App,14,0,0,Thu,19.2,0,0
APT-104875,Tire Service,Mobile App,7,3,1,Sat,19.1,1,0
APT-101405,Software Update,Phone,10,0,1,Sat,40.8,1,1
APT-104055,Scheduled Maintenance,Dealer Walk-in,10,1,1,Mon,37.4,1,0
APT-104334,Repair — Customer Reported,Mobile App,2,1,0,Sat,14.1,0,0
APT-101604,Scheduled Maintenance,Phone,2,2,1,Fri,35.7,0,0
APT-104409,Recall Service,Mobile App,14,1,1,Fri,15.4,0,0
APT-100277,Warranty Repair,Dealer Walk-in,7,2,1,Fri,6.7,0,0
APT-105676,Tire Service,Online Portal,14,0,1,Mon,37.6,0,0
APT-100134,Tire Service,Mobile App,30,1,0,Wed,39.0,0,1
APT-105955,Repair — Customer Reported,Mobile App,10,0,1,Wed,40.1,0,0
APT-100489,Scheduled Maintenance,Dealer Walk-in,2,1,0,Tue,22.5,0,0
APT-100560,Tire Service,Online Portal,7,0,1,Fri,34.7,0,0
APT-105427,Scheduled Maintenance,Mobile App,14,2,1,Tue,20.9,0,1
APT-100479,Recall Service,Dealer Walk-in,5,1,1,Wed,19.2,0,0
APT-101699,Tire Service,Dealer Walk-in,2,1,1,Fri,41.1,0,0
APT-100228,Repair — Customer Reported,Dealer Walk-in,14,3,1,Thu,21.3,0,1
APT-104012,Recall Service,Mobile App,3,1,1,Tue,22.2,0,0
APT-104668,Tire Service,Online Portal,10,3,1,Tue,14.6,0,0
APT-101621,Scheduled Maintenance,Online Portal,30,3,1,Mon,28.8,1,1
APT-105229,Repair — Customer Reported,Dealer Walk-in,3,1,1,Thu,18.5,1,0
APT-104129,Recall Service,Phone,14,2,1,Fri,38.3,0,0
APT-104909,Software Update,Dealer Walk-in,7,1,1,Sat,36.5,0,0
APT-104879,Warranty Repair,Phone,2,2,1,Thu,12.6,0,0
APT-101125,Repair — Customer Reported,Online Portal,7,1,1,Thu,35.6,0,0
APT-101039,Scheduled Maintenance,Online Portal,0,3,1,Wed,31.3,0,0
APT-102533,Scheduled Maintenance,Online Portal,14,3,1,Thu,32.3,0,0
APT-103643,Repair — Customer Reported,Online Portal,30,0,1,Wed,33.2,0,0
APT-103350,Scheduled Maintenance,Mobile App,21,0,1,Tue,9.7,0,0
APT-102537,Warranty Repair,Online Portal,21,0,1,Tue,17.7,0,0
APT-102080,Warranty Repair,Online Portal,7,1,1,Sat,11.8,0,0
APT-100147,Repair — Customer Reported,Mobile App,21,1,0,Tue,36.3,1,0
APT-105709,Software Update,Dealer Walk-in,21,0,1,Mon,43.2,0,0
APT-101276,Warranty Repair,Dealer Walk-in,0,1,1,Mon,10.9,0,0
APT-101818,Software Update,Phone,14,0,0,Sat,7.1,0,1
APT-104391,Recall Service,Mobile App,7,1,0,Sat,18.2,0,0
APT-100720,Repair — Customer Reported,Mobile App,2,0,0,Thu,7.2,1,0
APT-102810,Tire Service,Online Portal,30,1,1,Wed,17.3,1,1
APT-105142,Recall Service,Online Portal,21,0,1,Sat,35.6,0,0
APT-102394,Software Update,Mobile App,30,2,1,Thu,37.9,0,1
APT-102010,Recall Service,Online Portal,5,1,1,Tue,27.9,0,1
APT-100991,Warranty Repair,Phone,1,3,1,Wed,38.8,0,0
APT-104285,Warranty Repair,Online Portal,7,1,0,Mon,12.6,1,0
APT-101085,Software Update,Phone,1,3,1,Thu,34.3,0,0
APT-100506,Repair — Customer Reported,Online Portal,30,0,0,Sat,4.4,0,1
APT-101988,Warranty Repair,Phone,3,0,0,Mon,36.0,1,0
APT-101985,Tire Service,Phone,5,0,1,Fri,11.0,0,0
APT-101326,Repair — Customer Reported,Online Portal,7,3,1,Mon,11.8,1,1
APT-104255,Tire Service,Mobile App,0,2,1,Thu,27.4,1,0
APT-104395,Repair — Customer Reported,Mobile App,5,3,1,Mon,29.2,0,1
APT-104485,Recall Service,Dealer Walk-in,3,0,0,Sat,15.0,0,0
APT-105616,Warranty Repair,Dealer Walk-in,5,0,0,Mon,33.7,0,0
APT-103134,Repair — Customer Reported,Mobile App,21,1,0,Sat,10.8,0,0
APT-101413,Recall Service,Mobile App,30,0,1,Fri,39.8,0,1
APT-105702,Software Update,Phone,21,3,1,Sat,25.8,1,1
APT-105369,Repair — Customer Reported,Phone,1,0,0,Fri,20.1,0,0
APT-105275,Repair — Customer Reported,Online Portal,5,0,0,Thu,29.6,0,0
APT-101755,Tire Service,Online Portal,30,2,0,Sat,31.6,0,1
APT-103616,Scheduled Maintenance,Online Portal,5,1,1,Sat,22.5,0,1
APT-102342,Scheduled Maintenance,Mobile App,14,2,1,Mon,16.3,0,1
APT-103675,Tire Service,Phone,2,1,1,Mon,32.5,0,0
APT-102998,Warranty Repair,Phone,10,2,0,Wed,32.9,1,0
APT-102303,Warranty Repair,Mobile App,10,0,1,Fri,15.7,0,0
APT-104342,Tire Service,Mobile App,7,0,1,Fri,22.7,0,0
APT-104061,Repair — Customer Reported,Mobile App,14,3,1,Mon,13.9,1,0
APT-104782,Recall Service,Mobile App,0,1,1,Thu,25.0,0,0
APT-103389,Warranty Repair,Phone,5,1,0,Tue,22.2,0,0
APT-103664,Scheduled Maintenance,Online Portal,10,0,0,Wed,23.6,0,0
APT-105789,Scheduled Maintenance,Online Portal,0,0,0,Fri,11.4,0,0
APT-102313,Scheduled Maintenance,Online Portal,7,3,1,Wed,32.6,0,1
APT-102256,Software Update,Mobile App,21,0,1,Tue,17.0,0,0
APT-103879,Warranty Repair,Mobile App,0,1,0,Tue,39.1,0,0
APT-101022,Tire Service,Online Portal,1,3,0,Thu,44.8,0,0
APT-101864,Software Update,Phone,7,3,0,Sat,26.9,0,1
APT-100628,Recall Service,Online Portal,10,3,1,Thu,33.3,0,1
APT-100426,Warranty Repair,Dealer Walk-in,0,0,1,Mon,12.6,0,0
APT-100758,Warranty Repair,Dealer Walk-in,0,0,0,Sat,36.5,0,0
APT-104884,Software Update,Dealer Walk-in,2,1,1,Sat,15.0,1,1
APT-101676,Tire Service,Dealer Walk-in,30,1,1,Sat,4.7,0,1
APT-102813,Repair — Customer Reported,Online Portal,14,0,1,Sat,28.0,0,0
APT-100884,Tire Service,Online Portal,7,0,0,Thu,44.4,0,0
APT-100992,Recall Service,Mobile App,7,1,1,Wed,17.4,0,0
APT-100571,Warranty Repair,Dealer Walk-in,21,1,1,Sat,4.4,0,0
APT-100807,Warranty Repair,Dealer Walk-in,30,0,1,Fri,32.4,0,0
APT-103424,Software Update,Phone,2,2,0,Sat,32.5,0,1
APT-105850,Repair — Customer Reported,Dealer Walk-in,30,1,1,Tue,34.9,1,0
APT-104281,Warranty Repair,Phone,21,0,1,Fri,41.2,0,1
APT-104841,Warranty Repair,Phone,7,1,1,Mon,40.6,0,0
APT-105728,Scheduled Maintenance,Dealer Walk-in,10,1,0,Tue,27.0,0,0
APT-100896,Scheduled Maintenance,Dealer Walk-in,2,2,1,Sat,42.1,0,0
APT-105027,Tire Service,Dealer Walk-in,21,0,1,Thu,20.2,0,1
APT-103804,Warranty Repair,Dealer Walk-in,10,1,1,Fri,23.9,0,0
APT-102291,Tire Service,Phone,0,0,1,Thu,42.7,0,0
APT-101352,Scheduled Maintenance,Online Portal,0,3,1,Wed,43.4,1,0
APT-105839,Repair — Customer Reported,Phone,14,0,1,Tue,44.0,1,0
APT-101345,Recall Service,Phone,1,0,1,Fri,41.5,0,0
APT-100183,Tire Service,Phone,7,1,1,Fri,20.8,0,0
APT-105748,Warranty Repair,Phone,10,3,1,Thu,1.9,0,1
APT-103658,Warranty Repair,Online Portal,5,2,1,Sat,4.9,0,1
APT-102990,Warranty Repair,Dealer Walk-in,10,0,1,Sat,27.2,1,0
APT-103924,Repair — Customer Reported,Phone,14,3,0,Wed,44.8,0,0
APT-101772,Tire Service,Phone,7,1,1,Thu,26.6,0,0
APT-104622,Software Update,Online Portal,7,1,1,Sat,16.2,0,0
APT-102653,Tire Service,Phone,10,1,1,Wed,20.5,0,0
APT-104359,Recall Service,Phone,10,0,1,Thu,27.7,1,1
APT-103274,Software Update,Phone,0,1,0,Thu,27.0,0,0
APT-104098,Recall Service,Phone,1,1,0,Sat,42.4,0,1
APT-104272,Warranty Repair,Phone,7,1,1,Tue,19.6,0,0
APT-103864,Repair — Customer Reported,Online Portal,2,3,0,Tue,23.5,0,0
APT-103958,Recall Service,Online Portal,2,3,0,Thu,43.4,0,1
APT-100545,Tire Service,Phone,14,1,1,Mon,5.1,0,0
APT-103798,Repair — Customer Reported,Mobile App,30,0,1,Thu,26.1,0,0
APT-102642,Recall Service,Online Portal,30,1,1,Fri,11.3,0,1
APT-104684,Warranty Repair,Phone,21,0,1,Sat,5.0,0,0
APT-104947,Recall Service,Mobile App,30,2,1,Tue,34.1,1,0
APT-102493,Recall Service,Online Portal,0,0,1,Sat,31.8,0,0
APT-104895,Repair — Customer Reported,Phone,2,0,1,Thu,36.8,0,0
APT-102280,Tire Service,Online Portal,14,0,0,Tue,44.7,0,0
APT-103079,Warranty Repair,Mobile App,5,0,1,Fri,12.5,0,0
APT-102916,Software Update,Dealer Walk-in,5,0,1,Tue,38.0,0,0
APT-105476,Software Update,Online Portal,14,0,0,Tue,7.7,0,0
APT-102669,Tire Service,Mobile App,2,2,1,Wed,18.6,1,0
APT-100674,Recall Service,Mobile App,5,3,1,Mon,40.4,0,1
APT-103426,Repair — Customer Reported,Phone,2,1,1,Wed,21.2,0,0
APT-104657,Warranty Repair,Phone,21,2,1,Thu,4.6,0,0
APT-101662,Scheduled Maintenance,Phone,3,0,0,Fri,14.1,0,0
APT-102852,Scheduled Maintenance,Online Portal,7,1,1,Thu,44.7,1,0
APT-103011,Tire Service,Phone,30,2,0,Fri,14.9,0,1
APT-100955,Repair — Customer Reported,Dealer Walk-in,0,1,1,Wed,10.6,0,0
APT-104077,Scheduled Maintenance,Phone,7,0,1,Thu,18.7,0,0
APT-102048,Tire Service,Online Portal,0,1,1,Sat,9.1,1,0
APT-104601,Scheduled Maintenance,Online Portal,14,0,1,Fri,30.1,0,0
APT-102837,Software Update,Phone,3,2,1,Wed,28.6,1,0
APT-103063,Recall Service,Phone,2,3,1,Tue,29.9,0,1
APT-100339,Recall Service,Phone,3,2,1,Thu,4.4,0,0
APT-104563,Scheduled Maintenance,Dealer Walk-in,14,0,0,Sat,36.3,0,0
APT-100953,Scheduled Maintenance,Phone,5,3,1,Mon,29.3,0,0
APT-105126,Scheduled Maintenance,Dealer Walk-in,10,2,1,Fri,21.5,0,1
APT-104333,Software Update,Dealer Walk-in,5,0,1,Sat,11.9,1,0
APT-102753,Scheduled Maintenance,Phone,7,1,1,Mon,41.9,0,0
APT-103890,Repair — Customer Reported,Online Portal,14,1,0,Tue,13.3,0,0
APT-105173,Software Update,Phone,7,0,1,Thu,30.4,1,0
APT-105040,Tire Service,Mobile App,3,0,0,Fri,24.9,0,1
APT-101597,Recall Service,Phone,0,1,1,Mon,11.6,0,0
APT-105347,Warranty Repair,Phone,5,0,0,Thu,35.3,0,0
APT-102556,Scheduled Maintenance,Dealer Walk-in,21,3,1,Wed,35.0,0,0
APT-102442,Warranty Repair,Mobile App,1,1,1,Fri,36.4,0,0
APT-100259,Recall Service,Mobile App,2,0,0,Thu,2.3,0,0
APT-102253,Scheduled Maintenance,Mobile App,7,3,1,Thu,38.4,1,0
APT-104496,Warranty Repair,Online Portal,0,1,1,Fri,12.8,0,0
APT-101370,Repair — Customer Reported,Phone,2,0,0,Thu,45.0,0,1
APT-100670,Scheduled Maintenance,Phone,3,3,1,Fri,1.2,0,0
APT-105985,Scheduled Maintenance,Dealer Walk-in,3,1,1,Thu,43.0,0,0
APT-102084,Software Update,Mobile App,1,0,1,Sat,21.3,0,0
APT-103534,Recall Service,Mobile App,14,1,1,Tue,27.7,1,1
APT-103674,Tire Service,Phone,1,0,0,Wed,29.1,1,0
APT-103606,Repair — Customer Reported,Dealer Walk-in,30,1,1,Wed,44.2,0,1
APT-100940,Scheduled Maintenance,Phone,10,0,0,Tue,19.8,0,1
APT-104608,Tire Service,Mobile App,5,2,1,Thu,10.3,1,0
APT-103270,Software Update,Dealer Walk-in,0,0,0,Mon,27.4,1,0
APT-102614,Software Update,Dealer Walk-in,0,0,1,Wed,12.9,0,0
APT-102149,Scheduled Maintenance,Dealer Walk-in,10,3,0,Fri,7.7,1,0
APT-104324,Warranty Repair,Dealer Walk-in,2,0,1,Wed,7.6,0,0
APT-103787,Warranty Repair,Mobile App,0,1,1,Tue,19.6,1,0
APT-104621,Software Update,Phone,2,0,0,Thu,41.1,1,0
APT-101914,Recall Service,Phone,7,2,1,Mon,12.7,0,1
APT-100815,Repair — Customer Reported,Mobile App,3,1,0,Wed,2.9,1,0
APT-105423,Scheduled Maintenance,Phone,2,1,1,Mon,35.1,0,0
APT-102437,Tire Service,Dealer Walk-in,0,3,0,Wed,16.1,0,0
APT-104773,Scheduled Maintenance,Dealer Walk-in,7,3,0,Wed,36.2,0,0
APT-103275,Warranty Repair,Online Portal,2,0,1,Mon,37.6,1,0
APT-104857,Scheduled Maintenance,Mobile App,5,0,1,Sat,38.2,1,0
APT-105316,Tire Service,Mobile App,1,1,1,Wed,20.3,0,1
APT-103632,Recall Service,Phone,1,0,1,Mon,24.9,1,0
APT-101371,Repair — Customer Reported,Phone,0,0,0,Fri,38.5,0,0
APT-102421,Recall Service,Phone,2,0,1,Sat,17.4,0,0
APT-101402,Repair — Customer Reported,Mobile App,7,1,1,Thu,14.2,0,0
APT-103084,Software Update,Mobile App,10,0,1,Fri,37.9,0,0
APT-104577,Repair — Customer Reported,Phone,0,0,1,Wed,17.7,0,0
APT-105741,Scheduled Maintenance,Phone,10,1,1,Wed,37.3,0,0
APT-104268,Software Update,Mobile App,7,2,1,Sat,24.6,1,0
APT-105244,Repair — Customer Reported,Phone,0,1,1,Fri,25.0,0,0
APT-105582,Recall Service,Dealer Walk-in,3,0,0,Sat,38.8,0,0
APT-100153,Scheduled Maintenance,Mobile App,30,1,1,Fri,11.6,1,0
APT-105292,Repair — Customer Reported,Online Portal,7,1,0,Wed,29.3,0,0
APT-100669,Tire Service,Dealer Walk-in,7,0,1,Sat,28.0,0,0
APT-100032,Recall Service,Dealer Walk-in,2,1,1,Thu,25.7,1,0
APT-105268,Software Update,Dealer Walk-in,21,2,0,Mon,26.5,0,1
APT-104049,Warranty Repair,Phone,7,0,1,Wed,28.3,0,0
APT-103065,Recall Service,Mobile App,3,1,1,Thu,22.9,0,0
APT-105327,Scheduled Maintenance,Online Portal,14,3,0,Sat,42.2,0,1
APT-104503,Recall Service,Mobile App,21,2,1,Tue,41.7,0,0
APT-100952,Tire Service,Dealer Walk-in,5,2,1,Wed,25.3,1,0
APT-100485,Warranty Repair,Mobile App,5,3,1,Sat,2.9,0,1
APT-104032,Tire Service,Online Portal,5,0,1,Thu,11.4,0,0
APT-101200,Tire Service,Phone,30,2,1,Wed,35.7,1,0
APT-100239,Repair — Customer Reported,Online Portal,1,0,0,Wed,27.6,0,0
APT-103000,Warranty Repair,Online Portal,3,2,1,Thu,12.5,1,0
APT-104998,Tire Service,Online Portal,7,3,1,Tue,22.2,1,1
APT-102713,Tire Service,Mobile App,7,2,1,Tue,33.0,1,0
APT-104199,Repair — Customer Reported,Mobile App,10,0,0,Fri,2.7,0,1
APT-101617,Scheduled Maintenance,Phone,1,0,1,Fri,23.8,0,0
APT-100256,Scheduled Maintenance,Dealer Walk-in,10,3,1,Sat,7.2,0,1
APT-105337,Recall Service,Mobile App,0,0,1,Sat,26.3,1,0
APT-102338,Warranty Repair,Phone,2,1,0,Tue,6.4,0,0
APT-100846,Warranty Repair,Mobile App,14,0,1,Tue,32.4,0,0
APT-100974,Scheduled Maintenance,Phone,1,3,0,Thu,33.3,0,1
APT-105590,Software Update,Online Portal,7,1,1,Mon,31.4,0,0
APT-100566,Warranty Repair,Phone,1,2,0,Thu,5.3,0,0
APT-101246,Warranty Repair,Mobile App,30,3,0,Sat,7.9,0,1
APT-102676,Tire Service,Phone,0,0,1,Thu,31.0,0,0
APT-105880,Tire Service,Mobile App,0,2,0,Thu,23.3,0,0
APT-101948,Warranty Repair,Mobile App,0,0,1,Fri,43.4,0,0
APT-105801,Software Update,Phone,0,0,1,Mon,25.8,1,0
APT-103678,Scheduled Maintenance,Mobile App,21,0,1,Thu,44.1,0,0
APT-104531,Software Update,Online Portal,7,0,1,Thu,18.9,0,0
APT-100622,Recall Service,Mobile App,30,1,1,Sat,30.8,0,1
APT-103465,Recall Service,Mobile App,14,0,1,Thu,43.3,0,1
APT-101486,Repair — Customer Reported,Mobile App,3,0,1,Fri,34.1,0,0
APT-101080,Repair — Customer Reported,Phone,14,3,1,Mon,44.2,0,1
APT-101905,Warranty Repair,Online Portal,30,3,1,Tue,32.9,0,1
APT-105882,Warranty Repair,Mobile App,30,0,1,Wed,34.6,0,0
APT-101243,Recall Service,Dealer Walk-in,0,0,1,Wed,32.4,0,0
APT-104996,Tire Service,Phone,2,0,1,Wed,4.9,0,1
APT-105376,Warranty Repair,Dealer Walk-in,2,0,0,Thu,23.1,1,0
APT-105622,Tire Service,Dealer Walk-in,2,0,1,Wed,22.6,1,0
APT-101341,Software Update,Dealer Walk-in,1,0,0,Fri,1.6,0,0
APT-105597,Tire Service,Online Portal,2,0,0,Wed,44.1,0,0
APT-101938,Recall Service,Online Portal,1,1,1,Sat,35.9,0,1
APT-102687,Scheduled Maintenance,Mobile App,14,0,0,Sat,8.6,0,0
APT-105665,Warranty Repair,Online Portal,10,3,1,Fri,3.9,0,0
APT-105599,Warranty Repair,Phone,3,1,0,Tue,30.0,0,1
APT-101030,Repair — Customer Reported,Dealer Walk-in,2,2,1,Wed,31.3,0,0
APT-100383,Warranty Repair,Phone,1,2,1,Wed,43.7,1,0
APT-103883,Tire Service,Phone,7,0,1,Mon,21.3,0,1
APT-101307,Recall Service,Mobile App,2,1,1,Tue,11.9,0,0
APT-103982,Repair — Customer Reported,Dealer Walk-in,10,3,1,Thu,9.3,0,0
APT-105194,Repair — Customer Reported,Dealer Walk-in,3,0,0,Wed,22.8,0,0
APT-102001,Software Update,Mobile App,3,0,1,Sat,36.7,0,0
APT-101282,Recall Service,Online Portal,2,2,1,Thu,33.6,0,0
APT-103758,Software Update,Dealer Walk-in,7,0,1,Wed,25.6,0,0
APT-103591,Software Update,Online Portal,21,0,1,Mon,1.0,1,1
APT-105211,Software Update,Mobile App,7,0,0,Thu,15.2,0,0
APT-103647,Scheduled Maintenance,Dealer Walk-in,2,0,0,Fri,14.1,0,0
APT-103955,Scheduled Maintenance,Dealer Walk-in,0,0,1,Mon,16.0,1,0
APT-101188,Scheduled Maintenance,Dealer Walk-in,5,1,1,Thu,26.0,0,0
APT-105159,Recall Service,Online Portal,7,0,0,Fri,25.5,1,0
APT-102507,Repair — Customer Reported,Dealer Walk-in,14,1,0,Wed,33.2,0,1
APT-103398,Scheduled Maintenance,Online Portal,21,0,0,Wed,9.8,0,1
APT-105281,Scheduled Maintenance,Dealer Walk-in,10,1,0,Mon,37.9,0,0
APT-104325,Recall Service,Phone,30,1,0,Tue,7.0,0,1
APT-100417,Tire Service,Mobile App,21,0,0,Wed,5.3,0,1
APT-104051,Repair — Customer Reported,Dealer Walk-in,21,0,0,Fri,21.3,1,0
APT-105952,Recall Service,Phone,21,0,0,Thu,26.5,0,0
APT-105148,Software Update,Phone,2,1,0,Tue,7.4,0,0
APT-101643,Recall Service,Dealer Walk-in,2,2,1,Fri,25.6,0,0
APT-104208,Recall Service,Mobile App,7,3,1,Wed,41.3,0,0
APT-101309,Scheduled Maintenance,Online Portal,21,0,1,Sat,27.3,0,0
APT-104901,Recall Service,Dealer Walk-in,7,2,1,Wed,32.3,0,0
APT-103822,Warranty Repair,Dealer Walk-in,7,0,0,Mon,32.1,0,0
APT-103971,Warranty Repair,Dealer Walk-in,3,3,1,Tue,28.0,0,1
APT-104783,Tire Service,Online Portal,0,0,1,Tue,36.3,1,0
APT-100483,Warranty Repair,Online Portal,21,0,1,Wed,37.0,0,0
APT-100178,Repair — Customer Reported,Dealer Walk-in,7,3,1,Wed,23.7,1,1
APT-100651,Repair — Customer Reported,Mobile App,2,1,1,Thu,17.4,0,0
APT-105705,Software Update,Mobile App,2,0,0,Sat,34.2,0,0
APT-101287,Software Update,Dealer Walk-in,7,1,0,Thu,8.6,0,0
APT-101078,Tire Service,Mobile App,7,1,1,Sat,36.2,0,1
APT-101075,Scheduled Maintenance,Phone,3,0,1,Fri,20.5,1,0
APT-101496,Tire Service,Phone,0,3,1,Tue,5.0,0,0
APT-104174,Tire Service,Phone,14,0,1,Tue,4.3,0,0
APT-101062,Warranty Repair,Phone,21,3,1,Sat,8.2,0,1
APT-103446,Repair — Customer Reported,Mobile App,21,0,1,Thu,17.5,0,0
APT-102991,Software Update,Dealer Walk-in,7,0,0,Tue,27.4,0,0
APT-104928,Repair — Customer Reported,Online Portal,5,0,1,Mon,18.5,0,0
APT-104172,Recall Service,Online Portal,3,0,0,Wed,25.7,0,0
APT-103699,Scheduled Maintenance,Mobile App,0,0,0,Sat,10.4,0,0
APT-103045,Software Update,Mobile App,21,1,1,Wed,35.1,0,0
APT-102074,Recall Service,Phone,10,0,0,Mon,26.3,0,0
APT-105001,Scheduled Maintenance,Online Portal,3,1,1,Mon,25.6,0,1
APT-100080,Warranty Repair,Mobile App,1,0,1,Wed,30.5,0,0
APT-103099,Scheduled Maintenance,Mobile App,5,1,1,Wed,23.9,0,0
APT-104195,Software Update,Online Portal,5,2,1,Sat,24.7,0,0
APT-102186,Warranty Repair,Phone,2,0,1,Sat,10.1,0,0
APT-105259,Warranty Repair,Dealer Walk-in,30,0,0,Tue,41.9,1,0
APT-104000,Repair — Customer Reported,Mobile App,30,0,1,Thu,4.3,0,0
APT-100666,Recall Service,Phone,2,3,1,Mon,4.4,0,1
APT-101288,Software Update,Phone,7,3,1,Tue,2.3,1,0
APT-105118,Software Update,Dealer Walk-in,7,0,0,Fri,40.7,0,0
APT-102626,Tire Service,Dealer Walk-in,3,0,0,Thu,34.9,0,0
APT-103790,Scheduled Maintenance,Mobile App,30,1,0,Sat,4.9,0,1
APT-105310,Warranty Repair,Phone,7,1,1,Wed,34.1,1,1
APT-104946,Software Update,Dealer Walk-in,30,0,1,Thu,33.6,1,0
APT-100111,Tire Service,Phone,3,0,1,Fri,1.1,0,0
APT-101577,Tire Service,Phone,1,0,1,Wed,31.4,0,0
APT-100297,Scheduled Maintenance,Phone,0,0,1,Tue,8.9,0,0
APT-104842,Warranty Repair,Phone,10,2,1,Fri,31.2,0,0
APT-104091,Software Update,Phone,14,1,1,Tue,7.7,0,1
APT-104770,Tire Service,Mobile App,3,3,1,Fri,27.2,0,0
APT-105977,Repair — Customer Reported,Mobile App,0,3,0,Fri,9.9,0,1
APT-103610,Scheduled Maintenance,Phone,3,0,1,Wed,21.1,0,0
APT-104117,Warranty Repair,Dealer Walk-in,0,0,0,Sat,21.5,1,0
APT-102826,Recall Service,Mobile App,1,0,1,Fri,30.8,0,0
APT-100196,Software Update,Phone,3,0,1,Sat,21.8,0,0
APT-103575,Software Update,Dealer Walk-in,5,3,1,Fri,16.7,0,1
APT-101215,Software Update,Online Portal,30,0,0,Fri,33.5,0,1
APT-101235,Software Update,Phone,7,0,1,Mon,10.1,0,0
APT-101051,Recall Service,Phone,3,0,1,Fri,13.7,1,0
APT-100206,Software Update,Dealer Walk-in,10,1,0,Fri,36.3,0,0
APT-100279,Warranty Repair,Phone,2,3,1,Wed,5.1,0,0
APT-101003,Warranty Repair,Phone,14,2,1,Sat,18.9,0,1
APT-105108,Tire Service,Online Portal,10,0,1,Fri,38.0,0,1
APT-103729,Tire Service,Mobile App,2,3,1,Thu,2.4,0,0
APT-100041,Software Update,Phone,7,0,0,Wed,28.4,0,0
APT-104454,Scheduled Maintenance,Dealer Walk-in,21,0,1,Fri,14.1,0,0
APT-104192,Scheduled Maintenance,Mobile App,5,0,1,Wed,12.5,0,0
APT-105783,Recall Service,Phone,1,2,0,Tue,13.6,0,0
APT-100989,Scheduled Maintenance,Phone,5,1,0,Mon,23.0,0,0
APT-102864,Software Update,Mobile App,3,2,1,Thu,34.5,1,0
APT-101266,Software Update,Mobile App,14,0,0,Fri,17.5,1,0
APT-104302,Recall Service,Phone,3,1,1,Tue,5.6,0,0
APT-103653,Scheduled Maintenance,Dealer Walk-in,3,1,0,Fri,33.8,1,0
APT-105405,Scheduled Maintenance,Phone,0,0,1,Sat,7.1,0,0
APT-100282,Warranty Repair,Phone,14,0,1,Sat,36.5,1,0
APT-104014,Warranty Repair,Online Portal,2,1,0,Thu,27.8,0,0
APT-104439,Tire Service,Mobile App,5,0,1,Sat,43.0,0,0
APT-102708,Scheduled Maintenance,Phone,3,0,0,Thu,26.7,0,0
APT-101328,Warranty Repair,Mobile App,10,1,0,Tue,19.1,0,0
APT-102915,Tire Service,Online Portal,30,0,0,Mon,20.0,0,0
APT-101637,Tire Service,Phone,10,0,1,Wed,28.0,1,0
APT-101890,Repair — Customer Reported,Mobile App,5,1,0,Sat,38.9,0,0
APT-103545,Scheduled Maintenance,Dealer Walk-in,14,2,1,Mon,35.4,0,1
APT-101337,Warranty Repair,Phone,3,0,1,Tue,37.8,1,0
APT-102709,Recall Service,Dealer Walk-in,3,0,1,Fri,12.0,0,0
APT-102386,Tire Service,Online Portal,5,0,1,Tue,16.6,0,0
APT-102270,Repair — Customer Reported,Phone,5,0,0,Sat,35.1,0,1
APT-102501,Tire Service,Phone,7,3,1,Wed,2.4,0,0
APT-105286,Software Update,Mobile App,0,0,0,Wed,33.7,0,0
APT-104328,Tire Service,Mobile App,2,0,1,Wed,19.6,0,0
APT-102547,Recall Service,Dealer Walk-in,0,3,1,Fri,19.4,0,0
APT-105218,Repair — Customer Reported,Online Portal,30,1,1,Fri,9.1,0,0
APT-102943,Tire Service,Dealer Walk-in,14,3,1,Wed,16.6,1,0
APT-103267,Scheduled Maintenance,Phone,10,1,0,Mon,39.6,0,0
APT-101298,Tire Service,Dealer Walk-in,7,3,1,Wed,36.5,0,0
APT-104811,Tire Service,Dealer Walk-in,1,0,1,Thu,31.0,0,0
APT-102514,Scheduled Maintenance,Mobile App,7,0,1,Tue,19.4,0,0
APT-103325,Repair — Customer Reported,Phone,7,1,0,Fri,39.6,0,0
APT-103252,Repair — Customer Reported,Mobile App,3,1,0,Fri,20.4,0,0
APT-102237,Scheduled Maintenance,Online Portal,30,0,0,Sat,3.1,0,1
APT-104936,Repair — Customer Reported,Mobile App,3,0,1,Thu,22.3,1,0
APT-102613,Warranty Repair,Dealer Walk-in,1,1,1,Sat,6.0,0,1
APT-103607,Warranty Repair,Online Portal,5,0,1,Tue,18.1,1,0
APT-105857,Software Update,Phone,7,2,0,Sat,9.3,0,0
APT-102283,Repair — Customer Reported,Phone,10,1,1,Tue,43.1,0,1
APT-102077,Recall Service,Dealer Walk-in,3,1,1,Mon,40.9,0,0
APT-102849,Repair — Customer Reported,Dealer Walk-in,10,0,1,Wed,5.8,0,0
APT-105623,Tire Service,Phone,30,2,1,Tue,14.9,1,0
APT-105113,Repair — Customer Reported,Phone,10,0,1,Fri,20.7,0,0
APT-101972,Repair — Customer Reported,Phone,14,1,1,Sat,31.5,0,0
APT-102724,Repair — Customer Reported,Dealer Walk-in,0,1,0,Thu,38.7,0,0
APT-103571,Scheduled Maintenance,Dealer Walk-in,0,0,0,Wed,36.6,0,0
APT-102044,Tire Service,Mobile App,14,0,0,Tue,9.1,0,1
APT-100932,Scheduled Maintenance,Mobile App,0,0,0,Tue,21.7,0,0
APT-103695,Recall Service,Dealer Walk-in,3,2,1,Thu,6.0,0,0
APT-104193,Repair — Customer Reported,Dealer Walk-in,10,0,0,Mon,25.8,1,0
APT-105329,Tire Service,Mobile App,3,0,1,Thu,29.1,0,0
APT-102026,Recall Service,Mobile App,10,0,0,Thu,24.5,0,0
APT-103953,Software Update,Online Portal,2,3,1,Thu,34.2,0,1
APT-102970,Scheduled Maintenance,Mobile App,5,0,1,Thu,12.7,0,0
APT-103506,Recall Service,Dealer Walk-in,14,2,1,Wed,9.0,0,1
APT-105219,Recall Service,Phone,0,0,0,Thu,18.5,0,0
APT-100811,Tire Service,Online Portal,10,0,0,Sat,41.0,0,0
APT-101685,Recall Service,Phone,21,3,0,Mon,16.0,1,0
APT-102204,Tire Service,Online Portal,10,0,0,Wed,43.9,0,1
APT-102187,Warranty Repair,Mobile App,10,1,1,Tue,10.6,0,0
APT-103915,Warranty Repair,Phone,5,2,1,Wed,24.7,0,0
APT-105046,Repair — Customer Reported,Mobile App,14,3,0,Thu,37.4,0,0
APT-100906,Warranty Repair,Mobile App,5,1,1,Mon,32.4,0,0
APT-104337,Tire Service,Online Portal,0,1,1,Fri,30.9,0,0
APT-100130,Scheduled Maintenance,Mobile App,0,3,1,Fri,21.2,0,0
APT-103009,Software Update,Mobile App,10,1,1,Tue,15.3,0,1
APT-100360,Repair — Customer Reported,Dealer Walk-in,14,2,1,Sat,26.7,0,0
APT-102935,Tire Service,Phone,0,0,0,Thu,29.9,0,0
APT-101376,Software Update,Mobile App,21,0,0,Mon,31.5,0,1
APT-101275,Repair — Customer Reported,Online Portal,2,1,1,Fri,35.4,0,0
APT-100703,Warranty Repair,Phone,5,3,0,Wed,21.9,0,0
APT-100650,Scheduled Maintenance,Mobile App,1,3,1,Thu,15.0,0,0
APT-100331,Warranty Repair,Phone,30,3,1,Mon,15.6,0,1
APT-103909,Software Update,Mobile App,3,1,0,Thu,2.6,0,1
APT-102635,Recall Service,Mobile App,7,0,1,Wed,7.6,0,0
APT-103573,Tire Service,Phone,10,3,1,Mon,32.1,0,1
APT-105613,Repair — Customer Reported,Phone,5,0,1,Thu,26.8,0,0
APT-102184,Recall Service,Mobile App,0,0,1,Wed,34.9,0,0
APT-100113,Repair — Customer Reported,Online Portal,2,1,1,Sat,3.8,0,0
APT-103316,Tire Service,Phone,14,1,1,Thu,44.0,1,0
APT-105217,Tire Service,Mobile App,1,1,0,Fri,9.2,0,1
APT-101816,Repair — Customer Reported,Phone,30,0,1,Fri,23.5,0,1
APT-104907,Tire Service,Dealer Walk-in,7,1,1,Tue,31.4,0,1
APT-105116,Tire Service,Dealer Walk-in,0,2,0,Thu,24.0,0,0
APT-101044,Tire Service,Dealer Walk-in,5,1,0,Fri,5.6,1,0
APT-103543,Tire Service,Mobile App,14,0,0,Fri,24.7,0,1
APT-101262,Repair — Customer Reported,Mobile App,5,0,1,Thu,1.2,0,0
APT-103714,Tire Service,Mobile App,3,1,1,Wed,37.5,0,1
APT-103659,Software Update,Mobile App,7,1,1,Sat,13.1,0,0
APT-100983,Warranty Repair,Online Portal,0,0,0,Mon,44.1,0,0
APT-102373,Repair — Customer Reported,Mobile App,30,1,0,Wed,18.2,0,1
APT-105076,Scheduled Maintenance,Phone,30,0,0,Sat,27.8,0,1
APT-102344,Software Update,Dealer Walk-in,3,0,0,Sat,42.3,0,0
APT-101962,Software Update,Phone,2,0,1,Fri,19.5,0,0
APT-105978,Scheduled Maintenance,Mobile App,1,0,1,Wed,10.7,0,0
APT-105137,Recall Service,Dealer Walk-in,5,2,0,Fri,18.2,0,0
APT-102571,Recall Service,Dealer Walk-in,3,3,1,Fri,34.9,0,1
APT-101776,Recall Service,Online Portal,21,3,0,Tue,12.7,0,1
APT-100695,Repair — Customer Reported,Mobile App,10,0,0,Mon,28.9,0,0
APT-103876,Software Update,Online Portal,10,0,0,Thu,8.9,0,0
APT-101795,Recall Service,Phone,21,2,1,Tue,11.7,0,1
APT-105075,Repair — Customer Reported,Online Portal,21,1,0,Wed,11.5,1,1
APT-100140,Repair — Customer Reported,Dealer Walk-in,30,2,1,Fri,30.2,0,1
APT-102577,Tire Service,Mobile App,2,3,0,Sat,21.1,0,0
APT-105296,Repair — Customer Reported,Phone,2,0,1,Sat,26.6,1,0
APT-103552,Scheduled Maintenance,Mobile App,14,1,0,Fri,42.1,0,0
APT-101251,Recall Service,Phone,14,0,0,Wed,25.3,1,0
APT-103946,Repair — Customer Reported,Dealer Walk-in,1,0,1,Fri,39.4,0,1
APT-102236,Software Update,Online Portal,30,0,1,Tue,24.7,1,0
APT-102140,Scheduled Maintenance,Dealer Walk-in,21,1,1,Sat,19.9,0,0
APT-100342,Tire Service,Online Portal,1,1,1,Wed,39.2,0,0
APT-100640,Tire Service,Phone,14,0,1,Sat,1.9,1,0
APT-100336,Software Update,Online Portal,1,1,0,Thu,43.7,0,0
APT-101088,Tire Service,Phone,1,1,1,Sat,5.2,1,1
APT-104962,Repair — Customer Reported,Phone,2,0,0,Sat,14.3,0,0
APT-103589,Warranty Repair,Mobile App,3,0,1,Thu,44.5,0,0
APT-103341,Tire Service,Phone,2,2,1,Mon,6.2,0,0
APT-103249,Tire Service,Phone,14,1,1,Sat,42.3,1,0
APT-105111,Software Update,Dealer Walk-in,5,2,1,Mon,16.3,0,0
APT-103836,Tire Service,Dealer Walk-in,5,0,0,Sat,11.2,0,0
APT-101767,Repair — Customer Reported,Online Portal,10,0,1,Mon,37.5,1,0
APT-105151,Scheduled Maintenance,Dealer Walk-in,3,0,1,Fri,13.9,0,0
APT-103622,Recall Service,Online Portal,7,1,1,Thu,31.7,1,1
APT-102480,Warranty Repair,Mobile App,1,0,1,Mon,33.9,1,1
APT-100177,Software Update,Mobile App,5,0,0,Tue,20.3,0,0
APT-105519,Repair — Customer Reported,Dealer Walk-in,21,1,1,Tue,31.0,0,1
APT-104436,Software Update,Mobile App,14,2,1,Fri,35.4,0,0
APT-105489,Recall Service,Mobile App,30,0,0,Sat,19.9,0,1
APT-104284,Scheduled Maintenance,Mobile App,0,0,1,Sat,11.8,0,0
APT-103900,Warranty Repair,Mobile App,0,0,1,Thu,33.1,0,0
APT-103577,Warranty Repair,Online Portal,2,0,1,Mon,22.7,0,0
APT-100821,Tire Service,Mobile App,3,1,0,Sat,28.1,1,0
APT-103338,Warranty Repair,Mobile App,3,0,1,Mon,26.7,0,0
APT-101008,Software Update,Dealer Walk-in,30,3,0,Mon,44.8,0,1
APT-105626,Recall Service,Phone,2,0,1,Sat,21.6,0,0
APT-103683,Recall Service,Phone,5,1,0,Thu,19.3,1,0
APT-105271,Repair — Customer Reported,Phone,10,2,1,Thu,5.4,1,0
APT-102834,Software Update,Online Portal,0,3,0,Tue,36.4,0,1
APT-103231,Scheduled Maintenance,Dealer Walk-in,14,0,1,Fri,36.2,0,0
APT-102917,Scheduled Maintenance,Dealer Walk-in,2,1,1,Fri,22.7,1,1
APT-104537,Repair — Customer Reported,Online Portal,2,2,1,Fri,39.7,0,0
APT-104160,Warranty Repair,Phone,7,0,0,Tue,23.8,0,0
APT-104254,Scheduled Maintenance,Dealer Walk-in,7,0,0,Sat,11.7,1,0
APT-103332,Scheduled Maintenance,Dealer Walk-in,3,2,0,Mon,43.2,0,1
APT-101247,Warranty Repair,Phone,21,0,1,Thu,1.6,0,0
APT-105573,Software Update,Phone,14,0,0,Fri,11.5,0,1
APT-100264,Warranty Repair,Mobile App,2,0,1,Sat,42.0,1,0
APT-102543,Repair — Customer Reported,Phone,10,0,1,Thu,39.1,0,0
APT-100579,Recall Service,Online Portal,1,1,1,Thu,29.9,0,0
APT-100709,Scheduled Maintenance,Phone,14,2,1,Thu,9.8,0,1
APT-101520,Repair — Customer Reported,Dealer Walk-in,21,0,0,Thu,3.3,0,1
APT-104338,Warranty Repair,Online Portal,3,1,1,Sat,7.5,1,0
APT-103243,Repair — Customer Reported,Online Portal,3,1,1,Sat,13.6,0,0
APT-105414,Scheduled Maintenance,Dealer Walk-in,3,3,1,Mon,45.0,0,0
APT-102498,Software Update,Mobile App,10,1,1,Wed,44.5,0,1
APT-102817,Software Update,Dealer Walk-in,14,0,1,Wed,28.0,0,0
APT-101105,Tire Service,Phone,5,1,1,Wed,32.9,0,0
APT-104562,Scheduled Maintenance,Phone,3,0,0,Wed,6.9,0,0
APT-101042,Repair — Customer Reported,Online Portal,7,1,0,Sat,29.5,0,1
APT-103278,Repair — Customer Reported,Mobile App,21,1,1,Fri,44.8,0,0
APT-105771,Repair — Customer Reported,Phone,3,1,0,Mon,25.6,0,0
APT-101915,Software Update,Dealer Walk-in,21,1,1,Tue,42.4,0,1
APT-100923,Recall Service,Dealer Walk-in,1,3,1,Wed,38.2,0,1
APT-105453,Repair — Customer Reported,Online Portal,1,3,1,Wed,20.0,0,1
APT-103860,Recall Service,Mobile App,1,0,0,Sat,30.6,0,0
APT-105167,Recall Service,Dealer Walk-in,14,3,1,Fri,42.7,0,1
APT-103013,Scheduled Maintenance,Phone,21,0,0,Thu,43.1,0,1
APT-103862,Recall Service,Mobile App,0,0,1,Sat,44.7,0,0
APT-105950,Scheduled Maintenance,Online Portal,3,0,1,Wed,15.1,0,1
APT-100021,Repair — Customer Reported,Mobile App,3,2,1,Fri,5.3,0,1
APT-102812,Software Update,Phone,21,2,1,Fri,21.9,0,1
APT-100854,Tire Service,Mobile App,1,1,0,Fri,8.5,0,0
APT-100558,Warranty Repair,Phone,3,0,1,Fri,14.7,0,0
APT-101829,Repair — Customer Reported,Online Portal,1,0,1,Wed,14.2,1,0
APT-104815,Recall Service,Dealer Walk-in,14,2,1,Mon,40.0,0,1
APT-103662,Recall Service,Dealer Walk-in,2,0,1,Sat,23.3,0,0
APT-104721,Software Update,Mobile App,14,2,1,Sat,33.6,0,1
APT-105537,Repair — Customer Reported,Dealer Walk-in,0,0,1,Thu,22.7,0,0
APT-104358,Software Update,Online Portal,10,3,1,Tue,9.2,0,0
APT-102710,Recall Service,Online Portal,30,2,0,Wed,6.6,0,1
APT-102343,Repair — Customer Reported,Dealer Walk-in,1,0,1,Wed,20.5,0,0
APT-102248,Recall Service,Mobile App,2,0,1,Wed,31.3,1,0
APT-102206,Recall Service,Mobile App,5,1,1,Wed,2.0,0,0
APT-104354,Recall Service,Online Portal,3,1,1,Wed,11.5,0,0
APT-105429,Tire Service,Phone,5,0,0,Sat,3.0,0,0
APT-100136,Scheduled Maintenance,Online Portal,30,1,1,Fri,25.4,0,1
APT-100463,Tire Service,Phone,1,1,0,Fri,20.0,0,0
APT-101156,Scheduled Maintenance,Mobile App,0,0,0,Fri,41.4,1,0
APT-104735,Repair — Customer Reported,Online Portal,1,1,1,Wed,16.6,0,0
APT-102870,Warranty Repair,Phone,5,1,1,Sat,2.1,1,0
APT-104723,Software Update,Online Portal,3,1,0,Tue,32.8,1,1
APT-104683,Repair — Customer Reported,Phone,10,1,1,Wed,44.9,1,0
APT-101979,Software Update,Online Portal,10,2,1,Mon,20.3,0,0
APT-102054,Warranty Repair,Online Portal,7,1,0,Fri,21.2,0,0
APT-105237,Repair — Customer Reported,Phone,1,1,0,Thu,34.7,0,0
APT-104444,Scheduled Maintenance,Online Portal,1,0,0,Tue,34.3,1,0
APT-103595,Tire Service,Online Portal,10,2,0,Wed,42.3,0,0
APT-102803,Repair — Customer Reported,Mobile App,0,0,1,Thu,2.8,0,0
APT-104470,Software Update,Online Portal,3,0,1,Thu,9.2,1,0
APT-102717,Scheduled Maintenance,Phone,0,0,1,Fri,16.0,1,0
APT-104979,Scheduled Maintenance,Mobile App,7,0,1,Thu,37.9,0,0
APT-100498,Software Update,Online Portal,30,0,1,Mon,37.7,1,0
APT-100805,Repair — Customer Reported,Mobile App,1,0,1,Mon,14.0,0,0
APT-102088,Warranty Repair,Online Portal,10,0,1,Sat,38.9,0,1
APT-105898,Software Update,Mobile App,1,0,0,Wed,8.4,0,0
APT-102628,Software Update,Dealer Walk-in,7,2,1,Sat,2.4,1,0
APT-104491,Recall Service,Mobile App,3,0,0,Tue,21.3,0,0
APT-102101,Software Update,Phone,2,0,1,Fri,3.3,1,0
APT-101913,Repair — Customer Reported,Mobile App,10,0,1,Mon,38.6,0,0
APT-105409,Software Update,Mobile App,30,0,1,Thu,18.2,0,1
APT-105368,Warranty Repair,Phone,7,2,1,Wed,40.7,1,0
APT-105788,Warranty Repair,Phone,10,2,1,Fri,1.1,0,1
APT-104805,Recall Service,Mobile App,21,1,1,Thu,34.1,0,1
APT-105944,Warranty Repair,Online Portal,2,0,0,Wed,14.3,0,0
APT-104486,Repair — Customer Reported,Mobile App,30,0,1,Sat,19.0,1,1
APT-101986,Warranty Repair,Phone,7,1,0,Tue,7.8,0,0
APT-105773,Scheduled Maintenance,Phone,7,0,1,Tue,20.4,0,0
APT-103214,Scheduled Maintenance,Phone,14,0,0,Fri,38.1,1,1
APT-104224,Recall Service,Mobile App,10,0,1,Thu,36.7,0,1
APT-105563,Software Update,Phone,1,0,1,Sat,39.7,0,0
APT-103307,Recall Service,Mobile App,5,0,0,Fri,20.7,0,0
APT-103090,Repair — Customer Reported,Mobile App,1,1,1,Mon,5.0,0,1
APT-102055,Scheduled Maintenance,Dealer Walk-in,3,0,1,Tue,9.6,0,0
APT-100271,Recall Service,Phone,3,2,0,Fri,16.4,0,0
APT-101442,Scheduled Maintenance,Online Portal,30,2,1,Sat,22.5,0,1
APT-102059,Software Update,Phone,14,2,0,Mon,5.5,0,1
APT-103701,Scheduled Maintenance,Online Portal,10,0,1,Wed,8.3,0,1
APT-102550,Scheduled Maintenance,Dealer Walk-in,10,2,0,Mon,9.2,0,0
APT-103321,Recall Service,Online Portal,2,2,1,Tue,6.3,0,0
APT-105139,Repair — Customer Reported,Mobile App,7,1,0,Mon,44.2,1,0
APT-100902,Scheduled Maintenance,Online Portal,21,1,1,Tue,28.6,0,1
APT-101943,Warranty Repair,Dealer Walk-in,0,1,0,Fri,32.7,0,0
APT-103850,Repair — Customer Reported,Mobile App,2,0,1,Thu,3.8,0,0
APT-103015,Tire Service,Phone,30,3,1,Sat,25.6,0,0
APT-102770,Software Update,Phone,2,1,1,Sat,6.4,0,0
APT-100299,Software Update,Online Portal,2,0,1,Mon,43.0,1,0
APT-104571,Software Update,Online Portal,5,1,0,Tue,15.9,0,0
APT-101706,Scheduled Maintenance,Phone,3,2,1,Fri,7.3,0,0
APT-100058,Recall Service,Mobile App,5,2,1,Fri,43.4,0,1
APT-103824,Tire Service,Phone,10,2,0,Fri,35.3,1,1
APT-105753,Scheduled Maintenance,Phone,21,1,1,Mon,12.2,0,1
APT-101411,Warranty Repair,Phone,3,3,0,Wed,28.9,0,1
APT-105543,Software Update,Dealer Walk-in,5,0,1,Sat,15.1,1,0
APT-102534,Software Update,Mobile App,1,0,0,Tue,25.4,0,0
APT-102580,Recall Service,Dealer Walk-in,2,0,0,Thu,10.5,0,0
APT-104146,Repair — Customer Reported,Online Portal,10,0,1,Wed,5.5,0,0
APT-102786,Tire Service,Online Portal,7,0,1,Fri,11.5,0,0
APT-104921,Recall Service,Phone,2,0,1,Sat,43.4,0,0
APT-101240,Warranty Repair,Online Portal,1,0,1,Fri,34.2,1,0
APT-103104,Repair — Customer Reported,Phone,2,0,1,Fri,19.1,0,0
APT-102302,Tire Service,Online Portal,7,0,1,Mon,4.7,0,0
APT-103542,Repair — Customer Reported,Dealer Walk-in,7,1,0,Sat,15.1,0,1
APT-104914,Software Update,Dealer Walk-in,3,0,1,Sat,7.0,1,0
APT-105034,Tire Service,Dealer Walk-in,5,1,1,Tue,40.5,0,0
APT-101996,Software Update,Dealer Walk-in,1,1,0,Tue,35.7,0,0
APT-100323,Software Update,Mobile App,14,1,1,Fri,31.5,0,1
APT-104066,Software Update,Dealer Walk-in,0,0,0,Wed,15.8,0,0
APT-100583,Tire Service,Dealer Walk-in,14,1,1,Fri,4.9,0,0
APT-101133,Repair — Customer Reported,Online Portal,30,1,1,Fri,38.1,0,1
APT-100654,Scheduled Maintenance,Mobile App,1,0,1,Wed,19.2,0,0
APT-105020,Recall Service,Mobile App,2,1,0,Thu,15.4,0,1
APT-101286,Tire Service,Online Portal,2,1,1,Thu,34.5,1,0
APT-102666,Tire Service,Dealer Walk-in,1,0,1,Fri,17.3,0,0
APT-101149,Repair — Customer Reported,Dealer Walk-in,10,0,1,Thu,12.5,1,0
APT-102886,Software Update,Online Portal,5,2,0,Fri,16.9,0,1
APT-105593,Warranty Repair,Mobile App,14,0,1,Tue,12.6,0,0
APT-103437,Tire Service,Phone,3,0,0,Wed,24.3,0,0
APT-101545,Repair — Customer Reported,Online Portal,14,3,1,Sat,25.3,0,0
APT-100347,Tire Service,Phone,1,0,1,Tue,35.3,0,0
APT-104433,Tire Service,Mobile App,0,1,1,Mon,21.3,0,0
APT-101636,Tire Service,Online Portal,21,3,0,Wed,14.1,0,1
APT-103852,Repair — Customer Reported,Dealer Walk-in,21,1,0,Wed,7.1,0,0
APT-102606,Recall Service,Phone,10,3,1,Fri,40.9,0,0
APT-101050,Repair — Customer Reported,Phone,30,1,1,Thu,5.5,0,1
APT-103919,Repair — Customer Reported,Dealer Walk-in,3,0,1,Sat,36.0,1,0
APT-105976,Recall Service,Dealer Walk-in,21,0,1,Mon,20.2,0,0
APT-104659,Scheduled Maintenance,Dealer Walk-in,1,0,1,Sat,30.0,0,0
APT-104670,Scheduled Maintenance,Phone,7,0,0,Fri,2.3,0,0
APT-100954,Scheduled Maintenance,Dealer Walk-in,30,3,1,Sat,39.9,0,0
APT-101037,Tire Service,Online Portal,0,0,0,Tue,5.6,0,0
APT-105383,Recall Service,Dealer Walk-in,10,1,0,Wed,20.6,0,1
APT-101971,Software Update,Phone,0,2,1,Thu,13.9,0,1
APT-100064,Software Update,Mobile App,7,0,0,Tue,22.5,0,0
APT-102188,Tire Service,Online Portal,10,3,0,Wed,23.7,0,1
APT-105101,Recall Service,Mobile App,2,0,1,Mon,17.9,0,0
APT-101389,Warranty Repair,Mobile App,10,0,0,Sat,17.5,0,0
APT-105787,Tire Service,Mobile App,1,0,1,Thu,35.7,0,0
APT-101937,Repair — Customer Reported,Phone,7,1,0,Tue,37.7,0,0
APT-100885,Repair — Customer Reported,Phone,2,2,0,Sat,23.2,1,1
APT-103651,Warranty Repair,Mobile App,3,0,1,Wed,20.4,1,0
APT-103381,Warranty Repair,Dealer Walk-in,2,1,0,Mon,23.2,1,0
APT-100910,Scheduled Maintenance,Dealer Walk-in,7,3,1,Sat,1.0,0,0
APT-100492,Tire Service,Phone,1,1,1,Wed,24.8,0,0
APT-103165,Tire Service,Mobile App,5,0,0,Mon,5.9,0,1
APT-102624,Software Update,Phone,7,1,0,Sat,8.0,0,0
APT-103287,Software Update,Dealer Walk-in,14,0,1,Mon,39.6,0,1
APT-104645,Warranty Repair,Dealer Walk-in,1,1,0,Wed,25.5,0,0
APT-103148,Repair — Customer Reported,Online Portal,21,0,1,Tue,31.3,1,0
APT-103448,Warranty Repair,Phone,3,1,1,Fri,10.3,0,0
APT-104187,Repair — Customer Reported,Mobile App,21,0,1,Tue,16.8,0,0
APT-103584,Software Update,Mobile App,3,1,1,Thu,23.9,1,0
APT-103977,Software Update,Phone,0,1,1,Sat,39.4,0,0
APT-101960,Repair — Customer Reported,Phone,5,1,0,Wed,27.9,0,0
APT-100046,Scheduled Maintenance,Mobile App,10,3,1,Sat,31.6,0,0
APT-101513,Tire Service,Dealer Walk-in,5,0,0,Fri,6.4,0,0
APT-103532,Recall Service,Dealer Walk-in,10,2,0,Thu,6.7,1,0
APT-101916,Repair — Customer Reported,Phone,0,0,1,Sat,34.9,0,0
APT-102629,Software Update,Online Portal,0,0,1,Fri,34.4,0,0
APT-100394,Software Update,Phone,3,0,0,Sat,16.2,0,0
APT-103027,Repair — Customer Reported,Online Portal,14,0,1,Thu,37.5,1,1
APT-104353,Repair — Customer Reported,Phone,5,0,0,Thu,31.4,0,0
APT-101814,Software Update,Dealer Walk-in,5,0,1,Fri,10.3,0,0
APT-102042,Repair — Customer Reported,Dealer Walk-in,5,0,1,Mon,18.3,0,0
APT-104102,Tire Service,Mobile App,2,0,1,Mon,13.7,1,0
APT-100961,Software Update,Online Portal,2,0,1,Tue,42.3,0,1
APT-100445,Tire Service,Online Portal,2,0,1,Mon,37.2,0,0
APT-101031,Repair — Customer Reported,Phone,21,0,1,Tue,24.2,1,0
APT-105345,Software Update,Phone,7,0,0,Tue,2.6,0,0
APT-105524,Recall Service,Online Portal,1,2,0,Fri,21.7,0,1
APT-101580,Scheduled Maintenance,Mobile App,3,0,0,Sat,34.6,0,0
APT-104781,Recall Service,Dealer Walk-in,1,3,1,Sat,31.7,0,0
APT-105298,Tire Service,Phone,1,3,1,Tue,12.0,0,1
APT-104838,Recall Service,Dealer Walk-in,7,3,0,Wed,11.8,0,0
APT-104650,Software Update,Phone,0,3,0,Mon,21.0,1,1
APT-102892,Warranty Repair,Online Portal,14,1,0,Wed,33.3,0,1
APT-100626,Recall Service,Phone,30,3,0,Mon,19.1,0,1
APT-103564,Software Update,Dealer Walk-in,0,0,1,Tue,16.3,0,0
APT-103829,Warranty Repair,Online Portal,30,1,1,Thu,30.0,0,0
APT-101350,Scheduled Maintenance,Dealer Walk-in,21,0,1,Thu,44.7,0,0
APT-100237,Repair — Customer Reported,Online Portal,3,1,0,Sat,37.1,0,0
APT-105141,Warranty Repair,Online Portal,3,0,1,Thu,5.0,1,0
APT-101157,Tire Service,Dealer Walk-in,7,0,0,Wed,13.1,1,0
APT-104801,Repair — Customer Reported,Phone,2,1,0,Tue,39.1,0,1
APT-101334,Software Update,Dealer Walk-in,30,0,0,Mon,32.4,0,0
APT-101860,Recall Service,Online Portal,1,3,1,Fri,42.4,1,1
APT-101512,Repair — Customer Reported,Online Portal,0,1,1,Wed,2.1,0,0
APT-102388,Software Update,Online Portal,2,1,1,Tue,32.6,0,0
APT-100541,Scheduled Maintenance,Dealer Walk-in,0,0,0,Fri,36.5,0,0
APT-104538,Recall Service,Phone,0,1,0,Wed,10.5,0,1
APT-102612,Warranty Repair,Dealer Walk-in,14,1,1,Mon,42.9,1,0
APT-105420,Software Update,Dealer Walk-in,1,0,1,Tue,8.7,0,0
APT-104836,Tire Service,Online Portal,14,2,1,Thu,29.7,0,0
APT-100349,Software Update,Online Portal,0,0,1,Thu,8.8,0,0
APT-104348,Software Update,Phone,5,0,0,Thu,20.8,0,1
APT-102541,Recall Service,Mobile App,21,1,1,Sat,25.4,0,1
APT-105112,Warranty Repair,Online Portal,21,0,1,Fri,36.4,0,0
APT-101812,Recall Service,Dealer Walk-in,3,3,1,Sat,35.7,0,0
APT-104596,Software Update,Phone,0,1,1,Thu,4.5,0,1
APT-101631,Recall Service,Mobile App,10,0,0,Sat,3.0,0,1
APT-100722,Recall Service,Dealer Walk-in,14,2,1,Sat,29.0,0,1
APT-100293,Recall Service,Online Portal,0,1,0,Tue,22.8,0,0
APT-103105,Warranty Repair,Phone,5,1,0,Mon,39.6,1,0
APT-103432,Repair — Customer Reported,Mobile App,0,0,1,Mon,40.8,0,1
APT-102608,Tire Service,Online Portal,30,1,1,Sat,18.5,0,1
APT-101942,Software Update,Online Portal,7,0,0,Wed,4.2,0,0
APT-104349,Scheduled Maintenance,Mobile App,21,0,0,Fri,23.3,0,0
APT-105070,Scheduled Maintenance,Phone,30,0,0,Wed,23.4,0,1
APT-102723,Repair — Customer Reported,Phone,7,1,1,Thu,26.3,0,0
APT-104824,Repair — Customer Reported,Online Portal,5,1,1,Thu,31.9,0,0
APT-100003,Repair — Customer Reported,Online Portal,1,0,1,Wed,27.6,0,0
APT-103619,Warranty Repair,Online Portal,21,0,0,Sat,23.0,1,0
APT-101642,Repair — Customer Reported,Online Portal,21,3,1,Tue,42.9,0,0
APT-105864,Software Update,Online Portal,5,2,1,Mon,17.0,1,0
APT-102092,Repair — Customer Reported,Online Portal,3,0,1,Fri,34.4,0,0
APT-105854,Warranty Repair,Phone,2,0,1,Sat,29.3,0,0
APT-103832,Recall Service,Online Portal,7,1,1,Fri,6.5,0,0
APT-101029,Tire Service,Dealer Walk-in,10,0,1,Wed,19.9,1,0
APT-104044,Recall Service,Online Portal,30,0,1,Thu,25.6,0,1
APT-100244,Repair — Customer Reported,Mobile App,0,0,1,Mon,32.9,0,0
APT-105615,Repair — Customer Reported,Dealer Walk-in,1,1,1,Wed,41.4,0,0
APT-102823,Warranty Repair,Online Portal,5,0,1,Thu,36.5,0,0
APT-103409,Repair — Customer Reported,Dealer Walk-in,30,1,1,Fri,20.6,1,1
APT-101280,Recall Service,Dealer Walk-in,0,0,0,Thu,6.4,0,0
APT-102387,Tire Service,Online Portal,30,0,1,Tue,26.2,0,0
APT-104288,Scheduled Maintenance,Dealer Walk-in,2,0,1,Tue,23.5,0,0
APT-102956,Scheduled Maintenance,Dealer Walk-in,1,3,0,Tue,35.0,0,1
APT-101690,Tire Service,Online Portal,21,2,1,Mon,41.2,0,1
APT-104692,Warranty Repair,Online Portal,1,2,0,Sat,21.5,0,0
APT-105640,Software Update,Online Portal,30,0,0,Wed,30.5,0,1
APT-104299,Software Update,Dealer Walk-in,7,1,1,Wed,17.4,0,0
APT-104173,Recall Service,Online Portal,3,3,1,Sat,25.4,1,0
APT-105462,Warranty Repair,Mobile App,21,3,0,Mon,5.5,0,1
APT-100165,Repair — Customer Reported,Dealer Walk-in,14,2,1,Fri,17.1,0,0
APT-101237,Software Update,Online Portal,0,1,0,Thu,39.2,0,1
APT-100711,Tire Service,Dealer Walk-in,5,0,1,Tue,18.3,0,0
APT-101159,Recall Service,Mobile App,0,3,0,Wed,34.6,0,0
APT-103681,Tire Service,Phone,3,2,0,Wed,20.7,0,0
APT-105095,Scheduled Maintenance,Online Portal,21,0,1,Wed,43.8,0,0
APT-103515,Tire Service,Dealer Walk-in,21,0,1,Sat,8.5,0,1
APT-100266,Software Update,Mobile App,10,1,1,Thu,22.5,1,0
APT-101064,Scheduled Maintenance,Dealer Walk-in,2,0,1,Fri,30.3,0,0
APT-100582,Repair — Customer Reported,Online Portal,0,1,0,Mon,26.5,0,0
APT-100659,Tire Service,Online Portal,5,0,1,Wed,21.3,0,0
APT-100603,Tire Service,Online Portal,21,1,0,Thu,20.2,0,0
APT-100844,Repair — Customer Reported,Mobile App,14,0,1,Mon,21.3,1,0
APT-104214,Scheduled Maintenance,Phone,7,0,0,Tue,16.1,0,0
APT-100361,Tire Service,Online Portal,10,1,1,Tue,7.0,1,0
APT-104554,Warranty Repair,Mobile App,5,2,0,Tue,5.0,0,1
APT-102051,Repair — Customer Reported,Phone,7,0,1,Fri,15.4,0,0
APT-105356,Tire Service,Online Portal,7,0,1,Thu,43.5,0,0
APT-105314,Tire Service,Dealer Walk-in,21,3,0,Wed,30.1,1,1
APT-102369,Warranty Repair,Mobile App,2,0,1,Fri,43.8,0,0
APT-100972,Warranty Repair,Phone,1,0,1,Mon,16.9,0,0
APT-100374,Tire Service,Mobile App,2,3,0,Mon,32.8,1,1
APT-101192,Repair — Customer Reported,Phone,2,3,1,Thu,12.6,0,1
APT-100738,Warranty Repair,Mobile App,30,2,1,Tue,10.3,1,1
APT-103838,Tire Service,Mobile App,14,0,1,Mon,9.8,1,0
APT-104213,Repair — Customer Reported,Mobile App,10,2,1,Sat,42.8,0,1
APT-103184,Tire Service,Phone,10,1,1,Wed,16.0,0,0
APT-102964,Warranty Repair,Phone,5,1,1,Fri,30.4,1,1
APT-100249,Software Update,Mobile App,30,2,1,Wed,36.9,0,1
APT-105136,Tire Service,Dealer Walk-in,21,1,1,Thu,7.4,1,1
APT-105441,Recall Service,Phone,1,3,1,Thu,3.5,0,0
APT-100859,Scheduled Maintenance,Mobile App,5,2,1,Sat,15.6,0,0
APT-105340,Warranty Repair,Dealer Walk-in,10,0,1,Fri,38.2,0,0
APT-100525,Recall Service,Phone,5,1,0,Tue,19.9,0,0
APT-104050,Scheduled Maintenance,Online Portal,14,0,1,Fri,38.0,0,0
APT-105431,Recall Service,Online Portal,1,1,0,Tue,14.7,0,0
APT-105238,Tire Service,Mobile App,3,0,1,Sat,3.7,0,0
APT-101677,Scheduled Maintenance,Mobile App,1,0,1,Fri,18.7,0,0
APT-105263,Warranty Repair,Phone,3,0,1,Thu,13.3,0,0
APT-104604,Warranty Repair,Mobile App,7,1,0,Wed,34.8,0,0
APT-103708,Software Update,Phone,0,1,1,Sat,13.9,1,0
APT-101904,Tire Service,Dealer Walk-in,5,1,1,Fri,38.4,0,0
APT-103509,Software Update,Phone,2,2,1,Sat,19.8,1,0
APT-105270,Scheduled Maintenance,Dealer Walk-in,21,2,0,Wed,32.7,0,0
APT-101270,Warranty Repair,Phone,2,0,1,Wed,15.7,0,0
APT-104405,Scheduled Maintenance,Online Portal,3,0,1,Mon,33.8,0,0
APT-104474,Warranty Repair,Online Portal,2,2,0,Thu,13.5,0,0
APT-104161,Warranty Repair,Phone,14,1,0,Wed,5.0,0,0
APT-103006,Repair — Customer Reported,Online Portal,30,1,1,Fri,23.0,1,0
APT-101736,Recall Service,Mobile App,0,2,1,Thu,6.2,0,0
APT-101602,Warranty Repair,Dealer Walk-in,0,2,0,Fri,2.1,1,0
APT-100802,Warranty Repair,Mobile App,0,1,1,Wed,38.0,0,0
APT-103791,Recall Service,Mobile App,7,0,1,Fri,32.3,0,0
APT-101887,Scheduled Maintenance,Mobile App,30,3,1,Fri,22.1,1,1
APT-105840,Software Update,Mobile App,1,0,1,Fri,34.1,1,0
APT-105089,Recall Service,Online Portal,0,1,1,Sat,43.5,0,0
APT-102271,Recall Service,Online Portal,14,1,1,Thu,23.1,0,0
APT-100507,Software Update,Online Portal,30,1,1,Fri,17.8,0,1
APT-101212,Software Update,Online Portal,2,0,0,Sat,27.0,1,0
APT-105552,Software Update,Mobile App,1,1,1,Thu,25.0,1,0
APT-103122,Recall Service,Dealer Walk-in,10,0,0,Mon,24.0,1,0
APT-101058,Recall Service,Dealer Walk-in,14,0,1,Sat,43.8,0,1
APT-103519,Recall Service,Phone,3,0,1,Sat,22.4,0,0
APT-102176,Repair — Customer Reported,Mobile App,10,0,0,Thu,23.2,0,0
APT-105803,Scheduled Maintenance,Phone,1,0,1,Wed,3.2,0,0
APT-102910,Recall Service,Phone,10,0,1,Thu,43.2,0,0
APT-100474,Tire Service,Dealer Walk-in,21,0,0,Sat,24.7,0,0
APT-102860,Warranty Repair,Online Portal,14,1,1,Wed,19.1,0,0
APT-103369,Warranty Repair,Phone,10,2,1,Sat,42.7,0,1
APT-105028,Warranty Repair,Mobile App,0,0,1,Wed,42.4,1,0
APT-105277,Scheduled Maintenance,Dealer Walk-in,7,1,0,Fri,10.6,0,0
APT-104249,Scheduled Maintenance,Phone,1,1,0,Thu,10.4,1,0
APT-102936,Warranty Repair,Mobile App,21,1,1,Sat,16.5,0,0
APT-103801,Recall Service,Mobile App,5,0,0,Mon,5.9,0,0
APT-101070,Scheduled Maintenance,Phone,30,3,0,Fri,23.5,1,1
APT-105002,Scheduled Maintenance,Mobile App,5,1,0,Fri,2.8,0,0
APT-102564,Software Update,Phone,7,0,1,Mon,13.1,0,0
APT-105230,Warranty Repair,Mobile App,2,0,1,Tue,15.8,0,0
APT-103525,Scheduled Maintenance,Phone,21,0,0,Tue,32.0,0,0
APT-102969,Repair — Customer Reported,Mobile App,5,0,1,Tue,21.1,0,0
APT-101992,Warranty Repair,Dealer Walk-in,3,0,1,Tue,1.9,0,0
APT-101739,Repair — Customer Reported,Online Portal,2,1,1,Sat,32.7,1,0
APT-105224,Software Update,Phone,2,2,0,Thu,18.3,0,0
APT-101954,Recall Service,Mobile App,7,0,0,Wed,38.7,1,0
APT-104506,Repair — Customer Reported,Online Portal,14,2,1,Mon,7.8,0,1
APT-102700,Recall Service,Dealer Walk-in,2,1,1,Sat,38.4,0,0
APT-103094,Software Update,Dealer Walk-in,3,2,1,Fri,39.2,0,1
APT-104553,Scheduled Maintenance,Online Portal,3,1,0,Tue,37.9,0,0
APT-105004,Software Update,Online Portal,14,0,0,Tue,37.6,1,1
APT-102160,Warranty Repair,Phone,7,1,1,Mon,32.8,0,0
APT-104951,Recall Service,Mobile App,2,0,1,Wed,44.9,0,0
APT-100110,Software Update,Online Portal,0,2,1,Tue,35.6,1,0
APT-104165,Recall Service,Dealer Walk-in,3,3,0,Mon,39.0,0,0
APT-103175,Warranty Repair,Dealer Walk-in,30,1,0,Thu,9.2,0,0
APT-100782,Repair — Customer Reported,Phone,0,1,1,Mon,15.1,0,0
APT-104103,Software Update,Phone,2,0,0,Fri,29.1,1,0
APT-104742,Warranty Repair,Dealer Walk-in,30,0,1,Thu,3.7,0,1
APT-102825,Tire Service,Dealer Walk-in,0,1,1,Wed,17.4,0,0
APT-100719,Warranty Repair,Dealer Walk-in,10,1,1,Fri,2.8,1,0
APT-100246,Warranty Repair,Online Portal,7,0,1,Sat,22.8,0,0
APT-102147,Repair — Customer Reported,Dealer Walk-in,14,0,1,Tue,26.4,0,1
APT-103384,Scheduled Maintenance,Dealer Walk-in,0,2,0,Fri,25.4,0,0
APT-105410,Warranty Repair,Online Portal,21,1,1,Fri,34.9,0,0
APT-101048,Scheduled Maintenance,Mobile App,10,0,1,Tue,27.1,0,0
APT-100348,Recall Service,Online Portal,3,0,1,Wed,32.0,0,0
APT-105997,Software Update,Phone,30,1,0,Mon,16.2,0,0
APT-101709,Repair — Customer Reported,Mobile App,14,0,0,Wed,25.7,0,1
APT-100531,Recall Service,Phone,1,0,0,Thu,39.2,0,0
APT-103554,Warranty Repair,Dealer Walk-in,3,0,1,Wed,41.6,0,1
APT-102345,Warranty Repair,Online Portal,30,3,1,Sat,42.0,0,1
APT-101674,Tire Service,Dealer Walk-in,21,2,0,Tue,40.3,1,1
APT-100390,Scheduled Maintenance,Online Portal,14,0,1,Fri,6.9,0,1
APT-103087,Tire Service,Mobile App,0,3,1,Mon,31.5,0,0
APT-100734,Recall Service,Mobile App,21,1,1,Wed,21.6,1,1
APT-102326,Tire Service,Phone,3,0,0,Wed,18.2,1,0
APT-104135,Software Update,Online Portal,21,0,0,Mon,9.5,1,0
APT-105959,Scheduled Maintenance,Mobile App,2,0,0,Tue,29.8,0,0
APT-100371,Software Update,Online Portal,21,0,1,Tue,19.4,0,0
APT-104943,Scheduled Maintenance,Phone,2,0,1,Fri,9.9,0,0
APT-103870,Warranty Repair,Dealer Walk-in,10,0,1,Wed,20.3,1,0
APT-101974,Warranty Repair,Online Portal,2,3,0,Sat,30.2,0,1
APT-101820,Recall Service,Phone,30,2,1,Mon,44.4,0,1
APT-105874,Warranty Repair,Mobile App,7,0,0,Thu,38.7,0,1
APT-101678,Software Update,Phone,0,3,1,Thu,35.3,0,0
APT-105350,Repair — Customer Reported,Online Portal,5,3,0,Thu,37.0,0,0
APT-104987,Repair — Customer Reported,Dealer Walk-in,3,1,0,Mon,19.7,0,0
APT-104037,Repair — Customer Reported,Phone,14,1,1,Tue,23.3,0,0
APT-101514,Scheduled Maintenance,Online Portal,2,3,1,Sat,32.4,0,1
APT-105014,Repair — Customer Reported,Online Portal,2,1,1,Thu,23.9,0,0
APT-102109,Scheduled Maintenance,Phone,3,2,1,Tue,9.1,1,1
APT-101063,Warranty Repair,Online Portal,3,0,1,Mon,22.5,1,0
APT-105321,Warranty Repair,Online Portal,10,1,1,Mon,16.4,0,0
APT-102436,Repair — Customer Reported,Phone,2,0,1,Wed,36.7,0,0
APT-102636,Software Update,Dealer Walk-in,1,1,1,Thu,10.8,1,0
APT-100437,Tire Service,Online Portal,21,1,1,Thu,30.0,0,1
APT-104142,Tire Service,Phone,2,0,0,Sat,19.7,0,0
APT-105755,Warranty Repair,Online Portal,30,1,1,Mon,23.4,1,1
APT-102198,Repair — Customer Reported,Phone,10,0,0,Mon,19.6,1,0
APT-102881,Scheduled Maintenance,Online Portal,5,0,1,Wed,40.8,0,0
APT-105557,Recall Service,Mobile App,2,3,0,Thu,23.3,1,0
APT-104141,Scheduled Maintenance,Online Portal,5,3,1,Wed,30.0,0,0
APT-100508,Warranty Repair,Mobile App,1,2,1,Sat,38.4,0,0
APT-104969,Software Update,Phone,0,0,1,Fri,42.7,0,0
APT-100642,Warranty Repair,Dealer Walk-in,30,0,0,Tue,35.7,0,1
APT-102415,Repair — Customer Reported,Mobile App,21,1,0,Fri,29.1,0,1
APT-102677,Software Update,Online Portal,7,1,1,Tue,35.3,0,1
APT-100512,Recall Service,Mobile App,10,1,1,Fri,44.9,0,1
APT-105300,Repair — Customer Reported,Mobile App,21,0,0,Mon,33.9,0,1
APT-103641,Warranty Repair,Online Portal,1,2,1,Sat,44.5,0,1
APT-102968,Warranty Repair,Mobile App,1,0,0,Thu,24.2,1,0
APT-101492,Tire Service,Phone,7,0,1,Sat,31.1,1,0
APT-102544,Recall Service,Mobile App,2,3,1,Wed,10.7,0,0
APT-102863,Warranty Repair,Mobile App,0,0,1,Wed,15.3,0,0
APT-100421,Warranty Repair,Online Portal,2,1,1,Wed,38.8,1,0
APT-100981,Scheduled Maintenance,Online Portal,1,0,0,Wed,2.2,0,0
APT-104917,Scheduled Maintenance,Phone,2,3,0,Wed,18.1,0,0
APT-101541,Warranty Repair,Online Portal,5,0,1,Sat,43.5,1,0
APT-101471,Repair — Customer Reported,Phone,5,0,0,Mon,39.3,0,0
APT-102703,Recall Service,Dealer Walk-in,3,2,0,Mon,31.7,0,0
APT-103212,Tire Service,Mobile App,10,0,1,Fri,19.9,0,0
APT-103117,Recall Service,Phone,0,3,0,Mon,29.9,0,1
APT-100697,Tire Service,Mobile App,10,1,1,Tue,13.0,1,1
APT-102071,Scheduled Maintenance,Online Portal,30,1,0,Sat,26.2,0,1
APT-100406,Tire Service,Phone,0,1,1,Mon,18.0,0,0
APT-102451,Repair — Customer Reported,Phone,30,0,0,Mon,17.4,1,0
APT-102267,Tire Service,Dealer Walk-in,2,0,0,Fri,24.6,0,0
APT-100769,Warranty Repair,Dealer Walk-in,30,0,1,Thu,31.3,0,1
APT-102233,Recall Service,Dealer Walk-in,1,0,1,Fri,1.5,1,0
APT-102793,Warranty Repair,Dealer Walk-in,7,1,0,Fri,28.7,0,0
APT-101036,Repair — Customer Reported,Mobile App,30,0,1,Thu,22.7,0,0
APT-103491,Warranty Repair,Phone,30,0,1,Sat,36.3,0,0
APT-102360,Recall Service,Mobile App,0,0,1,Fri,23.2,0,0
APT-100534,Scheduled Maintenance,Mobile App,21,2,0,Tue,13.8,0,0
APT-105015,Repair — Customer Reported,Dealer Walk-in,7,1,1,Mon,30.9,1,0
APT-104612,Scheduled Maintenance,Dealer Walk-in,5,1,1,Thu,44.2,0,0
APT-102515,Scheduled Maintenance,Phone,7,0,1,Wed,9.6,0,0
APT-104382,Warranty Repair,Dealer Walk-in,30,0,0,Sat,7.7,0,1
APT-105617,Recall Service,Dealer Walk-in,0,0,1,Tue,9.2,0,0
APT-100791,Tire Service,Dealer Walk-in,0,3,1,Mon,27.8,1,1
APT-101592,Warranty Repair,Online Portal,1,2,1,Tue,19.3,0,1
APT-101848,Software Update,Online Portal,7,0,0,Thu,3.3,0,0
APT-104855,Recall Service,Online Portal,7,3,1,Sat,10.0,0,0
APT-102696,Tire Service,Dealer Walk-in,30,0,1,Sat,30.1,0,1
APT-103199,Tire Service,Mobile App,1,1,0,Mon,3.3,0,0
APT-105979,Software Update,Phone,5,2,0,Thu,33.1,0,0
APT-105663,Software Update,Phone,30,3,0,Sat,3.1,0,1
APT-102839,Repair — Customer Reported,Mobile App,7,0,1,Sat,13.0,0,0
APT-103650,Warranty Repair,Mobile App,1,1,1,Sat,15.5,0,1
APT-104230,Warranty Repair,Online Portal,0,1,1,Sat,14.5,0,0
APT-101536,Software Update,Mobile App,7,3,0,Sat,9.1,0,1
APT-101461,Recall Service,Mobile App,14,0,1,Sat,36.5,0,1
APT-105426,Recall Service,Online Portal,1,2,0,Fri,6.0,1,0
APT-100877,Tire Service,Online Portal,2,0,1,Mon,13.2,0,0
APT-103776,Software Update,Dealer Walk-in,7,1,1,Mon,7.3,0,0
APT-101560,Software Update,Online Portal,2,3,1,Mon,17.0,1,0
APT-102250,Software Update,Dealer Walk-in,2,0,0,Tue,15.1,0,0
APT-103428,Scheduled Maintenance,Online Portal,5,0,0,Fri,37.2,1,1
APT-100756,Warranty Repair,Mobile App,0,0,0,Wed,13.6,1,0
APT-100386,Repair — Customer Reported,Phone,14,3,1,Mon,36.9,0,0
APT-101403,Recall Service,Phone,0,1,1,Thu,15.3,0,0
APT-102889,Recall Service,Phone,0,0,0,Wed,14.1,0,0
APT-101571,Scheduled Maintenance,Mobile App,1,0,1,Tue,32.9,0,0
APT-101056,Software Update,Mobile App,5,0,1,Wed,14.2,0,0
APT-105757,Repair — Customer Reported,Dealer Walk-in,5,0,1,Thu,2.2,1,0
APT-102925,Tire Service,Dealer Walk-in,0,0,1,Sat,37.0,0,0
APT-102775,Warranty Repair,Phone,5,2,1,Mon,7.4,0,1
APT-104060,Repair — Customer Reported,Dealer Walk-in,30,0,0,Sat,41.2,0,0
APT-104356,Scheduled Maintenance,Online Portal,2,0,1,Mon,43.8,0,0
APT-105152,Recall Service,Phone,2,3,1,Wed,32.8,1,0
APT-101267,Repair — Customer Reported,Mobile App,5,0,1,Sat,4.3,0,0
APT-104176,Scheduled Maintenance,Online Portal,3,2,1,Sat,12.0,0,0
APT-101627,Repair — Customer Reported,Online Portal,1,2,1,Fri,13.6,0,0
APT-103818,Scheduled Maintenance,Mobile App,7,0,0,Tue,23.4,0,0
APT-102549,Software Update,Online Portal,30,0,0,Wed,31.1,0,1
APT-102005,Repair — Customer Reported,Online Portal,7,1,0,Fri,19.4,0,0
APT-105269,Software Update,Phone,5,1,0,Wed,31.4,0,0
APT-104168,Tire Service,Phone,1,0,1,Sat,40.1,1,1
APT-102853,Warranty Repair,Dealer Walk-in,2,0,1,Tue,3.9,0,0
APT-102380,Repair — Customer Reported,Online Portal,21,1,1,Wed,1.2,0,1
APT-100702,Repair — Customer Reported,Mobile App,10,0,1,Thu,24.5,0,0
APT-100019,Recall Service,Mobile App,10,0,1,Thu,16.6,0,1
APT-103685,Software Update,Mobile App,30,3,1,Wed,27.6,0,1
APT-105207,Recall Service,Dealer Walk-in,0,0,1,Mon,32.4,0,0
APT-100231,Scheduled Maintenance,Mobile App,14,0,1,Thu,1.5,0,0
APT-105530,Repair — Customer Reported,Online Portal,2,1,0,Wed,1.7,0,1
APT-100596,Scheduled Maintenance,Online Portal,30,0,0,Sat,40.3,1,1
APT-100157,Software Update,Mobile App,14,1,0,Mon,32.5,0,1
APT-103109,Tire Service,Phone,14,3,1,Fri,41.4,0,0
APT-104851,Software Update,Phone,1,2,0,Tue,41.4,0,0
APT-102795,Recall Service,Mobile App,14,0,1,Sat,29.7,0,0
APT-105181,Repair — Customer Reported,Phone,10,1,0,Mon,31.5,0,0
APT-100565,Software Update,Mobile App,30,0,1,Tue,32.4,0,0
APT-103508,Tire Service,Dealer Walk-in,2,0,0,Fri,8.4,0,0
APT-103169,Software Update,Online Portal,7,2,0,Thu,44.0,0,0
APT-104339,Recall Service,Mobile App,10,3,1,Wed,37.6,0,1
APT-100160,Warranty Repair,Mobile App,7,3,1,Mon,33.0,1,0
APT-103917,Tire Service,Online Portal,2,2,0,Fri,29.2,0,0
APT-101734,Software Update,Dealer Walk-in,2,0,1,Tue,1.8,0,0
APT-102352,Tire Service,Phone,5,0,1,Tue,28.4,0,0
APT-102301,Warranty Repair,Mobile App,10,1,0,Fri,42.5,0,1
APT-104955,Tire Service,Mobile App,10,1,0,Thu,3.9,0,1
APT-101238,Warranty Repair,Dealer Walk-in,21,0,0,Sat,44.5,0,0
APT-102719,Repair — Customer Reported,Mobile App,0,0,1,Sat,38.5,0,0
APT-100795,Repair — Customer Reported,Phone,1,2,1,Sat,10.7,0,1
APT-104627,Recall Service,Dealer Walk-in,14,0,0,Wed,5.1,0,1
APT-101951,Recall Service,Online Portal,2,0,1,Mon,35.1,0,0
APT-104826,Warranty Repair,Online Portal,1,0,1,Tue,22.1,0,0
APT-104897,Recall Service,Phone,1,0,0,Mon,20.0,0,0
APT-102854,Repair — Customer Reported,Phone,10,2,1,Mon,19.6,0,0
APT-100522,Tire Service,Dealer Walk-in,0,1,0,Mon,42.5,0,0
APT-102591,Recall Service,Online Portal,3,0,0,Thu,31.5,0,0
APT-103232,Software Update,Online Portal,14,3,1,Thu,24.8,0,1
APT-104420,Software Update,Online Portal,10,3,1,Mon,3.8,0,0
APT-103294,Software Update,Dealer Walk-in,30,0,1,Tue,5.8,0,0
APT-102308,Recall Service,Mobile App,0,0,0,Wed,38.5,0,0
APT-100415,Scheduled Maintenance,Dealer Walk-in,3,1,0,Wed,10.3,0,1
APT-101786,Repair — Customer Reported,Phone,10,1,0,Fri,19.6,0,0
APT-104076,Scheduled Maintenance,Dealer Walk-in,0,0,1,Wed,41.8,0,0
APT-105192,Warranty Repair,Online Portal,2,2,0,Mon,21.1,0,1
APT-103656,Repair — Customer Reported,Mobile App,14,0,0,Fri,4.1,1,0
APT-105548,Software Update,Online Portal,10,1,1,Fri,20.1,0,0
APT-100180,Repair — Customer Reported,Dealer Walk-in,3,2,1,Fri,21.5,0,1
APT-104663,Warranty Repair,Phone,0,2,1,Sat,2.0,0,0
APT-104205,Repair — Customer Reported,Dealer Walk-in,5,0,1,Wed,34.5,0,0
APT-101978,Tire Service,Online Portal,3,0,1,Mon,10.7,0,0
APT-101226,Software Update,Mobile App,0,0,1,Fri,16.5,0,1
APT-101720,Recall Service,Phone,0,2,0,Mon,6.9,0,0
APT-101284,Scheduled Maintenance,Dealer Walk-in,7,3,0,Thu,42.6,0,0
APT-102945,Recall Service,Online Portal,0,0,1,Wed,19.9,0,0
APT-102168,Recall Service,Phone,1,0,1,Thu,27.5,0,0
APT-102090,Repair — Customer Reported,Online Portal,3,2,0,Fri,33.9,0,1
APT-105608,Tire Service,Phone,1,1,1,Wed,18.0,1,0
APT-102585,Tire Service,Online Portal,5,0,1,Mon,21.2,0,0
APT-100527,Repair — Customer Reported,Mobile App,10,0,0,Sat,42.1,0,1
APT-101116,Software Update,Online Portal,2,1,0,Fri,15.0,0,0
APT-102211,Repair — Customer Reported,Dealer Walk-in,0,0,0,Tue,44.5,0,0
APT-102994,Scheduled Maintenance,Online Portal,1,2,1,Thu,4.1,0,0
APT-105678,Software Update,Phone,5,0,0,Thu,26.3,1,0
APT-105243,Recall Service,Mobile App,30,2,0,Sat,13.2,0,0
APT-100029,Software Update,Dealer Walk-in,30,3,0,Fri,1.3,0,1
APT-104752,Scheduled Maintenance,Dealer Walk-in,1,0,0,Thu,8.7,0,0
APT-100480,Software Update,Mobile App,30,0,0,Thu,9.3,1,0
APT-101010,Repair — Customer Reported,Mobile App,3,0,1,Thu,6.0,0,0
APT-103302,Tire Service,Mobile App,3,1,1,Thu,20.9,0,0
APT-104960,Tire Service,Dealer Walk-in,1,2,1,Sat,1.2,0,1
APT-105498,Recall Service,Dealer Walk-in,30,1,1,Wed,18.2,0,1
APT-100364,Tire Service,Mobile App,10,0,0,Thu,1.2,0,0
APT-105202,Warranty Repair,Mobile App,7,2,1,Thu,9.8,1,0
APT-104383,Warranty Repair,Phone,1,0,1,Mon,39.0,0,0
APT-101773,Recall Service,Dealer Walk-in,0,3,0,Sat,29.1,0,0
APT-102082,Scheduled Maintenance,Phone,21,3,1,Tue,21.1,0,1
APT-104311,Scheduled Maintenance,Mobile App,21,2,0,Fri,6.9,0,0
APT-104790,Recall Service,Phone,30,0,1,Tue,39.6,0,1
APT-104033,Software Update,Dealer Walk-in,30,0,1,Thu,34.1,0,1
APT-104204,Recall Service,Phone,1,1,1,Mon,8.1,0,0
APT-104727,Scheduled Maintenance,Dealer Walk-in,10,3,0,Fri,31.4,1,1
APT-105942,Software Update,Dealer Walk-in,2,2,0,Sat,9.3,0,0
APT-104648,Tire Service,Online Portal,1,2,0,Fri,1.6,0,0
APT-102512,Warranty Repair,Mobile App,30,1,0,Wed,40.3,0,1
APT-104154,Repair — Customer Reported,Online Portal,30,0,1,Wed,32.9,0,0
APT-103057,Recall Service,Mobile App,7,0,1,Wed,31.6,0,0
APT-104309,Tire Service,Mobile App,0,0,0,Thu,38.6,0,1
APT-101186,Repair — Customer Reported,Online Portal,10,0,0,Mon,3.9,0,0
APT-100962,Scheduled Maintenance,Dealer Walk-in,1,0,1,Fri,40.3,0,0
APT-102727,Recall Service,Dealer Walk-in,14,0,1,Thu,39.5,0,1
APT-101274,Warranty Repair,Phone,1,2,1,Wed,21.5,0,1
APT-105900,Tire Service,Mobile App,21,1,1,Sat,29.6,0,1
APT-101424,Warranty Repair,Dealer Walk-in,1,0,1,Fri,19.3,0,0
APT-104707,Warranty Repair,Dealer Walk-in,0,0,0,Thu,16.3,0,0
APT-101696,Tire Service,Dealer Walk-in,10,0,1,Wed,25.5,0,0
APT-105030,Repair — Customer Reported,Mobile App,21,0,1,Tue,19.7,0,0
APT-101733,Scheduled Maintenance,Online Portal,5,0,1,Thu,28.5,1,1
APT-104416,Software Update,Dealer Walk-in,7,2,0,Mon,45.0,0,0
APT-102742,Repair — Customer Reported,Mobile App,7,0,0,Tue,39.1,1,0
APT-100411,Software Update,Online Portal,21,0,0,Mon,34.3,0,1
APT-100727,Scheduled Maintenance,Dealer Walk-in,2,0,1,Sat,30.0,0,0
APT-101421,Repair — Customer Reported,Mobile App,21,0,1,Wed,18.4,0,1
APT-100309,Repair — Customer Reported,Dealer Walk-in,2,0,1,Thu,25.5,0,0
APT-104548,Tire Service,Online Portal,30,0,1,Wed,35.8,0,1
APT-105092,Tire Service,Online Portal,0,0,0,Fri,44.5,0,0
APT-104767,Scheduled Maintenance,Mobile App,2,1,0,Sat,6.2,1,0
APT-102481,Repair — Customer Reported,Phone,1,3,0,Wed,23.1,0,0
APT-100265,Recall Service,Dealer Walk-in,14,1,0,Mon,22.3,1,0
APT-100419,Tire Service,Phone,30,1,0,Thu,8.4,0,0
APT-105766,Tire Service,Dealer Walk-in,2,0,0,Thu,15.4,1,0
APT-102920,Tire Service,Mobile App,21,1,1,Tue,11.9,0,0
APT-101322,Software Update,Online Portal,10,0,1,Tue,34.3,1,0
APT-102705,Scheduled Maintenance,Dealer Walk-in,14,0,1,Fri,32.1,0,0
APT-100176,Tire Service,Mobile App,30,1,1,Sat,25.0,0,1
APT-101117,Repair — Customer Reported,Dealer Walk-in,0,1,0,Wed,24.8,1,1
APT-100241,Software Update,Mobile App,1,2,1,Tue,32.4,1,0
APT-102269,Warranty Repair,Mobile App,0,3,1,Mon,28.1,0,1
APT-104681,Warranty Repair,Online Portal,1,1,0,Sat,31.5,0,0
APT-104256,Warranty Repair,Mobile App,30,0,1,Wed,12.3,0,1
APT-101835,Warranty Repair,Online Portal,30,0,1,Mon,6.8,0,1
APT-105129,Warranty Repair,Online Portal,1,1,1,Sat,30.7,0,0
APT-102490,Tire Service,Mobile App,2,0,1,Wed,36.8,0,0
APT-102348,Recall Service,Phone,14,2,0,Mon,24.9,0,0
APT-102276,Recall Service,Mobile App,2,1,1,Thu,25.2,0,0
APT-103180,Software Update,Mobile App,5,0,1,Mon,6.7,0,0
APT-102874,Recall Service,Mobile App,14,1,0,Thu,4.1,0,0
APT-101618,Recall Service,Mobile App,30,2,1,Sat,16.0,0,0
APT-102111,Tire Service,Dealer Walk-in,5,1,1,Thu,39.9,0,0
APT-103246,Warranty Repair,Phone,2,0,0,Wed,41.4,0,0
APT-101830,Recall Service,Dealer Walk-in,0,2,1,Mon,18.5,0,1
APT-101587,Recall Service,Mobile App,7,0,1,Tue,41.7,0,0
APT-101168,Tire Service,Dealer Walk-in,21,1,1,Tue,42.2,0,0
APT-100754,Tire Service,Online Portal,21,0,1,Sat,6.2,1,0
APT-105569,Recall Service,Mobile App,10,0,1,Mon,17.9,0,0
APT-103889,Warranty Repair,Mobile App,21,0,0,Tue,19.4,0,1
APT-102221,Scheduled Maintenance,Phone,2,1,1,Sat,11.1,0,1
APT-103205,Software Update,Online Portal,21,2,0,Mon,30.7,0,1
APT-101174,Software Update,Mobile App,3,0,0,Tue,5.0,0,0
APT-102202,Software Update,Mobile App,7,0,1,Wed,28.1,0,0
APT-102788,Repair — Customer Reported,Mobile App,21,1,1,Wed,17.7,0,1
APT-100198,Tire Service,Phone,21,1,0,Mon,41.2,1,1
APT-101429,Recall Service,Mobile App,3,0,1,Sat,33.7,0,0
APT-105274,Warranty Repair,Mobile App,30,0,0,Thu,31.5,0,1
APT-105082,Recall Service,Phone,7,0,0,Fri,16.0,0,0
APT-102903,Repair — Customer Reported,Phone,5,0,0,Wed,28.4,0,0
APT-100391,Warranty Repair,Mobile App,21,2,0,Sat,26.5,0,1
APT-103149,Recall Service,Online Portal,14,3,0,Sat,44.0,1,1
APT-105412,Recall Service,Online Portal,10,1,1,Sat,43.8,0,0
APT-104653,Software Update,Phone,30,1,0,Sat,27.2,0,1
APT-100681,Software Update,Mobile App,14,1,1,Fri,25.1,0,0
APT-103689,Tire Service,Online Portal,1,2,0,Tue,41.9,1,1
APT-102372,Scheduled Maintenance,Mobile App,21,0,0,Sat,9.8,0,1
APT-102593,Scheduled Maintenance,Online Portal,0,1,0,Sat,7.2,0,1
APT-102210,Recall Service,Phone,3,0,0,Tue,16.7,1,0
APT-102216,Warranty Repair,Phone,1,0,1,Wed,13.2,1,0
APT-100305,Recall Service,Dealer Walk-in,5,2,0,Thu,31.8,0,1
APT-102648,Scheduled Maintenance,Online Portal,7,0,1,Wed,28.7,1,0
APT-103224,Warranty Repair,Mobile App,7,0,1,Fri,9.8,0,0
APT-103560,Recall Service,Mobile App,14,1,0,Sat,34.2,0,0
APT-103780,Tire Service,Dealer Walk-in,14,3,1,Sat,2.5,0,0
APT-105879,Warranty Repair,Online Portal,1,0,1,Mon,3.8,1,0
APT-104438,Warranty Repair,Dealer Walk-in,10,1,0,Tue,6.2,1,1
APT-100257,Warranty Repair,Dealer Walk-in,14,0,0,Thu,15.0,0,1
APT-105786,Repair — Customer Reported,Online Portal,30,0,1,Wed,31.4,0,0
APT-100563,Software Update,Dealer Walk-in,30,0,1,Fri,40.3,0,1
APT-104701,Scheduled Maintenance,Mobile App,1,3,0,Fri,1.7,0,0
APT-104425,Warranty Repair,Dealer Walk-in,5,0,1,Wed,41.8,1,0
APT-102403,Warranty Repair,Phone,21,0,1,Thu,10.0,1,1
APT-102766,Repair — Customer Reported,Dealer Walk-in,7,0,0,Sat,20.0,0,0
APT-104441,Warranty Repair,Online Portal,14,2,1,Tue,31.9,0,1
APT-100662,Tire Service,Dealer Walk-in,2,0,1,Wed,35.3,0,0
APT-100433,Recall Service,Dealer Walk-in,2,1,1,Fri,29.1,0,0
APT-101347,Warranty Repair,Online Portal,7,0,0,Thu,36.7,0,0
APT-105285,Recall Service,Online Portal,21,0,1,Mon,25.6,1,1
APT-104200,Tire Service,Online Portal,2,1,1,Thu,16.5,0,0
APT-101209,Scheduled Maintenance,Dealer Walk-in,1,1,1,Mon,8.1,1,0
APT-100073,Warranty Repair,Mobile App,5,2,0,Wed,26.0,1,1
APT-100733,Repair — Customer Reported,Phone,10,1,1,Fri,16.0,0,0
APT-101019,Software Update,Online Portal,30,2,1,Fri,6.4,1,1
APT-101798,Warranty Repair,Mobile App,14,1,1,Thu,6.9,0,1
APT-103978,Recall Service,Mobile App,21,0,1,Mon,29.3,0,0
APT-100034,Scheduled Maintenance,Dealer Walk-in,3,1,0,Wed,35.3,0,0
APT-102209,Repair — Customer Reported,Phone,30,0,1,Fri,41.2,0,1
APT-102538,Repair — Customer Reported,Mobile App,3,3,1,Wed,38.2,0,1
APT-102217,Repair — Customer Reported,Online Portal,30,0,1,Fri,44.4,1,1
APT-100443,Recall Service,Dealer Walk-in,21,1,1,Wed,26.4,0,1
APT-102119,Recall Service,Mobile App,30,3,1,Tue,35.6,0,1
APT-100939,Recall Service,Mobile App,1,1,1,Tue,9.3,0,0
APT-102715,Tire Service,Dealer Walk-in,30,0,0,Thu,38.1,0,1
APT-102255,Scheduled Maintenance,Phone,14,0,0,Fri,38.1,1,0
APT-104557,Software Update,Mobile App,5,0,1,Thu,17.1,0,0
APT-104095,Warranty Repair,Phone,10,0,1,Fri,43.4,1,0
APT-102877,Tire Service,Phone,5,0,1,Thu,36.8,0,0
APT-100936,Tire Service,Mobile App,2,0,1,Mon,6.5,0,0
APT-103966,Recall Service,Mobile App,1,3,0,Fri,17.0,0,0
APT-104289,Repair — Customer Reported,Dealer Walk-in,3,0,1,Tue,43.3,0,0
APT-105848,Scheduled Maintenance,Dealer Walk-in,30,1,1,Wed,9.4,0,1
APT-105182,Scheduled Maintenance,Mobile App,10,1,1,Sat,6.7,0,0
APT-104832,Warranty Repair,Online Portal,5,1,1,Thu,27.8,0,0
APT-103345,Recall Service,Mobile App,10,2,0,Wed,27.2,0,0
APT-103445,Software Update,Phone,3,3,1,Fri,33.8,1,0
APT-100175,Tire Service,Dealer Walk-in,30,0,0,Mon,3.0,0,0
APT-101364,Repair — Customer Reported,Mobile App,3,3,1,Thu,7.7,0,1
APT-101219,Software Update,Online Portal,10,3,0,Fri,12.5,0,0
APT-104609,Recall Service,Phone,0,0,0,Fri,8.2,0,0
APT-102015,Recall Service,Dealer Walk-in,3,3,0,Fri,32.2,0,1
APT-105939,Tire Service,Mobile App,14,3,1,Fri,15.6,0,1
APT-100819,Recall Service,Phone,21,0,1,Fri,19.9,0,0
APT-105189,Software Update,Mobile App,14,0,1,Sat,40.1,0,0
APT-103216,Tire Service,Phone,2,0,0,Sat,2.5,0,0
APT-100154,Recall Service,Mobile App,2,1,1,Wed,4.0,0,0
APT-100749,Software Update,Dealer Walk-in,14,2,0,Fri,10.1,0,0
APT-104372,Recall Service,Dealer Walk-in,3,1,1,Sat,2.2,0,0
APT-103631,Software Update,Dealer Walk-in,0,0,0,Tue,14.4,0,0
APT-105723,Recall Service,Mobile App,0,0,1,Wed,32.0,0,0
APT-105672,Tire Service,Dealer Walk-in,3,0,0,Wed,18.8,0,0
APT-102967,Tire Service,Online Portal,5,0,1,Wed,19.2,0,0
APT-103083,Warranty Repair,Online Portal,7,0,0,Fri,23.7,0,0
APT-104525,Tire Service,Mobile App,7,0,1,Fri,19.2,0,0
APT-100684,Software Update,Mobile App,14,1,1,Mon,18.2,0,0
APT-101980,Repair — Customer Reported,Dealer Walk-in,3,3,1,Wed,29.2,1,0
APT-105484,Tire Service,Mobile App,1,3,0,Tue,4.0,0,0
APT-104580,Recall Service,Online Portal,0,0,1,Sat,34.6,1,0
APT-100645,Software Update,Online Portal,7,3,1,Thu,24.8,1,0
APT-102953,Warranty Repair,Phone,21,1,0,Wed,5.4,0,1
APT-101052,Tire Service,Mobile App,5,2,0,Tue,14.9,1,0
APT-101171,Software Update,Phone,7,1,0,Wed,13.5,0,0
APT-101698,Software Update,Dealer Walk-in,21,1,0,Thu,43.4,0,0
APT-100033,Recall Service,Online Portal,7,1,1,Tue,2.8,0,0
APT-103528,Scheduled Maintenance,Dealer Walk-in,30,1,1,Mon,10.2,1,1
APT-100194,Warranty Repair,Dealer Walk-in,2,0,1,Sat,4.5,0,0
APT-104631,Warranty Repair,Phone,3,0,0,Wed,23.9,1,0
APT-100627,Warranty Repair,Mobile App,5,0,1,Tue,11.9,0,0
APT-100245,Tire Service,Phone,10,0,1,Wed,22.7,1,0
APT-104344,Scheduled Maintenance,Mobile App,5,1,1,Sat,11.8,0,0
APT-104048,Tire Service,Online Portal,1,0,1,Tue,32.3,0,0
APT-102644,Tire Service,Phone,2,3,0,Thu,20.4,0,1
APT-103828,Scheduled Maintenance,Phone,14,0,0,Fri,10.8,0,0
APT-101477,Repair — Customer Reported,Dealer Walk-in,30,1,1,Wed,40.9,0,1
APT-100581,Recall Service,Mobile App,30,0,1,Sat,11.4,0,0
APT-102879,Warranty Repair,Dealer Walk-in,2,1,1,Fri,16.1,0,1
APT-104560,Tire Service,Phone,5,3,1,Mon,41.4,0,0
APT-104610,Recall Service,Phone,0,1,0,Sat,41.4,0,0
APT-104294,Recall Service,Mobile App,10,1,1,Thu,25.7,0,0
APT-103164,Software Update,Online Portal,14,0,0,Tue,31.4,0,1
APT-105740,Repair — Customer Reported,Mobile App,5,1,1,Wed,8.2,0,0
APT-104366,Scheduled Maintenance,Mobile App,1,2,1,Sat,3.2,1,1
APT-103436,Scheduled Maintenance,Online Portal,10,0,0,Tue,36.6,0,0
APT-105579,Software Update,Online Portal,30,2,1,Tue,9.3,0,0
APT-100226,Repair — Customer Reported,Phone,7,0,1,Tue,33.6,1,0
APT-102763,Warranty Repair,Phone,5,0,1,Sat,18.7,1,0
APT-100290,Software Update,Mobile App,10,1,1,Fri,24.7,1,1
APT-101594,Warranty Repair,Dealer Walk-in,7,0,1,Sat,36.1,0,0
APT-104806,Warranty Repair,Dealer Walk-in,3,1,1,Tue,27.2,0,0
APT-104075,Tire Service,Online Portal,3,3,1,Sat,25.0,0,1
APT-102208,Software Update,Online Portal,30,3,0,Fri,3.0,1,1
APT-100024,Scheduled Maintenance,Online Portal,7,0,1,Fri,41.5,0,0
APT-105717,Repair — Customer Reported,Mobile App,2,0,0,Wed,15.1,0,0
APT-101487,Scheduled Maintenance,Dealer Walk-in,3,0,0,Thu,9.9,0,1
APT-102368,Tire Service,Online Portal,1,0,1,Wed,11.0,1,0
APT-105198,Tire Service,Online Portal,21,1,0,Fri,38.0,1,1
APT-103421,Repair — Customer Reported,Mobile App,1,2,1,Tue,15.3,0,0
APT-102218,Scheduled Maintenance,Phone,1,0,1,Thu,6.6,0,0
APT-102674,Repair — Customer Reported,Phone,1,1,0,Sat,19.5,0,0
APT-103106,Warranty Repair,Dealer Walk-in,2,0,0,Thu,30.2,1,0
APT-104813,Scheduled Maintenance,Online Portal,0,2,1,Wed,19.1,0,0
APT-103563,Repair — Customer Reported,Phone,10,1,0,Fri,17.2,0,0
APT-101825,Tire Service,Dealer Walk-in,7,1,1,Mon,26.9,0,0
APT-105365,Software Update,Dealer Walk-in,14,0,1,Thu,33.3,0,1
APT-103016,Recall Service,Online Portal,0,3,0,Fri,24.1,1,1
APT-103536,Tire Service,Mobile App,21,2,1,Sat,35.8,0,1
APT-100523,Warranty Repair,Phone,1,1,1,Sat,27.9,0,0
APT-105565,Software Update,Dealer Walk-in,10,1,0,Wed,40.8,0,1
APT-100903,Warranty Repair,Dealer Walk-in,30,3,0,Thu,35.1,0,1
APT-105523,Warranty Repair,Dealer Walk-in,3,1,0,Tue,16.2,1,0
APT-100772,Repair — Customer Reported,Dealer Walk-in,0,1,1,Wed,44.6,0,0
APT-105831,Software Update,Mobile App,0,0,0,Sat,14.6,0,0
APT-105212,Software Update,Phone,21,0,1,Thu,39.9,1,1
APT-104693,Repair — Customer Reported,Phone,21,2,1,Thu,31.8,1,1
APT-104764,Software Update,Mobile App,14,0,1,Thu,1.1,0,0
APT-104515,Warranty Repair,Mobile App,1,0,1,Tue,36.1,0,0
APT-100857,Scheduled Maintenance,Dealer Walk-in,3,1,0,Fri,4.5,1,0
APT-103981,Warranty Repair,Dealer Walk-in,0,0,1,Fri,24.1,0,0
APT-103746,Warranty Repair,Dealer Walk-in,2,0,1,Mon,13.6,0,0
APT-104882,Warranty Repair,Phone,14,0,0,Mon,37.6,0,0
APT-103419,Tire Service,Dealer Walk-in,3,3,0,Tue,21.5,0,0
APT-105035,Repair — Customer Reported,Mobile App,5,1,1,Mon,14.9,1,0
APT-103765,Repair — Customer Reported,Mobile App,1,0,0,Sat,8.4,0,0
APT-104319,Repair — Customer Reported,Mobile App,21,3,1,Sat,33.3,1,0
APT-101268,Recall Service,Dealer Walk-in,30,0,1,Tue,15.4,0,0
APT-105457,Software Update,Phone,10,3,0,Thu,40.0,0,1
APT-101459,Warranty Repair,Dealer Walk-in,30,0,0,Sat,32.9,0,1
APT-102947,Recall Service,Mobile App,1,0,1,Sat,7.8,0,0
APT-104599,Recall Service,Phone,5,0,0,Wed,21.9,1,0
APT-101303,Tire Service,Phone,7,0,0,Sat,28.9,0,0
APT-104999,Warranty Repair,Dealer Walk-in,14,1,1,Thu,41.8,0,0
APT-103010,Tire Service,Dealer Walk-in,7,1,1,Thu,21.6,0,0
APT-105246,Software Update,Dealer Walk-in,30,1,1,Wed,27.5,1,1
APT-102975,Recall Service,Mobile App,0,0,1,Mon,13.4,0,0
APT-100424,Software Update,Dealer Walk-in,2,0,1,Thu,17.0,1,0
APT-100789,Scheduled Maintenance,Mobile App,1,2,0,Wed,39.6,1,0
APT-105488,Warranty Repair,Dealer Walk-in,1,0,1,Mon,13.9,1,0
APT-103163,Warranty Repair,Phone,1,0,1,Thu,39.8,0,0
APT-104686,Software Update,Online Portal,14,2,0,Sat,35.7,0,1
APT-104360,Tire Service,Phone,14,1,1,Thu,30.2,1,1
APT-101721,Scheduled Maintenance,Phone,2,0,1,Fri,22.5,0,0
APT-100086,Tire Service,Phone,1,0,0,Thu,16.0,0,1
APT-103670,Scheduled Maintenance,Phone,3,0,1,Tue,26.1,0,0
APT-101666,Tire Service,Phone,1,1,1,Thu,8.6,0,0
APT-100162,Repair — Customer Reported,Mobile App,0,1,0,Fri,44.9,0,0
APT-103833,Recall Service,Phone,10,2,1,Wed,13.0,0,1
APT-105299,Repair — Customer Reported,Mobile App,3,2,0,Tue,23.7,0,0
APT-100446,Repair — Customer Reported,Phone,7,0,1,Thu,42.0,0,0
APT-103602,Software Update,Mobile App,14,0,1,Fri,40.4,0,0
APT-100836,Scheduled Maintenance,Mobile App,5,0,1,Fri,4.1,1,0
APT-100630,Recall Service,Online Portal,0,0,1,Sat,21.2,0,0
APT-102401,Tire Service,Online Portal,21,1,0,Thu,34.0,0,0
APT-100744,Recall Service,Dealer Walk-in,30,2,1,Wed,1.3,0,0
APT-101420,Warranty Repair,Dealer Walk-in,2,1,1,Mon,6.5,0,0
APT-102177,Scheduled Maintenance,Dealer Walk-in,14,0,1,Sat,34.7,0,0
APT-103227,Recall Service,Phone,14,1,1,Fri,10.1,1,0
APT-103126,Tire Service,Mobile App,1,2,0,Tue,10.2,1,0
APT-104430,Tire Service,Dealer Walk-in,14,2,1,Mon,11.8,0,1
APT-101940,Recall Service,Mobile App,2,0,1,Wed,30.2,0,0
APT-104138,Recall Service,Online Portal,3,3,1,Thu,16.7,0,1
APT-101834,Tire Service,Online Portal,7,0,0,Thu,8.9,0,0
APT-104588,Recall Service,Phone,14,0,1,Sat,23.3,0,0
APT-100240,Repair — Customer Reported,Online Portal,5,2,1,Tue,16.7,0,0
APT-100539,Warranty Repair,Online Portal,2,3,1,Sat,39.0,1,0
APT-105324,Scheduled Maintenance,Dealer Walk-in,30,2,0,Wed,24.4,1,1
APT-102234,Recall Service,Mobile App,0,0,1,Wed,41.4,0,1
APT-100737,Software Update,Mobile App,2,2,0,Mon,4.7,0,0
APT-101170,Repair — Customer Reported,Phone,3,1,1,Wed,5.2,0,1
APT-101445,Warranty Repair,Mobile App,7,3,1,Wed,39.9,0,0
APT-102351,Tire Service,Phone,7,0,1,Thu,42.1,0,0
APT-104827,Scheduled Maintenance,Mobile App,2,0,1,Thu,42.0,0,0
APT-105124,Scheduled Maintenance,Mobile App,30,2,1,Sat,33.1,0,1
APT-104126,Repair — Customer Reported,Phone,5,0,0,Mon,7.6,1,0
APT-104350,Repair — Customer Reported,Phone,1,0,1,Wed,23.3,0,0
APT-100101,Recall Service,Online Portal,5,0,1,Tue,6.8,0,0
APT-104983,Recall Service,Mobile App,14,1,0,Wed,9.9,0,0
APT-101483,Tire Service,Mobile App,3,0,0,Sat,44.2,0,0
APT-104919,Repair — Customer Reported,Dealer Walk-in,5,1,1,Thu,12.0,0,0
APT-102890,Warranty Repair,Phone,1,0,0,Thu,19.3,0,0
APT-105866,Warranty Repair,Dealer Walk-in,21,0,1,Sat,14.3,1,0
APT-105674,Repair — Customer Reported,Phone,1,0,0,Fri,19.3,0,0
APT-104680,Tire Service,Online Portal,3,0,0,Tue,13.7,0,0
APT-102997,Warranty Repair,Mobile App,2,0,0,Mon,3.7,0,0
APT-102205,Warranty Repair,Mobile App,14,0,1,Tue,21.0,1,0
APT-103705,Repair — Customer Reported,Phone,0,0,0,Wed,35.8,1,0
APT-103272,Scheduled Maintenance,Online Portal,3,0,0,Thu,22.8,0,0
APT-103439,Scheduled Maintenance,Phone,5,0,0,Thu,34.0,0,0
APT-100262,Scheduled Maintenance,Dealer Walk-in,7,2,1,Sat,32.1,0,1
APT-100273,Warranty Repair,Online Portal,5,2,1,Tue,12.0,0,0
APT-103166,Recall Service,Dealer Walk-in,5,1,1,Thu,4.4,0,0
APT-103481,Repair — Customer Reported,Mobile App,0,1,0,Thu,13.6,0,0
APT-104331,Scheduled Maintenance,Online Portal,1,0,1,Wed,38.6,0,0
APT-102089,Recall Service,Phone,21,1,0,Fri,23.4,0,0
APT-105695,Tire Service,Dealer Walk-in,10,2,0,Sat,14.7,0,1
APT-100852,Warranty Repair,Mobile App,1,0,1,Wed,8.6,0,0
APT-100116,Repair — Customer Reported,Dealer Walk-in,10,3,1,Thu,23.2,0,1
APT-102821,Repair — Customer Reported,Mobile App,30,0,1,Fri,5.3,0,0
APT-100609,Scheduled Maintenance,Dealer Walk-in,0,0,0,Thu,6.2,0,0
APT-102422,Recall Service,Mobile App,10,0,1,Tue,14.2,0,0
APT-105168,Repair — Customer Reported,Mobile App,30,1,1,Tue,9.2,0,0
APT-101489,Recall Service,Dealer Walk-in,1,0,0,Thu,26.5,0,0
APT-100450,Tire Service,Dealer Walk-in,7,3,1,Fri,43.4,0,1
APT-105469,Warranty Repair,Online Portal,30,1,0,Sat,26.1,0,1
APT-101741,Recall Service,Online Portal,3,1,0,Mon,12.0,1,0
APT-102043,Warranty Repair,Dealer Walk-in,2,0,1,Tue,35.6,1,0
APT-100946,Recall Service,Phone,14,3,1,Fri,28.2,0,0
APT-104691,Software Update,Phone,3,0,1,Fri,3.5,0,0
APT-103841,Tire Service,Online Portal,3,2,1,Fri,24.9,0,0
APT-102691,Software Update,Phone,30,1,1,Wed,35.2,0,0
APT-105190,Repair — Customer Reported,Online Portal,21,0,1,Tue,34.3,0,0
APT-103895,Recall Service,Phone,30,1,1,Mon,15.6,1,0
APT-105180,Recall Service,Mobile App,21,1,0,Fri,13.9,0,1
APT-104743,Repair — Customer Reported,Phone,21,0,0,Tue,2.6,0,0
APT-103997,Repair — Customer Reported,Online Portal,14,0,1,Sat,15.6,1,0
APT-100117,Software Update,Phone,10,0,1,Wed,37.4,0,0
APT-105531,Warranty Repair,Online Portal,7,0,0,Mon,30.1,0,0
APT-103478,Repair — Customer Reported,Phone,1,3,1,Fri,36.2,0,0
APT-103483,Repair — Customer Reported,Mobile App,30,1,1,Sat,12.0,0,0
APT-101691,Software Update,Dealer Walk-in,30,0,0,Mon,37.9,1,1
APT-104321,Scheduled Maintenance,Mobile App,21,0,1,Mon,16.5,0,0
APT-101223,Warranty Repair,Mobile App,30,0,1,Fri,1.6,0,0
APT-105128,Scheduled Maintenance,Online Portal,0,3,1,Sat,36.9,0,0
APT-103093,Software Update,Phone,30,3,1,Fri,35.8,0,1
APT-100779,Scheduled Maintenance,Dealer Walk-in,3,0,0,Fri,20.5,0,0
APT-105849,Scheduled Maintenance,Online Portal,30,0,1,Sat,22.5,0,0
APT-100894,Software Update,Mobile App,2,1,1,Sat,38.4,0,0
APT-100473,Warranty Repair,Phone,2,1,1,Mon,30.2,0,0
APT-101768,Repair — Customer Reported,Mobile App,1,2,0,Tue,23.5,0,1
APT-100158,Recall Service,Online Portal,7,3,1,Fri,21.8,1,1
APT-103049,Software Update,Phone,5,2,0,Fri,5.8,0,0
APT-101143,Warranty Repair,Dealer Walk-in,2,0,0,Fri,38.7,0,1
APT-101343,Software Update,Phone,30,0,1,Thu,32.1,0,1
APT-104831,Software Update,Phone,2,0,1,Fri,19.6,1,0
APT-100050,Tire Service,Mobile App,3,0,1,Wed,11.3,0,0
APT-102623,Tire Service,Mobile App,7,3,1,Sat,33.9,0,1
APT-105485,Recall Service,Mobile App,14,2,0,Mon,39.5,0,1
APT-100187,Tire Service,Dealer Walk-in,14,2,1,Sat,5.8,0,0
APT-100296,Tire Service,Phone,7,0,0,Fri,30.7,1,1
APT-104023,Software Update,Dealer Walk-in,7,0,0,Fri,11.8,0,0
APT-104211,Warranty Repair,Mobile App,14,0,1,Fri,21.7,1,0
APT-101283,Recall Service,Online Portal,21,0,1,Mon,42.6,1,0
APT-101746,Tire Service,Online Portal,21,0,0,Wed,20.7,1,0
APT-103724,Tire Service,Dealer Walk-in,5,0,1,Fri,25.5,0,0
APT-101430,Recall Service,Phone,30,0,1,Wed,18.3,0,1
APT-104087,Tire Service,Phone,2,2,1,Tue,37.6,1,1
APT-105594,Repair — Customer Reported,Mobile App,5,2,1,Wed,10.5,0,0
APT-100976,Warranty Repair,Phone,2,0,1,Fri,31.7,0,0
APT-104025,Repair — Customer Reported,Online Portal,7,1,0,Wed,24.3,1,0
APT-100893,Tire Service,Phone,1,0,1,Thu,14.9,0,0
APT-105326,Tire Service,Online Portal,10,2,1,Tue,38.7,0,0
APT-103907,Software Update,Mobile App,0,1,1,Wed,9.3,0,0
APT-104675,Warranty Repair,Phone,10,0,0,Thu,5.9,1,0
APT-104239,Scheduled Maintenance,Mobile App,2,0,0,Wed,16.5,1,0
APT-100150,Scheduled Maintenance,Dealer Walk-in,1,2,1,Tue,7.1,0,0
APT-105938,Tire Service,Phone,21,2,1,Thu,32.8,1,1
APT-102562,Software Update,Online Portal,21,3,1,Fri,33.3,0,1
APT-105005,Warranty Repair,Online Portal,10,1,1,Tue,3.9,0,0
APT-104702,Recall Service,Mobile App,7,2,1,Wed,3.3,0,0
APT-105396,Tire Service,Mobile App,30,3,1,Wed,18.2,0,1
APT-105876,Scheduled Maintenance,Dealer Walk-in,5,1,1,Fri,24.1,0,0
APT-102300,Scheduled Maintenance,Dealer Walk-in,30,3,1,Mon,23.8,0,1
APT-100035,Recall Service,Phone,2,3,0,Thu,2.1,0,0
APT-105169,Scheduled Maintenance,Dealer Walk-in,2,0,1,Wed,29.0,0,0
APT-100797,Recall Service,Phone,1,1,0,Tue,12.4,0,0
APT-100547,Software Update,Phone,30,0,1,Sat,24.3,1,0
APT-100632,Software Update,Dealer Walk-in,21,0,1,Wed,31.7,0,1
APT-100097,Repair — Customer Reported,Dealer Walk-in,10,1,1,Wed,9.8,0,1
APT-101872,Scheduled Maintenance,Phone,14,1,0,Tue,32.5,0,0
APT-102068,Repair — Customer Reported,Dealer Walk-in,5,3,0,Wed,36.0,1,0
APT-103386,Warranty Repair,Mobile App,30,3,1,Wed,27.5,0,1
APT-101005,Repair — Customer Reported,Phone,3,3,1,Mon,17.3,0,1
APT-105630,Repair — Customer Reported,Online Portal,1,2,1,Fri,40.5,0,0
APT-102867,Repair — Customer Reported,Mobile App,0,2,0,Tue,22.3,0,0
APT-104259,Warranty Repair,Online Portal,1,0,1,Mon,17.8,0,0
APT-105669,Scheduled Maintenance,Phone,2,2,1,Tue,15.8,0,0
APT-104389,Scheduled Maintenance,Mobile App,5,1,0,Tue,7.6,0,1
APT-100427,Repair — Customer Reported,Mobile App,14,3,0,Mon,44.1,0,1
APT-104003,Warranty Repair,Online Portal,2,0,1,Thu,19.6,0,0
APT-104404,Scheduled Maintenance,Dealer Walk-in,30,1,1,Sat,26.9,0,1
APT-101646,Recall Service,Online Portal,5,2,0,Thu,40.0,1,0
APT-102958,Repair — Customer Reported,Dealer Walk-in,14,1,1,Fri,17.8,1,1
APT-104365,Scheduled Maintenance,Mobile App,30,3,1,Sat,10.4,0,0
APT-105745,Tire Service,Dealer Walk-in,10,1,1,Mon,43.1,0,0
APT-105349,Repair — Customer Reported,Online Portal,2,0,0,Fri,23.5,1,0
APT-105122,Warranty Repair,Online Portal,3,1,1,Wed,14.7,0,1
APT-101620,Scheduled Maintenance,Mobile App,3,2,0,Mon,5.2,0,0
APT-102632,Recall Service,Online Portal,5,3,1,Tue,43.2,1,1
APT-101570,Scheduled Maintenance,Mobile App,2,3,1,Mon,26.3,0,0
APT-102402,Repair — Customer Reported,Mobile App,30,0,1,Wed,23.4,0,1
APT-101006,Scheduled Maintenance,Mobile App,14,0,1,Fri,19.7,0,0
APT-103696,Repair — Customer Reported,Mobile App,30,0,1,Sat,3.6,0,1
APT-104958,Warranty Repair,Mobile App,10,1,1,Fri,28.2,0,0
APT-103026,Warranty Repair,Dealer Walk-in,30,0,1,Fri,13.6,0,1
APT-102450,Warranty Repair,Mobile App,3,0,0,Tue,6.7,0,0
APT-100806,Recall Service,Online Portal,14,0,0,Fri,28.2,0,0
APT-105068,Recall Service,Mobile App,2,2,1,Sat,11.8,0,0
APT-104572,Software Update,Mobile App,2,2,1,Thu,36.5,0,0
APT-103043,Tire Service,Phone,14,0,0,Wed,31.6,0,0
APT-105722,Scheduled Maintenance,Dealer Walk-in,2,1,0,Thu,5.5,0,1
APT-104620,Software Update,Online Portal,14,2,0,Wed,29.3,0,0
APT-101437,Repair — Customer Reported,Online Portal,5,0,1,Mon,40.5,0,0
APT-104953,Software Update,Online Portal,10,0,1,Wed,37.7,0,1
APT-104279,Scheduled Maintenance,Phone,7,0,0,Fri,22.5,0,0
APT-105778,Tire Service,Dealer Walk-in,21,0,1,Sat,17.7,0,0
APT-104273,Software Update,Online Portal,21,1,1,Sat,34.9,0,1
APT-100704,Tire Service,Online Portal,0,1,0,Tue,12.1,0,0
APT-101360,Software Update,Mobile App,5,1,1,Fri,12.5,0,0
APT-103899,Tire Service,Dealer Walk-in,21,0,0,Thu,34.2,0,0
APT-103686,Software Update,Dealer Walk-in,1,1,1,Sat,15.3,0,0
APT-105909,Warranty Repair,Dealer Walk-in,30,0,0,Fri,10.2,0,0
APT-103071,Recall Service,Online Portal,10,0,1,Sat,9.5,0,0
APT-105703,Software Update,Dealer Walk-in,0,0,1,Wed,24.4,0,0
APT-102391,Repair — Customer Reported,Dealer Walk-in,1,1,1,Thu,33.5,0,0
APT-100372,Repair — Customer Reported,Online Portal,1,0,1,Wed,37.6,0,0
APT-100439,Warranty Repair,Dealer Walk-in,30,2,0,Sat,26.3,0,1
APT-100526,Tire Service,Phone,7,0,1,Sat,6.2,0,0
APT-102249,Repair — Customer Reported,Online Portal,0,3,1,Wed,11.0,0,1
APT-103975,Software Update,Dealer Walk-in,3,1,1,Tue,9.2,0,0
APT-104568,Recall Service,Phone,10,0,1,Wed,28.9,0,0
APT-103003,Tire Service,Phone,10,2,0,Tue,17.7,0,1
APT-100071,Recall Service,Online Portal,5,3,1,Mon,18.6,1,1
APT-101649,Tire Service,Mobile App,10,0,0,Tue,34.7,0,0
APT-104081,Warranty Repair,Dealer Walk-in,0,2,1,Mon,17.3,0,0
APT-102476,Recall Service,Phone,3,0,1,Thu,41.4,0,0
APT-101605,Warranty Repair,Online Portal,0,1,1,Wed,40.0,0,1
APT-105362,Recall Service,Mobile App,3,0,1,Thu,2.5,0,0
APT-105794,Warranty Repair,Dealer Walk-in,0,0,1,Thu,20.8,0,0
APT-103343,Tire Service,Mobile App,1,0,0,Wed,30.6,0,0
APT-104467,Tire Service,Dealer Walk-in,3,0,1,Fri,2.1,0,0
APT-105443,Repair — Customer Reported,Online Portal,5,0,0,Wed,31.5,1,0
APT-105110,Scheduled Maintenance,Dealer Walk-in,10,2,1,Fri,27.5,1,0
APT-104036,Software Update,Mobile App,1,3,1,Fri,15.1,0,0
APT-103156,Repair — Customer Reported,Mobile App,30,3,1,Sat,11.4,1,1
APT-100960,Software Update,Mobile App,1,1,1,Mon,27.5,0,0
APT-102807,Software Update,Phone,21,0,1,Thu,21.0,0,1
APT-101148,Warranty Repair,Mobile App,3,0,1,Tue,40.2,0,0
APT-100771,Warranty Repair,Mobile App,0,1,0,Wed,41.6,1,1
APT-105859,Recall Service,Online Portal,14,0,1,Tue,39.6,0,1
APT-104150,Software Update,Dealer Walk-in,5,0,0,Tue,11.5,0,0
APT-101502,Scheduled Maintenance,Mobile App,2,0,1,Tue,11.6,0,0
APT-103124,Repair — Customer Reported,Dealer Walk-in,10,1,0,Fri,34.5,1,1
APT-102330,Recall Service,Online Portal,10,0,1,Mon,17.3,1,0
APT-102477,Software Update,Dealer Walk-in,21,2,1,Fri,25.0,0,1
APT-105240,Repair — Customer Reported,Mobile App,21,0,0,Tue,20.4,0,0
APT-101329,Warranty Repair,Dealer Walk-in,7,2,1,Wed,17.0,0,0
APT-105559,Warranty Repair,Online Portal,1,0,1,Tue,3.3,0,0
APT-104056,Repair — Customer Reported,Phone,14,1,0,Tue,5.9,0,1
APT-101670,Warranty Repair,Phone,0,0,1,Fri,7.3,0,0
APT-101920,Scheduled Maintenance,Online Portal,14,0,0,Sat,42.1,0,0
APT-104128,Repair — Customer Reported,Mobile App,14,0,1,Wed,26.5,0,0
APT-103569,Tire Service,Phone,10,0,1,Sat,30.6,0,1
APT-103713,Warranty Repair,Online Portal,1,0,0,Wed,24.8,0,0
APT-101515,Recall Service,Online Portal,30,0,1,Mon,2.9,1,0
APT-105215,Recall Service,Online Portal,10,2,1,Tue,40.2,0,1
APT-105262,Software Update,Phone,30,0,1,Mon,44.3,1,1
APT-100934,Software Update,Phone,1,0,1,Thu,19.5,0,0
APT-100108,Repair — Customer Reported,Online Portal,7,0,1,Tue,38.6,1,0
APT-104566,Warranty Repair,Online Portal,10,2,0,Tue,39.9,0,0
APT-102064,Scheduled Maintenance,Mobile App,21,0,1,Sat,14.0,0,0
APT-105404,Recall Service,Online Portal,3,0,0,Thu,33.4,0,0
APT-103956,Software Update,Online Portal,7,0,0,Tue,16.0,0,0
APT-101135,Scheduled Maintenance,Dealer Walk-in,5,0,1,Thu,20.3,0,0
APT-105158,Scheduled Maintenance,Mobile App,3,3,1,Sat,17.0,0,0
APT-100234,Software Update,Online Portal,1,0,1,Thu,3.5,1,0
APT-104972,Software Update,Mobile App,7,0,1,Fri,43.5,1,0
APT-101441,Repair — Customer Reported,Dealer Walk-in,14,0,1,Sat,13.0,0,0
APT-100553,Warranty Repair,Online Portal,2,0,1,Fri,40.4,0,0
APT-105708,Tire Service,Dealer Walk-in,7,0,1,Mon,4.9,0,0
APT-105698,Recall Service,Phone,30,0,1,Sat,41.6,0,1
APT-100321,Tire Service,Phone,2,0,1,Wed,3.6,1,0
APT-100205,Software Update,Dealer Walk-in,1,1,0,Wed,28.0,1,0
APT-101659,Recall Service,Online Portal,2,3,1,Sat,41.9,1,1
APT-105581,Repair — Customer Reported,Mobile App,14,0,0,Tue,13.9,0,0
APT-105193,Warranty Repair,Dealer Walk-in,0,1,1,Tue,19.8,0,0
APT-100886,Software Update,Mobile App,2,3,0,Thu,30.2,0,0
APT-100143,Recall Service,Phone,2,0,0,Mon,23.3,0,0
APT-100170,Tire Service,Phone,30,3,1,Thu,45.0,0,1
APT-100052,Warranty Repair,Mobile App,30,3,1,Fri,17.7,1,1
APT-104251,Scheduled Maintenance,Phone,2,3,0,Wed,1.7,1,0
APT-100552,Repair — Customer Reported,Mobile App,30,1,1,Tue,9.5,0,1
APT-100307,Repair — Customer Reported,Phone,14,0,1,Mon,5.0,0,0
APT-101868,Warranty Repair,Online Portal,21,1,0,Wed,3.8,0,0
APT-100173,Software Update,Phone,7,3,1,Wed,38.2,0,0
APT-102161,Software Update,Mobile App,21,0,1,Mon,28.7,1,1
APT-100891,Software Update,Phone,1,1,1,Wed,43.0,0,1
APT-102430,Software Update,Mobile App,3,0,0,Mon,6.9,0,0
APT-102341,Tire Service,Dealer Walk-in,0,0,0,Sat,1.2,0,0
APT-100109,Software Update,Dealer Walk-in,0,0,1,Mon,42.8,0,0
APT-104426,Software Update,Phone,5,2,0,Sat,12.8,0,0
APT-103692,Tire Service,Mobile App,14,0,0,Tue,28.4,0,0
APT-104226,Scheduled Maintenance,Online Portal,14,1,1,Mon,20.0,0,0
APT-101838,Recall Service,Mobile App,5,0,1,Mon,5.2,0,0
APT-103174,Tire Service,Mobile App,5,0,0,Sat,24.1,1,0
APT-103044,Recall Service,Phone,21,1,0,Fri,30.8,0,1
APT-103494,Recall Service,Mobile App,7,0,0,Tue,37.1,1,0
APT-105422,Warranty Repair,Online Portal,1,0,0,Wed,32.4,0,0
APT-103821,Repair — Customer Reported,Mobile App,14,2,0,Thu,4.4,0,1
APT-100792,Tire Service,Mobile App,10,1,0,Sat,29.7,0,0
APT-103239,Software Update,Mobile App,0,0,1,Wed,22.7,0,0
APT-104843,Recall Service,Mobile App,5,3,1,Wed,40.5,0,0
APT-100994,Warranty Repair,Phone,30,0,1,Thu,39.5,0,1
APT-103844,Software Update,Phone,0,1,1,Thu,11.5,0,0
APT-104677,Software Update,Dealer Walk-in,5,0,1,Mon,31.3,0,0
APT-103047,Software Update,Dealer Walk-in,5,0,0,Sat,30.0,0,1
APT-104197,Repair — Customer Reported,Mobile App,5,2,1,Thu,17.9,0,0
APT-105452,Tire Service,Phone,0,1,1,Mon,11.9,0,0
APT-105932,Software Update,Phone,3,2,1,Fri,13.3,0,0
APT-102756,Repair — Customer Reported,Dealer Walk-in,3,0,0,Thu,35.0,0,0
APT-102616,Scheduled Maintenance,Online Portal,2,0,1,Sat,23.3,0,0
APT-104924,Recall Service,Phone,2,1,1,Fri,39.3,0,0
APT-100570,Warranty Repair,Mobile App,3,1,1,Thu,17.9,0,0
APT-105887,Scheduled Maintenance,Online Portal,5,2,1,Mon,35.8,0,0
APT-105157,Tire Service,Dealer Walk-in,2,1,1,Fri,21.4,0,1
APT-100017,Repair — Customer Reported,Online Portal,30,1,1,Mon,4.1,0,0
APT-100685,Repair — Customer Reported,Dealer Walk-in,7,0,1,Tue,37.8,0,1
APT-101672,Scheduled Maintenance,Dealer Walk-in,10,1,0,Fri,29.7,0,0
APT-100338,Software Update,Online Portal,21,1,1,Fri,30.8,0,0
APT-102449,Scheduled Maintenance,Mobile App,10,0,1,Mon,12.3,0,1
APT-104873,Recall Service,Mobile App,0,0,0,Fri,9.4,1,0
APT-101987,Software Update,Dealer Walk-in,10,0,1,Sat,12.2,0,0
APT-104725,Scheduled Maintenance,Dealer Walk-in,5,0,1,Tue,9.2,0,0
APT-103727,Scheduled Maintenance,Online Portal,10,0,1,Mon,6.1,0,0
APT-105407,Scheduled Maintenance,Phone,3,0,1,Tue,10.9,0,0
APT-100700,Software Update,Online Portal,21,1,1,Fri,12.1,0,1
APT-103540,Warranty Repair,Online Portal,30,0,1,Thu,11.0,0,0
APT-103008,Tire Service,Online Portal,2,0,0,Thu,43.0,0,0
APT-100639,Recall Service,Dealer Walk-in,1,1,1,Tue,23.9,0,0
APT-101057,Tire Service,Mobile App,1,0,1,Sat,1.9,0,0
APT-102165,Warranty Repair,Dealer Walk-in,14,0,1,Tue,22.3,0,0
APT-105258,Software Update,Phone,14,1,1,Sat,28.8,1,0
APT-105884,Recall Service,Mobile App,1,0,0,Thu,35.4,1,0
APT-101147,Recall Service,Mobile App,7,1,1,Thu,32.0,0,0
APT-102020,Recall Service,Phone,3,3,0,Tue,5.4,0,0
APT-100396,Tire Service,Dealer Walk-in,10,2,1,Mon,17.8,1,1
APT-102367,Warranty Repair,Dealer Walk-in,3,0,0,Fri,12.3,0,0
APT-101624,Recall Service,Phone,0,3,1,Mon,15.7,0,0
APT-103661,Recall Service,Phone,0,1,1,Tue,8.3,0,0
APT-103286,Tire Service,Dealer Walk-in,14,3,0,Thu,40.9,1,1
APT-105829,Scheduled Maintenance,Dealer Walk-in,10,0,1,Fri,25.8,1,0
APT-104186,Tire Service,Phone,0,0,0,Thu,9.0,0,0
APT-101414,Tire Service,Mobile App,14,1,0,Sat,12.7,0,0
APT-101258,Scheduled Maintenance,Mobile App,7,1,1,Tue,9.5,1,0
APT-105726,Scheduled Maintenance,Dealer Walk-in,5,0,0,Fri,34.3,0,0
APT-105522,Scheduled Maintenance,Mobile App,30,2,1,Fri,1.1,0,1
APT-102095,Software Update,Mobile App,0,0,1,Tue,16.3,0,0
APT-104798,Tire Service,Phone,21,2,1,Sat,41.3,0,1
APT-104849,Repair — Customer Reported,Mobile App,10,0,1,Mon,32.8,0,0
APT-102151,Software Update,Dealer Walk-in,5,1,1,Mon,5.4,0,0
APT-100120,Warranty Repair,Online Portal,5,1,1,Fri,23.3,1,0
APT-102443,Tire Service,Mobile App,3,0,1,Mon,15.3,0,0
APT-101140,Recall Service,Dealer Walk-in,5,0,0,Sat,35.2,0,0
APT-105251,Software Update,Online Portal,30,0,0,Wed,43.6,0,1
APT-105381,Warranty Repair,Online Portal,5,3,1,Thu,41.5,0,1
APT-100499,Scheduled Maintenance,Phone,21,0,1,Sat,11.9,0,0
APT-104532,Repair — Customer Reported,Mobile App,30,0,1,Fri,4.7,1,0
APT-100881,Scheduled Maintenance,Online Portal,14,2,1,Tue,2.1,1,0
APT-105463,Tire Service,Mobile App,0,0,1,Sat,4.6,0,0
APT-102896,Warranty Repair,Mobile App,2,0,1,Mon,26.1,1,0
APT-100602,Warranty Repair,Online Portal,14,0,1,Mon,30.2,0,0
APT-103974,Scheduled Maintenance,Phone,10,1,1,Wed,21.0,0,1
APT-101395,Recall Service,Phone,0,1,1,Sat,24.3,0,0
APT-105090,Recall Service,Dealer Walk-in,3,0,1,Sat,22.9,0,0
APT-105838,Software Update,Dealer Walk-in,2,0,0,Tue,6.9,0,0
APT-102664,Warranty Repair,Phone,0,0,1,Mon,12.3,0,0
APT-101081,Repair — Customer Reported,Mobile App,21,0,0,Wed,29.9,0,0
APT-103739,Software Update,Online Portal,5,1,1,Thu,33.4,0,1
APT-103295,Scheduled Maintenance,Dealer Walk-in,3,0,0,Tue,32.6,0,0
APT-102595,Scheduled Maintenance,Mobile App,3,1,0,Sat,32.9,0,0
APT-100088,Warranty Repair,Mobile App,7,2,0,Tue,26.2,0,1
APT-100387,Tire Service,Mobile App,7,1,1,Sat,10.8,0,0
APT-105458,Tire Service,Mobile App,30,1,0,Tue,31.3,0,1
APT-104655,Software Update,Mobile App,5,1,1,Mon,3.3,1,0
APT-100517,Tire Service,Dealer Walk-in,21,0,0,Tue,31.6,0,0
APT-103092,Repair — Customer Reported,Dealer Walk-in,30,0,0,Sat,11.1,0,1
APT-100357,Software Update,Online Portal,30,1,1,Tue,16.1,0,0
APT-104178,Tire Service,Phone,3,3,1,Mon,30.4,0,0
APT-101161,Scheduled Maintenance,Phone,3,2,1,Tue,4.7,0,0
APT-101095,Software Update,Online Portal,3,0,0,Fri,40.8,0,1
APT-104210,Tire Service,Phone,5,1,0,Fri,22.8,1,0
APT-105418,Software Update,Mobile App,30,0,0,Thu,36.6,0,0
APT-102365,Recall Service,Mobile App,30,2,0,Fri,35.7,0,1
APT-103865,Warranty Repair,Phone,7,0,1,Sat,5.2,0,0
APT-103896,Tire Service,Mobile App,1,0,1,Wed,6.2,1,0
APT-100159,Scheduled Maintenance,Dealer Walk-in,5,0,1,Thu,33.7,0,0
APT-101950,Warranty Repair,Dealer Walk-in,5,0,0,Sat,32.9,0,0
APT-101803,Scheduled Maintenance,Phone,0,0,1,Sat,34.4,0,0
APT-100011,Scheduled Maintenance,Online Portal,21,2,0,Wed,5.9,0,0
APT-104139,Tire Service,Online Portal,7,0,1,Thu,32.8,0,0
APT-101813,Warranty Repair,Mobile App,14,1,1,Mon,38.1,0,1
APT-100874,Software Update,Dealer Walk-in,0,3,0,Mon,5.3,0,0
APT-100691,Scheduled Maintenance,Online Portal,30,0,1,Fri,21.9,1,0
APT-104667,Recall Service,Dealer Walk-in,30,1,0,Thu,30.8,1,1
APT-100006,Repair — Customer Reported,Online Portal,30,1,1,Tue,8.2,0,0
APT-100598,Repair — Customer Reported,Dealer Walk-in,14,1,1,Thu,41.6,0,0
APT-103326,Repair — Customer Reported,Mobile App,7,0,0,Tue,6.2,0,0
APT-102728,Warranty Repair,Phone,21,1,1,Sat,18.9,0,1
APT-103282,Warranty Repair,Online Portal,5,0,0,Tue,13.0,0,0
APT-103333,Warranty Repair,Phone,3,0,1,Sat,36.7,0,0
APT-104166,Software Update,Mobile App,14,1,0,Fri,10.8,0,0
APT-100869,Scheduled Maintenance,Mobile App,10,1,1,Mon,41.5,0,1
APT-101757,Tire Service,Mobile App,10,2,1,Thu,29.1,0,0
APT-102516,Tire Service,Mobile App,5,0,1,Thu,38.8,1,0
APT-104233,Recall Service,Dealer Walk-in,10,3,1,Mon,44.6,0,0
APT-102472,Tire Service,Dealer Walk-in,0,0,0,Wed,23.2,0,1
APT-105657,Warranty Repair,Mobile App,1,3,0,Fri,2.3,0,1
APT-103324,Warranty Repair,Mobile App,10,0,1,Wed,44.5,1,0
APT-102971,Tire Service,Mobile App,0,1,1,Fri,5.7,0,0
APT-104320,Scheduled Maintenance,Mobile App,7,0,1,Thu,27.1,0,0
APT-101719,Software Update,Online Portal,3,0,0,Wed,7.1,0,0
APT-104401,Software Update,Online Portal,10,2,1,Wed,14.6,1,0
APT-103141,Recall Service,Online Portal,3,2,1,Fri,2.3,1,0
APT-105571,Repair — Customer Reported,Mobile App,7,2,1,Sat,43.0,0,0
APT-105642,Software Update,Online Portal,1,1,1,Mon,37.3,1,0
APT-103755,Warranty Repair,Phone,2,0,0,Wed,41.3,0,1
APT-101066,Software Update,Mobile App,10,0,0,Wed,41.5,0,0
APT-104797,Repair — Customer Reported,Mobile App,21,1,0,Tue,33.3,0,1
APT-101641,Scheduled Maintenance,Dealer Walk-in,2,1,1,Thu,29.0,0,0
APT-105539,Warranty Repair,Phone,5,0,0,Fri,10.5,0,0
APT-104002,Software Update,Mobile App,30,2,0,Wed,21.9,0,1
APT-104084,Scheduled Maintenance,Phone,21,2,1,Fri,18.3,0,0
APT-102075,Tire Service,Phone,30,3,1,Sat,39.1,0,1
APT-103916,Warranty Repair,Mobile App,1,3,1,Thu,31.5,0,0
APT-103314,Tire Service,Mobile App,7,1,1,Wed,36.8,0,0
APT-104556,Tire Service,Mobile App,3,2,1,Mon,42.3,1,1
APT-104140,Recall Service,Dealer Walk-in,1,0,0,Tue,12.9,0,0
APT-104182,Software Update,Mobile App,3,2,1,Mon,26.2,0,0
APT-103648,Repair — Customer Reported,Online Portal,30,0,0,Tue,23.7,0,0
APT-103401,Repair — Customer Reported,Online Portal,1,0,1,Fri,9.7,1,0
APT-105629,Software Update,Mobile App,10,3,1,Fri,26.7,0,1
APT-103968,Scheduled Maintenance,Phone,7,0,0,Wed,38.0,0,0
APT-104068,Repair — Customer Reported,Phone,7,0,1,Sat,38.5,0,1
APT-103413,Scheduled Maintenance,Phone,2,1,0,Tue,30.3,0,0
APT-104184,Scheduled Maintenance,Phone,14,0,1,Thu,1.4,0,0
APT-100061,Repair — Customer Reported,Mobile App,7,0,1,Mon,38.4,0,0
APT-104858,Recall Service,Phone,0,0,1,Mon,42.6,0,0
APT-104295,Tire Service,Mobile App,30,0,1,Tue,30.7,1,1
APT-104967,Scheduled Maintenance,Online Portal,10,0,0,Wed,12.5,0,0
APT-103359,Scheduled Maintenance,Mobile App,1,0,1,Wed,20.7,0,0
APT-104626,Tire Service,Phone,10,0,1,Mon,31.5,0,0
APT-102618,Recall Service,Online Portal,21,0,1,Mon,1.6,0,1
APT-100556,Tire Service,Online Portal,5,1,1,Mon,12.9,1,0
APT-101799,Scheduled Maintenance,Phone,5,1,1,Wed,41.1,0,0
APT-100530,Recall Service,Phone,3,0,0,Mon,41.7,0,0
APT-104110,Warranty Repair,Phone,10,2,1,Sat,8.8,0,1
APT-105133,Scheduled Maintenance,Mobile App,30,0,1,Fri,5.9,0,1
APT-102702,Tire Service,Online Portal,5,0,1,Fri,39.4,0,0
APT-102949,Software Update,Online Portal,30,1,1,Tue,26.0,0,1
APT-105354,Recall Service,Dealer Walk-in,7,2,1,Sat,2.8,1,0
APT-102909,Scheduled Maintenance,Dealer Walk-in,0,3,0,Tue,21.5,1,0
APT-103938,Recall Service,Phone,0,2,0,Thu,20.3,0,0
APT-102305,Scheduled Maintenance,Phone,14,1,1,Thu,5.3,1,1
APT-103888,Tire Service,Online Portal,7,2,1,Fri,26.8,0,1
APT-104772,Scheduled Maintenance,Online Portal,21,0,1,Fri,9.2,1,0
APT-101462,Recall Service,Phone,7,2,1,Thu,11.1,0,0
APT-101431,Software Update,Mobile App,3,0,1,Mon,33.7,0,0
APT-100616,Scheduled Maintenance,Phone,1,1,1,Wed,19.3,0,0
APT-103032,Scheduled Maintenance,Online Portal,1,3,0,Wed,15.1,0,1
APT-104607,Scheduled Maintenance,Online Portal,0,0,0,Thu,16.4,0,0
APT-102207,Repair — Customer Reported,Online Portal,10,1,0,Thu,38.2,1,1
APT-100753,Software Update,Online Portal,0,3,1,Thu,43.4,0,0
APT-101622,Repair — Customer Reported,Phone,0,3,0,Sat,4.4,1,0
APT-104194,Warranty Repair,Dealer Walk-in,30,1,0,Mon,41.7,1,1
APT-101126,Tire Service,Phone,10,1,0,Fri,12.5,0,1
APT-105392,Software Update,Online Portal,7,0,1,Wed,44.1,0,0
APT-105018,Scheduled Maintenance,Phone,7,2,0,Sat,27.3,0,1
APT-105283,Recall Service,Online Portal,10,1,1,Fri,7.4,0,0
APT-105943,Scheduled Maintenance,Phone,14,0,1,Thu,15.2,0,0
APT-100472,Warranty Repair,Online Portal,1,0,1,Sat,42.0,0,0
APT-103777,Warranty Repair,Online Portal,10,0,0,Wed,28.8,1,0
APT-103121,Warranty Repair,Online Portal,10,0,1,Wed,16.3,0,0
APT-104155,Warranty Repair,Phone,21,0,1,Sat,7.7,0,0
APT-102657,Scheduled Maintenance,Phone,30,0,1,Thu,3.1,0,1
APT-104435,Repair — Customer Reported,Dealer Walk-in,5,0,0,Tue,35.3,0,0
APT-105150,Repair — Customer Reported,Mobile App,5,0,1,Mon,9.3,0,0
APT-100905,Tire Service,Phone,0,1,0,Thu,13.0,0,1
APT-105895,Software Update,Online Portal,2,0,0,Thu,34.3,0,0
APT-100254,Software Update,Mobile App,7,3,1,Mon,5.3,0,0
APT-104369,Warranty Repair,Phone,1,1,1,Tue,40.0,0,0
APT-100689,Warranty Repair,Online Portal,3,0,1,Sat,15.9,0,0
APT-104803,Scheduled Maintenance,Online Portal,7,0,0,Sat,36.3,0,0
APT-104616,Warranty Repair,Dealer Walk-in,1,0,0,Wed,39.5,0,0
APT-101423,Scheduled Maintenance,Phone,2,0,1,Sat,11.3,0,0
APT-103802,Scheduled Maintenance,Mobile App,3,0,0,Mon,37.8,0,0
APT-103261,Scheduled Maintenance,Online Portal,10,0,1,Wed,2.9,0,0
APT-100435,Recall Service,Dealer Walk-in,2,1,1,Thu,27.2,1,0
APT-100186,Tire Service,Dealer Walk-in,2,0,1,Wed,27.1,0,0
APT-100089,Software Update,Mobile App,10,0,0,Sat,44.2,0,0
APT-103492,Scheduled Maintenance,Online Portal,5,0,1,Fri,12.9,1,1
APT-102822,Tire Service,Dealer Walk-in,1,2,1,Tue,10.4,0,0
APT-104994,Scheduled Maintenance,Online Portal,10,1,1,Mon,28.3,0,0
APT-104646,Warranty Repair,Mobile App,5,0,0,Sat,15.0,0,1
APT-101891,Repair — Customer Reported,Phone,0,1,0,Sat,1.6,1,1
APT-104376,Repair — Customer Reported,Online Portal,14,0,0,Fri,7.9,1,0
APT-103487,Software Update,Online Portal,2,0,1,Wed,28.9,0,0
APT-104266,Warranty Repair,Dealer Walk-in,30,0,0,Tue,27.2,0,1
APT-104651,Warranty Repair,Phone,2,0,0,Thu,17.7,0,0
APT-105707,Scheduled Maintenance,Dealer Walk-in,30,1,1,Sat,2.5,0,1
APT-103507,Software Update,Phone,30,0,0,Thu,34.1,0,1
APT-100822,Tire Service,Dealer Walk-in,14,1,1,Sat,17.5,0,0
APT-100384,Warranty Repair,Phone,1,0,0,Thu,4.9,0,0
APT-102768,Repair — Customer Reported,Dealer Walk-in,2,0,1,Mon,42.1,0,1
APT-103213,Recall Service,Dealer Walk-in,14,0,1,Sat,24.3,0,1
APT-100099,Software Update,Online Portal,30,1,0,Wed,35.1,0,1
APT-101189,Scheduled Maintenance,Online Portal,2,1,1,Fri,28.6,1,1
APT-105925,Tire Service,Dealer Walk-in,30,1,1,Mon,38.2,0,1
APT-103933,Scheduled Maintenance,Dealer Walk-in,3,1,1,Thu,41.0,0,0
APT-104225,Warranty Repair,Mobile App,5,0,1,Fri,43.3,0,0
APT-103089,Recall Service,Phone,10,3,1,Sat,20.5,0,0
APT-105400,Warranty Repair,Online Portal,10,1,0,Fri,13.5,0,1
APT-105775,Tire Service,Mobile App,3,0,1,Fri,6.9,0,0
APT-101684,Repair — Customer Reported,Phone,3,1,1,Fri,33.5,0,0
APT-105828,Warranty Repair,Dealer Walk-in,5,0,0,Sat,37.3,0,0
APT-101033,Warranty Repair,Online Portal,5,0,1,Tue,27.5,0,0
APT-104296,Scheduled Maintenance,Dealer Walk-in,10,0,0,Thu,4.6,0,1
APT-102353,Repair — Customer Reported,Phone,0,0,0,Mon,26.3,0,1
APT-105556,Scheduled Maintenance,Dealer Walk-in,3,0,1,Fri,11.6,1,0
APT-103590,Repair — Customer Reported,Dealer Walk-in,0,3,0,Sat,31.4,0,0
APT-101113,Repair — Customer Reported,Dealer Walk-in,5,2,1,Mon,20.4,0,0
APT-100817,Software Update,Phone,10,1,0,Wed,42.2,0,0
APT-102006,Scheduled Maintenance,Online Portal,21,0,1,Mon,18.1,0,0
APT-102275,Warranty Repair,Online Portal,3,0,1,Mon,23.8,0,1
APT-102007,Software Update,Online Portal,0,2,1,Fri,41.3,0,0
APT-103075,Warranty Repair,Phone,21,3,1,Tue,7.6,0,0
APT-100329,Tire Service,Phone,2,0,0,Mon,14.0,0,1
APT-103078,Software Update,Mobile App,5,0,0,Wed,41.3,0,0
APT-102225,Scheduled Maintenance,Dealer Walk-in,21,0,1,Thu,28.9,0,1
APT-105837,Software Update,Online Portal,10,3,1,Thu,31.6,0,1
APT-103017,Warranty Repair,Dealer Walk-in,5,1,1,Mon,21.8,1,0
APT-103364,Recall Service,Phone,14,0,1,Mon,15.7,0,1
APT-102106,Scheduled Maintenance,Mobile App,2,0,1,Fri,36.8,0,0
APT-105793,Warranty Repair,Mobile App,30,2,1,Thu,36.9,0,0
APT-104812,Warranty Repair,Online Portal,5,2,1,Mon,22.7,0,0
APT-101506,Warranty Repair,Phone,0,0,1,Wed,38.0,1,0
APT-100341,Tire Service,Mobile App,0,2,1,Fri,35.4,1,0
APT-104881,Software Update,Online Portal,10,1,1,Wed,42.9,0,0
APT-101381,Recall Service,Phone,10,0,0,Thu,8.0,0,0
APT-102714,Tire Service,Dealer Walk-in,7,0,1,Wed,37.1,1,0
APT-105754,Software Update,Phone,2,0,0,Tue,8.8,0,0
APT-105924,Repair — Customer Reported,Phone,30,1,1,Mon,16.4,0,1
APT-104885,Repair — Customer Reported,Phone,5,2,1,Sat,30.5,0,1
APT-101498,Recall Service,Mobile App,5,0,1,Mon,28.3,0,0
APT-102113,Tire Service,Online Portal,2,0,1,Sat,16.8,0,0
APT-104247,Scheduled Maintenance,Dealer Walk-in,21,0,1,Tue,43.0,1,1
APT-105367,Warranty Repair,Dealer Walk-in,30,0,1,Sat,25.0,0,1
APT-102824,Repair — Customer Reported,Mobile App,30,0,0,Sat,11.8,0,0
APT-100094,Scheduled Maintenance,Online Portal,7,2,1,Wed,20.0,0,0
APT-105103,Software Update,Dealer Walk-in,14,0,0,Thu,27.5,0,0
APT-104860,Tire Service,Online Portal,5,3,1,Wed,19.1,0,1
APT-103399,Warranty Repair,Dealer Walk-in,2,0,0,Thu,26.7,0,0
APT-103566,Warranty Repair,Online Portal,30,1,0,Thu,36.6,0,0
APT-105171,Software Update,Mobile App,10,3,0,Thu,27.2,0,1
APT-102191,Repair — Customer Reported,Online Portal,7,0,0,Wed,19.1,1,0
APT-105566,Warranty Repair,Dealer Walk-in,30,2,1,Mon,41.9,0,1
APT-104471,Repair — Customer Reported,Online Portal,14,0,0,Mon,18.1,0,1
APT-101762,Warranty Repair,Online Portal,2,1,0,Sat,36.3,0,0
APT-101761,Recall Service,Mobile App,2,0,1,Fri,21.3,0,0
APT-102605,Software Update,Online Portal,10,2,1,Sat,39.1,0,0
APT-100201,Scheduled Maintenance,Dealer Walk-in,2,1,1,Sat,9.2,0,0
APT-101933,Tire Service,Phone,1,3,1,Sat,20.1,0,0
APT-102762,Tire Service,Mobile App,3,3,0,Fri,33.4,1,1
APT-103628,Repair — Customer Reported,Phone,1,0,1,Fri,28.4,0,0
APT-105677,Warranty Repair,Dealer Walk-in,1,3,0,Wed,5.4,1,0
APT-104418,Recall Service,Phone,14,0,1,Tue,28.7,0,0
APT-101990,Scheduled Maintenance,Mobile App,0,2,1,Sat,2.6,0,1
APT-104477,Tire Service,Phone,21,0,1,Fri,16.2,0,1
APT-100493,Software Update,Phone,0,1,1,Fri,11.5,0,0
APT-104605,Scheduled Maintenance,Phone,14,1,1,Thu,14.8,1,1
APT-105611,Recall Service,Mobile App,21,1,1,Sat,4.5,0,1
APT-102323,Tire Service,Dealer Walk-in,21,0,1,Thu,11.6,0,0
APT-103962,Scheduled Maintenance,Mobile App,10,0,0,Fri,28.8,1,0
APT-105532,Software Update,Dealer Walk-in,10,3,1,Thu,17.7,0,0
APT-101881,Software Update,Phone,14,0,1,Mon,12.3,0,0
APT-103629,Tire Service,Mobile App,2,0,1,Wed,7.2,1,0
APT-102561,Scheduled Maintenance,Online Portal,1,3,1,Mon,21.9,0,0
APT-102046,Repair — Customer Reported,Dealer Walk-in,30,0,1,Tue,5.2,0,1
APT-102277,Tire Service,Dealer Walk-in,0,1,1,Tue,23.7,0,0
APT-102931,Software Update,Dealer Walk-in,10,0,1,Mon,21.2,0,0
APT-105752,Software Update,Phone,3,0,1,Wed,12.4,0,0
APT-100926,Software Update,Online Portal,10,1,0,Tue,44.7,0,0
APT-104080,Scheduled Maintenance,Dealer Walk-in,2,0,0,Mon,12.7,0,0
APT-101348,Scheduled Maintenance,Online Portal,7,3,1,Sat,24.4,0,1
APT-104717,Warranty Repair,Mobile App,10,0,0,Fri,34.2,0,0
APT-105570,Software Update,Mobile App,14,1,0,Fri,36.7,0,1
APT-105588,Repair — Customer Reported,Online Portal,14,3,1,Mon,13.3,0,1
APT-105916,Software Update,Phone,0,1,0,Thu,18.6,0,0
APT-100438,Software Update,Mobile App,21,0,0,Sat,24.3,0,0
APT-104122,Warranty Repair,Mobile App,3,0,1,Wed,3.3,0,0
APT-101909,Repair — Customer Reported,Mobile App,10,3,1,Wed,23.0,0,0
APT-103887,Tire Service,Phone,5,2,1,Tue,1.3,0,0
APT-105618,Scheduled Maintenance,Dealer Walk-in,30,2,1,Thu,8.3,0,1
APT-103463,Tire Service,Dealer Walk-in,21,0,1,Wed,18.0,0,1
APT-100055,Warranty Repair,Phone,0,0,1,Thu,15.4,0,0
APT-103803,Scheduled Maintenance,Mobile App,2,0,1,Tue,16.3,0,0
APT-104384,Repair — Customer Reported,Phone,14,0,0,Mon,15.2,0,1
APT-104047,Repair — Customer Reported,Online Portal,0,1,1,Wed,30.1,0,0
APT-102125,Software Update,Phone,3,0,1,Thu,33.7,0,0
APT-105160,Repair — Customer Reported,Dealer Walk-in,3,0,1,Thu,10.9,0,0
APT-100042,Tire Service,Dealer Walk-in,10,0,0,Fri,6.6,0,0
APT-101098,Tire Service,Mobile App,0,1,1,Thu,31.6,0,1
APT-101365,Recall Service,Dealer Walk-in,14,0,1,Tue,27.5,0,0
APT-104594,Recall Service,Mobile App,1,3,0,Thu,19.3,0,0
APT-104357,Warranty Repair,Phone,14,1,1,Thu,3.6,0,0
APT-102509,Recall Service,Mobile App,21,1,1,Tue,5.3,0,0
APT-101190,Software Update,Dealer Walk-in,14,0,0,Tue,14.5,0,0
APT-104891,Software Update,Phone,10,0,1,Thu,18.6,0,0
APT-101574,Scheduled Maintenance,Mobile App,21,0,1,Wed,7.2,0,1
APT-104942,Warranty Repair,Mobile App,10,1,1,Mon,22.2,0,1
APT-101299,Software Update,Dealer Walk-in,21,0,0,Thu,29.3,0,1
APT-101660,Warranty Repair,Online Portal,14,0,0,Tue,30.8,1,0
APT-102311,Tire Service,Dealer Walk-in,1,0,1,Sat,8.3,0,0
APT-100404,Tire Service,Mobile App,1,0,0,Sat,15.6,0,0
APT-100820,Tire Service,Phone,21,0,1,Tue,3.3,0,0
APT-103592,Software Update,Mobile App,1,2,0,Mon,24.0,0,1
APT-105561,Scheduled Maintenance,Online Portal,0,0,1,Mon,11.0,1,0
APT-100514,Repair — Customer Reported,Phone,7,1,0,Thu,28.4,0,1
APT-104440,Warranty Repair,Dealer Walk-in,30,1,1,Mon,10.6,1,1
APT-104274,Repair — Customer Reported,Mobile App,10,1,0,Fri,2.3,1,0
APT-101981,Recall Service,Dealer Walk-in,14,0,1,Wed,32.5,0,1
APT-101245,Recall Service,Online Portal,3,1,1,Mon,12.4,0,0
APT-100381,Tire Service,Phone,7,1,0,Fri,5.2,0,0
APT-103823,Repair — Customer Reported,Mobile App,14,1,1,Tue,25.8,0,0
APT-104945,Warranty Repair,Dealer Walk-in,14,2,1,Fri,11.0,1,0
APT-100217,Repair — Customer Reported,Phone,30,0,1,Sat,37.0,0,0
APT-101778,Warranty Repair,Online Portal,30,2,1,Mon,10.4,0,0
APT-103363,Recall Service,Mobile App,14,0,1,Fri,23.9,0,0
APT-100313,Scheduled Maintenance,Mobile App,10,0,1,Tue,13.1,0,0
APT-104545,Repair — Customer Reported,Phone,21,3,1,Thu,38.0,0,0
APT-101026,Software Update,Dealer Walk-in,10,0,0,Fri,14.7,0,0
APT-104267,Scheduled Maintenance,Online Portal,7,0,0,Mon,15.2,1,1
APT-102284,Repair — Customer Reported,Mobile App,10,2,0,Mon,12.0,0,1
APT-100594,Warranty Repair,Mobile App,3,1,1,Tue,23.9,0,0
APT-104024,Tire Service,Dealer Walk-in,0,1,1,Fri,22.1,0,0
APT-105339,Tire Service,Phone,2,0,1,Wed,39.2,0,0
APT-104685,Warranty Repair,Dealer Walk-in,7,1,1,Wed,9.3,0,0
APT-101446,Tire Service,Phone,0,0,0,Sat,7.4,0,0
APT-101601,Scheduled Maintenance,Dealer Walk-in,2,2,0,Fri,4.6,0,0
APT-101723,Software Update,Mobile App,0,2,0,Mon,9.9,0,0
APT-104576,Warranty Repair,Online Portal,10,0,1,Sat,16.3,0,0
APT-102523,Warranty Repair,Phone,1,0,0,Fri,7.1,1,0
APT-105017,Scheduled Maintenance,Mobile App,0,3,0,Tue,5.5,0,0
APT-103568,Warranty Repair,Dealer Walk-in,30,0,1,Wed,36.5,1,0
APT-105619,Scheduled Maintenance,Dealer Walk-in,2,3,0,Sat,44.0,0,1
APT-103603,Tire Service,Dealer Walk-in,21,0,1,Mon,43.1,1,0
APT-105504,Software Update,Online Portal,30,3,1,Fri,11.8,0,1
APT-101606,Software Update,Dealer Walk-in,21,0,1,Mon,11.4,1,1
APT-102982,Software Update,Online Portal,3,1,1,Mon,39.6,0,0
APT-105220,Tire Service,Dealer Walk-in,14,1,1,Sat,40.9,0,0
APT-105792,Repair — Customer Reported,Dealer Walk-in,7,0,0,Sat,43.6,0,0
APT-104804,Repair — Customer Reported,Online Portal,2,1,1,Sat,33.7,0,0
APT-105109,Software Update,Phone,5,2,0,Fri,22.4,0,0
APT-100275,Scheduled Maintenance,Mobile App,21,1,0,Wed,21.0,0,0
APT-104995,Recall Service,Dealer Walk-in,10,0,0,Wed,6.2,0,0
APT-100793,Warranty Repair,Online Portal,7,3,1,Fri,16.8,1,0
APT-100949,Scheduled Maintenance,Phone,30,0,0,Wed,3.0,0,0
APT-105592,Software Update,Online Portal,1,3,1,Wed,11.2,0,0
APT-104880,Tire Service,Online Portal,7,1,1,Fri,34.6,0,1
APT-105870,Tire Service,Mobile App,1,1,1,Mon,33.2,0,0
APT-103192,Scheduled Maintenance,Online Portal,3,0,0,Wed,38.7,0,0
APT-105718,Software Update,Dealer Walk-in,7,0,1,Fri,13.5,0,0
APT-103440,Software Update,Online Portal,30,0,0,Wed,4.0,0,1
APT-105800,Warranty Repair,Phone,21,0,0,Wed,2.2,0,1
APT-103618,Scheduled Maintenance,Dealer Walk-in,14,1,0,Mon,33.5,0,0
APT-105132,Tire Service,Online Portal,7,0,0,Mon,41.6,0,0
APT-105432,Software Update,Phone,0,0,1,Thu,26.0,0,0
APT-105250,Repair — Customer Reported,Mobile App,7,0,1,Tue,19.5,0,0
APT-104833,Recall Service,Dealer Walk-in,2,1,1,Mon,35.5,1,0
APT-100322,Scheduled Maintenance,Dealer Walk-in,1,0,0,Thu,26.8,0,0
APT-101198,Warranty Repair,Mobile App,10,0,1,Sat,17.4,0,0
APT-105609,Warranty Repair,Phone,30,0,1,Thu,38.5,0,0
APT-104244,Recall Service,Online Portal,5,0,1,Mon,21.2,1,0
APT-103060,Recall Service,Online Portal,0,0,1,Mon,9.6,0,0
APT-103684,Repair — Customer Reported,Mobile App,1,1,0,Fri,18.4,0,0
APT-102462,Repair — Customer Reported,Phone,2,0,0,Sat,34.2,0,1
APT-103408,Warranty Repair,Mobile App,3,0,0,Wed,23.8,0,0
APT-101924,Warranty Repair,Phone,2,0,1,Thu,30.2,0,0
APT-104870,Warranty Repair,Online Portal,14,3,1,Wed,23.6,0,1
APT-105346,Repair — Customer Reported,Phone,1,0,1,Sat,44.3,0,0
APT-100878,Software Update,Online Portal,0,0,0,Mon,30.3,0,0
APT-104614,Software Update,Mobile App,10,3,0,Wed,6.7,0,1
APT-100229,Tire Service,Mobile App,2,3,1,Sat,43.1,0,1
APT-102814,Repair — Customer Reported,Phone,10,1,0,Mon,15.8,0,0
APT-102884,Scheduled Maintenance,Mobile App,0,3,1,Sat,40.8,0,0
APT-105411,Repair — Customer Reported,Online Portal,5,0,1,Fri,17.6,0,0
APT-101923,Warranty Repair,Online Portal,0,3,1,Sat,23.8,0,0
APT-100327,Repair — Customer Reported,Mobile App,0,0,1,Mon,16.4,0,0
APT-104986,Tire Service,Mobile App,1,0,0,Thu,17.3,1,0
APT-100078,Tire Service,Online Portal,10,1,1,Mon,5.0,0,0
APT-102777,Warranty Repair,Online Portal,10,0,1,Tue,35.8,0,0
APT-101481,Warranty Repair,Dealer Walk-in,30,0,1,Wed,27.7,0,0
APT-101172,Repair — Customer Reported,Mobile App,5,1,1,Tue,4.4,1,0
APT-103853,Scheduled Maintenance,Online Portal,21,0,1,Mon,37.0,0,0
APT-105767,Warranty Repair,Phone,0,0,0,Sat,37.5,1,0
APT-103235,Tire Service,Mobile App,21,1,1,Wed,32.9,1,1
APT-100707,Warranty Repair,Online Portal,5,2,0,Thu,21.7,0,0
APT-100676,Scheduled Maintenance,Phone,1,0,1,Tue,27.2,0,0
APT-105050,Software Update,Online Portal,7,0,0,Wed,27.3,0,0
APT-102398,Tire Service,Online Portal,2,3,1,Sat,37.4,1,0
APT-105990,Software Update,Mobile App,3,0,1,Tue,29.6,0,0
APT-103817,Scheduled Maintenance,Online Portal,7,0,1,Thu,22.9,0,0
APT-104306,Tire Service,Phone,3,0,0,Fri,21.3,1,0
APT-101521,Recall Service,Phone,3,3,1,Tue,41.7,0,1
APT-104586,Scheduled Maintenance,Mobile App,7,1,1,Sat,24.0,0,0
APT-100606,Repair — Customer Reported,Phone,2,1,0,Sat,9.4,0,0
APT-103357,Scheduled Maintenance,Online Portal,2,1,1,Thu,36.4,1,0
APT-100708,Scheduled Maintenance,Phone,5,1,1,Fri,33.1,0,0
APT-102263,Warranty Repair,Mobile App,0,0,1,Mon,34.6,0,0
APT-102081,Recall Service,Mobile App,30,0,1,Mon,5.5,0,0
APT-104889,Recall Service,Online Portal,5,0,0,Tue,4.7,0,0
APT-101573,Software Update,Phone,14,0,1,Mon,12.1,0,0
APT-101686,Repair — Customer Reported,Phone,21,2,0,Thu,8.8,0,0
APT-105987,Tire Service,Online Portal,5,0,1,Mon,6.0,0,0
APT-103939,Repair — Customer Reported,Phone,2,0,1,Sat,6.0,0,0
APT-103511,Tire Service,Phone,1,2,0,Sat,26.5,1,1
APT-105475,Tire Service,Phone,30,1,1,Thu,2.3,0,0
APT-103498,Software Update,Online Portal,7,0,1,Mon,25.6,1,0
APT-105213,Software Update,Phone,21,2,0,Sat,12.0,0,1
APT-105183,Warranty Repair,Dealer Walk-in,30,2,1,Thu,13.6,0,0
APT-102918,Warranty Repair,Mobile App,7,2,1,Fri,10.9,1,0
APT-102848,Warranty Repair,Online Portal,5,0,1,Fri,10.8,0,0
APT-104387,Warranty Repair,Online Portal,7,1,1,Mon,21.2,0,0
APT-104021,Recall Service,Dealer Walk-in,2,1,1,Fri,22.9,0,0
APT-102535,Scheduled Maintenance,Mobile App,1,2,1,Tue,6.8,1,0
APT-104705,Repair — Customer Reported,Dealer Walk-in,14,1,1,Tue,40.9,1,0
APT-102872,Software Update,Mobile App,1,0,1,Thu,35.4,0,0
APT-103096,Scheduled Maintenance,Mobile App,5,0,0,Tue,20.4,1,0
APT-104243,Tire Service,Mobile App,7,0,0,Mon,33.7,0,0
APT-101525,Repair — Customer Reported,Mobile App,1,0,1,Sat,1.4,0,0
APT-100288,Repair — Customer Reported,Phone,10,2,1,Wed,25.0,1,0
APT-100059,Repair — Customer Reported,Online Portal,30,0,1,Sat,41.0,0,1
APT-105056,Scheduled Maintenance,Dealer Walk-in,3,0,1,Thu,1.5,0,0
APT-100403,Warranty Repair,Dealer Walk-in,1,2,1,Tue,43.1,0,1
APT-101021,Scheduled Maintenance,Phone,10,0,1,Thu,36.6,1,0
APT-104893,Warranty Repair,Mobile App,5,1,1,Tue,31.8,0,0
APT-105860,Software Update,Dealer Walk-in,3,1,1,Thu,34.6,1,1
APT-101385,Scheduled Maintenance,Phone,7,0,0,Mon,16.6,0,0
APT-102722,Tire Service,Mobile App,0,1,1,Sat,13.9,0,1
APT-104020,Warranty Repair,Phone,0,2,1,Tue,25.1,0,0
APT-103018,Tire Service,Dealer Walk-in,2,1,1,Sat,4.1,0,0
APT-101969,Tire Service,Phone,1,0,1,Wed,9.3,0,0
APT-105419,Repair — Customer Reported,Online Portal,10,0,1,Mon,9.6,1,0
APT-103816,Tire Service,Online Portal,21,0,0,Fri,43.1,0,1
APT-102513,Warranty Repair,Online Portal,0,0,1,Tue,11.3,0,0
APT-100858,Warranty Repair,Phone,0,0,0,Thu,33.5,0,0
APT-101596,Scheduled Maintenance,Mobile App,10,3,1,Sat,36.9,1,0
APT-102630,Software Update,Mobile App,2,2,1,Wed,28.9,0,0
APT-101253,Scheduled Maintenance,Dealer Walk-in,1,0,1,Mon,21.9,1,0
APT-101137,Scheduled Maintenance,Phone,0,0,0,Wed,9.9,0,0
APT-105627,Tire Service,Online Portal,14,0,1,Thu,24.9,1,0
APT-102972,Repair — Customer Reported,Online Portal,2,2,1,Wed,4.1,0,1
APT-103131,Recall Service,Phone,14,0,0,Mon,3.5,0,0
APT-103881,Warranty Repair,Phone,5,0,0,Thu,18.1,0,0
APT-103431,Recall Service,Online Portal,5,0,1,Thu,13.4,0,0
APT-100638,Software Update,Online Portal,3,3,1,Mon,18.2,1,1
APT-101475,Repair — Customer Reported,Dealer Walk-in,14,1,1,Sat,26.9,0,0
APT-103988,Scheduled Maintenance,Phone,30,0,0,Sat,15.4,0,0
APT-102950,Tire Service,Mobile App,2,0,1,Tue,1.6,0,0
APT-100696,Recall Service,Dealer Walk-in,30,0,1,Tue,9.4,0,1
APT-101122,Scheduled Maintenance,Phone,30,1,1,Fri,33.3,0,0
APT-103362,Software Update,Online Portal,2,1,1,Sat,18.6,1,1
APT-102951,Recall Service,Online Portal,0,0,1,Tue,14.8,0,0
APT-104546,Recall Service,Mobile App,10,0,0,Fri,19.8,0,0
APT-103289,Repair — Customer Reported,Online Portal,2,3,0,Thu,6.7,0,1
APT-102607,Warranty Repair,Phone,14,3,1,Tue,9.1,0,0
APT-105815,Recall Service,Mobile App,1,0,0,Wed,14.4,1,0
APT-102785,Repair — Customer Reported,Phone,21,0,0,Wed,14.6,0,1
APT-102862,Software Update,Dealer Walk-in,3,0,1,Wed,6.1,0,0
APT-100801,Scheduled Maintenance,Phone,10,3,0,Tue,8.2,0,1
APT-102978,Recall Service,Mobile App,7,1,1,Tue,36.6,0,0
APT-100979,Scheduled Maintenance,Mobile App,2,1,1,Mon,10.6,1,0
APT-101907,Warranty Repair,Phone,7,1,1,Tue,10.9,0,0
APT-102418,Warranty Repair,Phone,2,1,1,Thu,23.3,1,0
APT-105459,Tire Service,Mobile App,21,1,1,Sat,12.7,0,0
APT-102582,Warranty Repair,Online Portal,10,0,1,Wed,35.0,0,0
APT-101435,Recall Service,Online Portal,30,0,1,Mon,28.2,0,0
APT-101255,Tire Service,Mobile App,0,0,1,Wed,22.7,1,0
APT-104593,Recall Service,Mobile App,14,3,1,Sat,4.2,0,1
APT-103680,Scheduled Maintenance,Dealer Walk-in,7,1,1,Sat,19.8,0,0
APT-102434,Warranty Repair,Dealer Walk-in,10,3,1,Thu,36.8,1,1
APT-105921,Warranty Repair,Mobile App,5,3,1,Thu,24.1,0,0
APT-100519,Warranty Repair,Dealer Walk-in,7,2,1,Sat,18.0,0,0
APT-102175,Recall Service,Phone,30,2,1,Fri,5.0,1,1
APT-105291,Scheduled Maintenance,Phone,3,3,1,Thu,28.6,0,1
APT-101572,Warranty Repair,Mobile App,21,1,1,Tue,38.7,1,1
APT-102670,Warranty Repair,Phone,0,0,1,Thu,5.3,0,0
APT-103292,Repair — Customer Reported,Online Portal,2,0,1,Thu,42.9,1,0
APT-105331,Software Update,Mobile App,0,0,1,Thu,11.3,1,0
APT-102321,Tire Service,Mobile App,0,1,1,Sat,32.5,0,0
APT-102063,Tire Service,Dealer Walk-in,14,0,1,Tue,37.6,0,1
APT-105433,Repair — Customer Reported,Mobile App,3,0,0,Mon,34.5,0,0
APT-103930,Scheduled Maintenance,Online Portal,5,0,0,Thu,31.0,0,0
APT-103638,Warranty Repair,Dealer Walk-in,1,0,1,Tue,15.4,0,0
APT-103125,Software Update,Dealer Walk-in,14,3,1,Mon,11.7,0,1
APT-102590,Repair — Customer Reported,Mobile App,3,3,0,Thu,44.3,0,0
APT-101788,Repair — Customer Reported,Dealer Walk-in,7,2,1,Mon,28.0,0,1
APT-105008,Warranty Repair,Dealer Walk-in,3,2,1,Wed,30.0,0,0
APT-101965,Warranty Repair,Dealer Walk-in,7,0,1,Tue,2.6,1,0
APT-105364,Scheduled Maintenance,Mobile App,2,3,1,Sat,31.5,0,1
APT-104290,Scheduled Maintenance,Online Portal,3,0,1,Mon,5.0,0,0
APT-100353,Repair — Customer Reported,Mobile App,5,0,1,Fri,37.3,0,0
APT-102307,Scheduled Maintenance,Phone,7,2,0,Fri,27.3,1,0
APT-102281,Repair — Customer Reported,Dealer Walk-in,3,0,1,Sat,29.6,0,0
APT-105255,Software Update,Phone,30,2,1,Tue,32.9,0,1
APT-101176,Scheduled Maintenance,Phone,21,0,0,Sat,21.9,0,0
APT-104148,Scheduled Maintenance,Mobile App,21,1,0,Sat,22.3,0,0
APT-105497,Software Update,Online Portal,21,2,1,Thu,18.2,0,1
APT-100318,Software Update,Online Portal,3,1,0,Thu,16.6,0,1
APT-104559,Recall Service,Online Portal,14,0,1,Fri,29.7,0,0
APT-105892,Tire Service,Dealer Walk-in,3,0,0,Tue,4.9,0,0
APT-101991,Scheduled Maintenance,Dealer Walk-in,7,0,1,Mon,22.7,1,0
APT-104489,Software Update,Phone,2,3,0,Thu,17.9,0,0
APT-105026,Warranty Repair,Mobile App,3,2,0,Sat,44.1,1,0
APT-100382,Software Update,Mobile App,2,2,1,Fri,3.4,0,0
APT-100715,Tire Service,Phone,5,1,1,Tue,19.0,1,0
APT-103533,Software Update,Mobile App,21,3,0,Thu,19.6,0,0
APT-105706,Recall Service,Dealer Walk-in,3,2,0,Wed,12.8,0,0
APT-101272,Tire Service,Dealer Walk-in,0,1,0,Fri,39.4,0,0
APT-102060,Warranty Repair,Phone,5,0,1,Mon,33.3,0,0
APT-103578,Recall Service,Mobile App,1,1,1,Tue,42.0,0,0
APT-104922,Tire Service,Phone,30,0,1,Thu,16.6,1,0
APT-104501,Tire Service,Phone,21,1,1,Wed,1.3,0,0
APT-101221,Scheduled Maintenance,Mobile App,2,1,1,Thu,10.1,0,0
APT-102631,Scheduled Maintenance,Phone,21,3,1,Tue,15.7,0,1
APT-101934,Warranty Repair,Mobile App,3,0,0,Tue,7.4,0,0
APT-103731,Repair — Customer Reported,Dealer Walk-in,30,0,1,Tue,34.7,1,0
APT-101928,Tire Service,Dealer Walk-in,3,3,1,Tue,29.2,0,0
APT-101517,Warranty Repair,Online Portal,3,0,0,Sat,22.7,1,0
APT-105656,Repair — Customer Reported,Dealer Walk-in,21,1,1,Sat,32.5,0,0
APT-103691,Warranty Repair,Phone,1,0,1,Fri,8.8,1,0
APT-100544,Repair — Customer Reported,Online Portal,0,0,0,Tue,30.6,0,0
APT-101629,Tire Service,Phone,1,0,1,Wed,19.4,1,0
APT-102801,Scheduled Maintenance,Online Portal,5,0,1,Wed,25.4,1,0
APT-100115,Warranty Repair,Mobile App,10,1,1,Thu,4.2,1,1
APT-101538,Recall Service,Mobile App,0,2,1,Sat,16.1,0,1
APT-103718,Repair — Customer Reported,Dealer Walk-in,1,3,1,Thu,34.4,1,0
APT-104157,Software Update,Mobile App,2,1,1,Fri,2.1,0,0
APT-105712,Tire Service,Phone,21,0,1,Sat,19.0,0,1
APT-100295,Warranty Repair,Dealer Walk-in,21,0,0,Fri,28.6,0,1
APT-100090,Tire Service,Dealer Walk-in,1,2,1,Fri,41.1,1,0
APT-104175,Tire Service,Phone,21,0,1,Wed,44.3,0,1
APT-103597,Tire Service,Mobile App,7,0,1,Mon,26.9,0,0
APT-100690,Warranty Repair,Online Portal,21,0,1,Wed,44.8,0,0
APT-104508,Scheduled Maintenance,Phone,21,1,1,Fri,28.9,0,0
APT-105155,Warranty Repair,Mobile App,1,2,1,Wed,30.6,0,0
APT-104207,Recall Service,Mobile App,2,0,0,Sat,13.3,0,0
APT-102655,Tire Service,Online Portal,7,2,1,Wed,15.0,1,1
APT-102529,Repair — Customer Reported,Mobile App,1,1,1,Fri,14.6,0,0
APT-103391,Repair — Customer Reported,Online Portal,10,0,1,Fri,16.0,0,1
APT-102489,Recall Service,Online Portal,7,0,1,Sat,11.4,0,0
APT-105644,Tire Service,Online Portal,30,0,0,Wed,38.8,1,1
APT-102239,Recall Service,Mobile App,5,0,1,Wed,1.5,0,0
APT-101259,Repair — Customer Reported,Dealer Walk-in,21,0,0,Fri,10.3,0,1
APT-100784,Scheduled Maintenance,Dealer Walk-in,14,1,1,Mon,18.9,0,1
APT-104544,Recall Service,Online Portal,30,0,1,Mon,41.6,0,0
APT-100810,Tire Service,Dealer Walk-in,5,0,1,Fri,29.9,1,0
APT-103425,Scheduled Maintenance,Online Portal,10,0,0,Fri,28.1,1,1
APT-103462,Warranty Repair,Dealer Walk-in,21,0,0,Thu,20.8,0,0
APT-104371,Warranty Repair,Phone,2,0,1,Fri,21.9,1,0
APT-104473,Tire Service,Online Portal,0,2,0,Fri,8.2,0,0
APT-103914,Warranty Repair,Mobile App,1,1,1,Fri,26.9,0,0
APT-101679,Warranty Repair,Mobile App,30,1,1,Tue,38.7,0,1
APT-103877,Repair — Customer Reported,Dealer Walk-in,1,0,1,Sat,15.6,0,0
APT-104318,Recall Service,Mobile App,1,0,0,Fri,24.2,1,1
APT-101809,Repair — Customer Reported,Phone,14,0,1,Fri,24.7,0,0
APT-100945,Recall Service,Mobile App,1,3,1,Sat,27.5,1,0
APT-105178,Scheduled Maintenance,Online Portal,7,2,1,Tue,15.6,1,1
APT-102873,Warranty Repair,Mobile App,14,1,1,Sat,10.0,0,1
APT-100287,Recall Service,Mobile App,10,0,1,Fri,4.1,0,0
APT-105732,Recall Service,Mobile App,5,3,0,Thu,25.5,0,0
APT-102000,Scheduled Maintenance,Online Portal,7,3,0,Thu,10.6,1,0
APT-101815,Tire Service,Phone,14,1,1,Mon,29.2,0,0
APT-100369,Software Update,Dealer Walk-in,21,1,1,Mon,30.1,0,0
APT-102684,Recall Service,Online Portal,10,0,1,Fri,21.3,0,0
APT-105633,Software Update,Mobile App,21,3,1,Thu,4.3,0,1
APT-102013,Recall Service,Mobile App,10,0,0,Sat,8.4,1,0
APT-104086,Repair — Customer Reported,Online Portal,2,0,1,Wed,9.4,1,0
APT-105333,Repair — Customer Reported,Dealer Walk-in,1,0,0,Fri,26.8,0,0
APT-100572,Tire Service,Mobile App,7,1,0,Tue,14.6,0,0
APT-103197,Software Update,Online Portal,14,0,1,Fri,30.1,0,0
APT-103088,Scheduled Maintenance,Dealer Walk-in,2,0,1,Mon,32.9,1,1
APT-105435,Scheduled Maintenance,Phone,0,0,1,Thu,4.1,1,0
APT-102686,Recall Service,Online Portal,10,1,0,Sat,3.1,0,1
APT-102154,Scheduled Maintenance,Dealer Walk-in,1,2,0,Tue,5.0,0,1
APT-103186,Recall Service,Mobile App,14,0,1,Mon,9.7,0,0
APT-101952,Tire Service,Mobile App,5,0,0,Mon,7.2,0,0
APT-104423,Software Update,Dealer Walk-in,3,1,1,Fri,25.2,0,0
APT-101317,Warranty Repair,Online Portal,7,1,1,Thu,26.2,0,0
APT-103323,Recall Service,Online Portal,5,1,1,Fri,44.9,0,0
APT-100422,Software Update,Online Portal,1,3,0,Sat,2.4,0,0
APT-102531,Warranty Repair,Mobile App,14,3,1,Mon,13.5,0,1
APT-101128,Repair — Customer Reported,Mobile App,1,0,1,Thu,2.1,1,0
APT-105521,Recall Service,Online Portal,14,0,0,Sat,40.2,0,0
APT-104114,Repair — Customer Reported,Dealer Walk-in,3,1,1,Thu,35.6,0,0
APT-103118,Repair — Customer Reported,Phone,1,0,1,Tue,20.8,0,0
APT-104640,Tire Service,Online Portal,0,1,1,Thu,39.0,0,0
APT-105037,Tire Service,Dealer Walk-in,30,1,0,Sat,28.0,0,1
APT-102053,Recall Service,Dealer Walk-in,3,0,1,Thu,39.4,0,0
APT-105165,Repair — Customer Reported,Phone,21,1,0,Sat,23.3,0,1
APT-100355,Repair — Customer Reported,Dealer Walk-in,5,1,0,Sat,14.1,1,0
APT-103615,Warranty Repair,Online Portal,10,0,1,Thu,5.4,0,0
APT-103961,Scheduled Maintenance,Phone,3,0,0,Sat,20.0,0,0
APT-105234,Warranty Repair,Phone,3,0,1,Sat,7.6,1,0
APT-100012,Software Update,Dealer Walk-in,21,2,1,Mon,39.3,0,1
APT-105495,Tire Service,Online Portal,0,1,0,Wed,20.5,0,0
APT-103897,Scheduled Maintenance,Online Portal,30,0,1,Wed,21.7,0,0
APT-101687,Recall Service,Mobile App,30,0,0,Wed,24.3,0,1
APT-100928,Repair — Customer Reported,Online Portal,10,0,1,Mon,15.9,0,0
APT-101252,Scheduled Maintenance,Phone,21,0,1,Tue,26.8,0,0
APT-102769,Scheduled Maintenance,Mobile App,10,1,1,Mon,40.4,0,0
APT-100567,Warranty Repair,Phone,3,0,0,Wed,41.2,0,0
APT-105385,Repair — Customer Reported,Phone,2,0,1,Mon,17.2,0,0
APT-104527,Warranty Repair,Dealer Walk-in,30,0,1,Mon,3.9,0,1
APT-100652,Tire Service,Online Portal,3,1,1,Thu,36.4,0,0
APT-101232,Warranty Repair,Mobile App,10,0,1,Tue,7.1,0,0
APT-100375,Repair — Customer Reported,Dealer Walk-in,14,0,0,Mon,38.5,0,0
APT-103521,Tire Service,Phone,7,3,1,Thu,33.6,0,1
APT-102955,Scheduled Maintenance,Dealer Walk-in,10,1,1,Mon,9.1,1,0
APT-105930,Recall Service,Online Portal,7,0,1,Fri,20.1,0,0
APT-105743,Scheduled Maintenance,Mobile App,0,1,1,Sat,11.6,0,0
APT-103947,Tire Service,Phone,14,3,1,Wed,10.6,0,0
APT-105295,Scheduled Maintenance,Online Portal,0,0,1,Wed,22.9,0,0
APT-103963,Repair — Customer Reported,Online Portal,5,0,1,Sat,34.2,0,0
APT-100202,Recall Service,Phone,30,2,0,Thu,23.7,1,1
APT-103712,Scheduled Maintenance,Dealer Walk-in,0,0,1,Wed,3.8,0,0
APT-102946,Software Update,Mobile App,14,2,1,Tue,5.4,0,1
APT-105372,Scheduled Maintenance,Online Portal,3,1,1,Wed,32.5,0,0
APT-101324,Software Update,Dealer Walk-in,21,1,1,Sat,4.3,1,0
APT-101453,Scheduled Maintenance,Mobile App,7,1,1,Fri,14.2,0,0
APT-103725,Repair — Customer Reported,Phone,3,1,1,Fri,19.3,0,0
APT-105358,Tire Service,Mobile App,21,1,1,Sat,17.4,0,1
APT-102011,Software Update,Mobile App,21,3,1,Sat,39.1,1,1
APT-102976,Repair — Customer Reported,Mobile App,30,2,1,Fri,12.1,1,0
APT-104564,Scheduled Maintenance,Phone,14,0,0,Fri,33.7,1,1
APT-101632,Scheduled Maintenance,Online Portal,3,2,1,Tue,16.9,0,0
APT-103772,Warranty Repair,Mobile App,3,2,1,Thu,17.6,0,0
APT-101554,Recall Service,Mobile App,21,2,1,Sat,17.2,0,1
APT-104507,Recall Service,Mobile App,5,1,1,Wed,31.6,0,0
APT-105624,Recall Service,Mobile App,30,1,0,Wed,37.9,0,0
APT-100457,Scheduled Maintenance,Online Portal,1,1,0,Fri,1.3,0,0
APT-102733,Software Update,Phone,3,0,1,Tue,9.6,0,0
APT-100665,Warranty Repair,Dealer Walk-in,2,1,1,Mon,10.8,0,0
APT-105428,Software Update,Dealer Walk-in,14,1,0,Thu,43.2,0,1
APT-103581,Scheduled Maintenance,Dealer Walk-in,0,3,0,Tue,24.4,0,0
APT-104487,Repair — Customer Reported,Phone,14,2,1,Sat,28.1,0,1
APT-104835,Repair — Customer Reported,Dealer Walk-in,21,3,0,Mon,25.5,0,1
APT-104669,Repair — Customer Reported,Mobile App,14,3,0,Fri,22.1,0,0
APT-105731,Repair — Customer Reported,Phone,21,0,1,Thu,22.6,0,0
APT-100625,Scheduled Maintenance,Online Portal,5,0,0,Thu,19.4,0,0
APT-104916,Software Update,Online Portal,5,1,1,Fri,19.1,0,0
APT-102339,Warranty Repair,Online Portal,3,3,1,Thu,38.0,0,0
APT-101152,Repair — Customer Reported,Online Portal,0,1,1,Tue,44.3,0,0
APT-102694,Software Update,Mobile App,3,1,1,Wed,5.3,1,0
APT-103068,Recall Service,Mobile App,30,0,0,Tue,7.6,0,1
APT-100950,Software Update,Mobile App,14,1,0,Mon,8.3,0,0
APT-101377,Software Update,Phone,10,1,0,Tue,19.1,0,1
APT-103760,Tire Service,Online Portal,1,1,0,Tue,38.5,0,0
APT-104132,Scheduled Maintenance,Online Portal,5,0,1,Tue,13.9,0,0
APT-102118,Tire Service,Phone,1,0,1,Thu,26.1,0,0
APT-101505,Warranty Repair,Dealer Walk-in,30,1,0,Thu,34.1,0,1
APT-100728,Scheduled Maintenance,Dealer Walk-in,0,1,0,Wed,42.7,0,0
APT-101995,Warranty Repair,Dealer Walk-in,0,0,1,Tue,1.5,0,0
APT-104463,Scheduled Maintenance,Phone,10,2,1,Wed,22.5,0,1
APT-104807,Scheduled Maintenance,Mobile App,21,0,1,Wed,15.7,1,0
APT-105294,Recall Service,Online Portal,3,0,1,Sat,35.8,0,0
APT-104352,Tire Service,Dealer Walk-in,3,0,0,Thu,16.4,1,0
APT-103396,Repair — Customer Reported,Mobile App,2,3,1,Fri,43.1,0,0
APT-103201,Repair — Customer Reported,Dealer Walk-in,21,0,0,Wed,8.6,0,0
APT-101004,Recall Service,Mobile App,30,0,1,Tue,19.5,0,1
APT-102688,Warranty Repair,Online Portal,3,0,1,Fri,15.5,0,1
APT-101959,Tire Service,Dealer Walk-in,30,0,0,Thu,29.9,0,0
APT-105696,Scheduled Maintenance,Dealer Walk-in,14,0,0,Mon,12.3,0,1
APT-102134,Recall Service,Mobile App,2,0,1,Mon,22.9,0,0
APT-102740,Recall Service,Phone,0,1,1,Mon,29.3,1,0
APT-102116,Software Update,Mobile App,2,0,1,Mon,40.9,0,0
APT-105317,Scheduled Maintenance,Phone,5,0,1,Mon,23.3,0,0
APT-101542,Warranty Repair,Phone,7,2,1,Wed,14.2,0,0
APT-103920,Tire Service,Dealer Walk-in,7,1,0,Mon,22.7,1,0
APT-103262,Warranty Repair,Dealer Walk-in,7,1,1,Fri,32.3,0,0
APT-105686,Scheduled Maintenance,Online Portal,14,3,0,Tue,4.3,1,1
APT-100816,Repair — Customer Reported,Phone,7,2,1,Tue,1.9,0,1
APT-104293,Repair — Customer Reported,Online Portal,5,1,1,Wed,19.8,0,0
APT-101474,Recall Service,Online Portal,7,0,1,Sat,36.5,0,0
APT-105843,Recall Service,Online Portal,2,3,1,Wed,38.6,0,1
APT-101103,Repair — Customer Reported,Phone,14,1,0,Fri,13.9,0,1
APT-103310,Repair — Customer Reported,Phone,0,1,1,Thu,4.6,0,0
APT-100182,Repair — Customer Reported,Online Portal,1,0,0,Sat,17.1,0,1
APT-103637,Tire Service,Mobile App,3,1,1,Fri,32.3,0,0
APT-103273,Warranty Repair,Dealer Walk-in,21,0,1,Mon,31.4,0,0
APT-100574,Scheduled Maintenance,Phone,2,0,1,Fri,26.4,1,0
APT-102835,Recall Service,Mobile App,0,1,0,Wed,9.0,0,0
APT-100736,Warranty Repair,Online Portal,14,1,1,Wed,16.6,0,1
APT-100270,Scheduled Maintenance,Mobile App,1,2,1,Sat,26.9,0,0
APT-104310,Recall Service,Mobile App,30,0,0,Tue,17.3,0,1
APT-100922,Software Update,Mobile App,14,0,0,Thu,23.1,0,0
APT-100875,Repair — Customer Reported,Mobile App,2,0,1,Tue,9.7,1,0
APT-102223,Tire Service,Mobile App,2,0,1,Tue,17.5,0,0
APT-104845,Repair — Customer Reported,Phone,30,0,1,Tue,34.3,1,1
APT-102913,Warranty Repair,Mobile App,14,2,0,Mon,44.2,0,0
APT-105235,Tire Service,Mobile App,10,0,1,Thu,35.5,0,0
APT-103612,Software Update,Online Portal,7,3,0,Tue,18.9,0,1
APT-104481,Recall Service,Online Portal,21,0,1,Fri,40.7,0,0
APT-103886,Scheduled Maintenance,Dealer Walk-in,14,1,1,Wed,33.4,1,0
APT-105667,Scheduled Maintenance,Phone,2,0,0,Thu,19.3,1,0
APT-102908,Recall Service,Phone,7,0,1,Mon,10.7,0,0
APT-104968,Recall Service,Phone,21,3,1,Wed,5.7,0,0
APT-102706,Software Update,Phone,5,2,0,Sat,28.9,1,1
APT-102086,Recall Service,Mobile App,3,0,1,Thu,10.2,1,0
APT-105960,Repair — Customer Reported,Mobile App,21,0,1,Fri,40.2,0,0
APT-101579,Software Update,Phone,14,3,1,Mon,15.4,0,1
APT-102767,Repair — Customer Reported,Online Portal,21,1,1,Fri,5.3,0,0
APT-100044,Warranty Repair,Mobile App,3,1,0,Sat,8.5,1,0
APT-103834,Scheduled Maintenance,Dealer Walk-in,21,0,1,Mon,35.3,0,0
APT-104561,Repair — Customer Reported,Phone,10,0,1,Wed,18.6,0,1
APT-104840,Repair — Customer Reported,Dealer Walk-in,30,2,0,Thu,2.9,1,1
APT-102340,Repair — Customer Reported,Mobile App,2,2,0,Thu,1.7,1,1
APT-104672,Recall Service,Online Portal,2,0,1,Fri,22.0,0,0
APT-103775,Tire Service,Phone,3,1,1,Mon,10.1,0,0
APT-103851,Warranty Repair,Dealer Walk-in,7,0,0,Wed,11.1,0,0
APT-102289,Tire Service,Mobile App,5,1,1,Fri,14.7,0,0
APT-103596,Software Update,Dealer Walk-in,1,3,0,Mon,20.5,0,0
APT-105770,Software Update,Mobile App,14,1,1,Sat,32.3,1,1
APT-100137,Tire Service,Phone,7,1,1,Mon,20.8,0,0
APT-100106,Scheduled Maintenance,Dealer Walk-in,14,0,1,Fri,7.0,0,0
APT-102245,Scheduled Maintenance,Mobile App,30,1,1,Wed,31.7,1,0
APT-105011,Scheduled Maintenance,Dealer Walk-in,7,0,1,Sat,2.0,1,0
APT-105903,Warranty Repair,Mobile App,7,0,1,Mon,38.4,0,0
APT-105589,Scheduled Maintenance,Phone,3,2,0,Wed,17.0,1,0
APT-102222,Recall Service,Phone,1,1,1,Tue,30.3,1,0
APT-105578,Warranty Repair,Mobile App,30,2,1,Fri,24.6,0,1
APT-100166,Scheduled Maintenance,Phone,14,1,0,Mon,12.5,0,0
APT-105810,Recall Service,Mobile App,2,0,0,Sat,35.3,0,0
APT-102784,Tire Service,Online Portal,3,1,1,Mon,34.4,0,0
APT-102274,Scheduled Maintenance,Phone,14,2,1,Mon,42.2,0,1
APT-105500,Software Update,Phone,5,3,1,Fri,24.1,0,0
APT-103926,Repair — Customer Reported,Dealer Walk-in,14,1,1,Thu,37.8,0,0
APT-103189,Warranty Repair,Mobile App,5,1,0,Sat,38.7,0,0
APT-100302,Software Update,Online Portal,7,0,0,Sat,33.0,1,0
APT-100866,Repair — Customer Reported,Phone,14,0,0,Mon,1.6,0,0
APT-105587,Scheduled Maintenance,Mobile App,0,0,1,Wed,17.9,0,0
APT-102459,Recall Service,Online Portal,30,3,1,Mon,12.7,0,1
APT-100330,Recall Service,Mobile App,2,1,1,Mon,15.9,0,0
APT-100790,Software Update,Dealer Walk-in,5,3,0,Wed,11.8,0,0
APT-100909,Repair — Customer Reported,Online Portal,0,0,1,Tue,4.9,0,0
APT-100762,Software Update,Mobile App,3,3,1,Fri,15.7,0,1
APT-101705,Software Update,Phone,7,0,0,Mon,24.1,0,0
APT-102898,Recall Service,Mobile App,30,0,1,Mon,16.1,0,1
APT-105307,Recall Service,Mobile App,14,0,1,Fri,40.1,0,0
APT-102961,Repair — Customer Reported,Dealer Walk-in,0,0,1,Mon,41.2,1,0
APT-105963,Software Update,Phone,1,0,1,Thu,41.2,0,0
APT-101469,Warranty Repair,Phone,1,0,1,Sat,24.8,0,0
APT-103952,Repair — Customer Reported,Online Portal,21,1,0,Wed,11.8,0,0
APT-104902,Repair — Customer Reported,Mobile App,21,0,0,Fri,30.5,0,0
APT-102355,Tire Service,Phone,30,0,0,Wed,37.1,0,1
APT-100778,Tire Service,Online Portal,30,1,0,Fri,40.5,1,1
APT-101841,Tire Service,Dealer Walk-in,5,0,0,Mon,15.0,0,0
APT-102923,Software Update,Mobile App,2,0,1,Mon,15.3,1,0
APT-101323,Repair — Customer Reported,Mobile App,7,2,0,Wed,1.7,1,0
APT-101531,Repair — Customer Reported,Mobile App,10,2,1,Wed,30.3,1,0
APT-100220,Tire Service,Mobile App,3,2,1,Sat,7.4,0,0
APT-104286,Scheduled Maintenance,Phone,14,0,1,Tue,1.2,0,0
APT-104124,Scheduled Maintenance,Dealer Walk-in,0,1,1,Sat,1.5,0,0
APT-102832,Recall Service,Mobile App,5,3,1,Thu,38.4,0,0
APT-104250,Software Update,Online Portal,1,2,0,Mon,30.1,0,0
APT-104649,Recall Service,Mobile App,21,0,0,Fri,33.4,0,0
APT-103196,Repair — Customer Reported,Mobile App,2,0,1,Mon,43.6,1,0
APT-101790,Software Update,Online Portal,3,2,1,Fri,36.5,1,0
APT-101682,Software Update,Dealer Walk-in,14,1,1,Mon,8.4,0,0
APT-101732,Software Update,Phone,14,1,0,Wed,35.2,1,1
APT-102540,Recall Service,Online Portal,3,0,1,Fri,30.0,0,0
APT-103091,Software Update,Mobile App,0,2,1,Sat,16.9,0,1
APT-100872,Warranty Repair,Phone,10,0,1,Fri,30.0,0,0
APT-102374,Warranty Repair,Dealer Walk-in,30,2,1,Sat,24.8,0,0
APT-105472,Software Update,Online Portal,2,1,1,Fri,43.9,0,0
APT-103423,Scheduled Maintenance,Dealer Walk-in,3,3,0,Sat,25.8,0,1
APT-100768,Scheduled Maintenance,Online Portal,10,3,1,Thu,4.4,0,0
APT-105480,Software Update,Mobile App,21,0,0,Wed,4.9,0,1
APT-104057,Scheduled Maintenance,Phone,14,0,1,Thu,31.3,0,0
APT-103021,Recall Service,Phone,0,0,1,Thu,6.9,0,0
APT-103901,Repair — Customer Reported,Online Portal,2,0,1,Mon,9.5,0,0
APT-101178,Repair — Customer Reported,Online Portal,21,3,0,Tue,2.1,0,1
APT-104480,Repair — Customer Reported,Phone,21,2,0,Mon,38.4,0,1
APT-102567,Warranty Repair,Phone,14,1,1,Mon,17.1,0,0
APT-102572,Software Update,Phone,1,0,0,Thu,15.7,1,0
APT-100168,Repair — Customer Reported,Dealer Walk-in,1,1,1,Wed,38.5,0,0
APT-102128,Tire Service,Dealer Walk-in,3,0,1,Mon,32.8,0,0
APT-102337,Tire Service,Mobile App,7,1,1,Wed,40.0,0,0
APT-101220,Recall Service,Online Portal,7,1,1,Thu,13.1,0,0
APT-105586,Scheduled Maintenance,Mobile App,1,3,0,Fri,42.1,0,1
APT-101101,Scheduled Maintenance,Online Portal,0,0,1,Mon,14.8,0,0
APT-100118,Repair — Customer Reported,Dealer Walk-in,7,3,0,Thu,4.0,0,1
APT-105395,Warranty Repair,Phone,1,0,0,Wed,31.1,0,0
APT-100420,Software Update,Mobile App,5,2,1,Sat,15.6,0,0
APT-100633,Software Update,Online Portal,30,3,0,Mon,23.6,0,1
APT-103086,Repair — Customer Reported,Online Portal,10,2,1,Fri,4.8,0,0
APT-105547,Tire Service,Phone,1,1,1,Thu,8.3,0,0
APT-100921,Recall Service,Phone,2,0,0,Mon,41.4,0,0
APT-102227,Warranty Repair,Dealer Walk-in,10,0,0,Wed,29.0,0,0
APT-105746,Recall Service,Mobile App,21,0,0,Sat,17.7,0,1
APT-103442,Warranty Repair,Phone,3,0,1,Wed,31.8,1,0
APT-104682,Recall Service,Mobile App,0,2,1,Mon,39.1,0,0
APT-101752,Recall Service,Online Portal,7,1,1,Tue,31.8,0,0
APT-100824,Warranty Repair,Phone,7,0,1,Mon,14.0,0,0
APT-105134,Tire Service,Mobile App,1,0,0,Wed,28.0,1,0
APT-100984,Repair — Customer Reported,Mobile App,7,3,0,Mon,15.6,0,0
APT-100084,Repair — Customer Reported,Online Portal,21,0,1,Mon,21.3,1,0
APT-103697,Warranty Repair,Phone,21,3,0,Wed,3.3,0,1
APT-102414,Scheduled Maintenance,Online Portal,2,3,0,Wed,38.4,1,1
APT-100726,Scheduled Maintenance,Phone,14,1,0,Mon,13.5,0,0
APT-104497,Software Update,Dealer Walk-in,14,1,0,Mon,18.8,0,0
APT-100509,Scheduled Maintenance,Dealer Walk-in,21,0,1,Tue,15.4,0,0
APT-100216,Software Update,Online Portal,3,1,1,Tue,24.7,0,1
APT-103995,Repair — Customer Reported,Dealer Walk-in,21,1,0,Wed,7.9,1,0
APT-102008,Repair — Customer Reported,Dealer Walk-in,10,1,1,Thu,34.0,0,0
APT-102598,Repair — Customer Reported,Online Portal,2,1,0,Tue,15.8,0,0
APT-103848,Scheduled Maintenance,Phone,0,3,1,Thu,15.1,0,0
APT-105662,Warranty Repair,Phone,7,0,1,Wed,11.8,0,0
APT-101484,Scheduled Maintenance,Phone,2,0,0,Mon,2.8,1,0
APT-101875,Repair — Customer Reported,Phone,10,0,1,Fri,12.2,0,0
APT-105832,Repair — Customer Reported,Dealer Walk-in,21,0,1,Sat,36.3,0,0
APT-105596,Software Update,Mobile App,7,0,0,Tue,41.4,1,0
APT-103416,Repair — Customer Reported,Mobile App,21,0,0,Wed,15.4,0,0
APT-104706,Recall Service,Mobile App,10,0,0,Mon,14.4,0,1
APT-100971,Recall Service,Mobile App,10,1,1,Thu,24.4,0,0
APT-104547,Scheduled Maintenance,Mobile App,21,0,1,Mon,44.4,0,1
APT-103785,Recall Service,Dealer Walk-in,2,3,0,Sat,24.2,0,1
APT-105241,Software Update,Mobile App,1,0,1,Fri,43.6,0,0
APT-100222,Recall Service,Online Portal,5,0,1,Mon,39.4,1,0
APT-105601,Tire Service,Phone,5,3,0,Tue,23.5,0,1
APT-104238,Recall Service,Online Portal,2,2,1,Tue,31.1,1,1
APT-102246,Warranty Repair,Dealer Walk-in,5,2,1,Thu,8.4,0,0
APT-101623,Warranty Repair,Dealer Walk-in,10,0,0,Thu,35.3,0,1
APT-103283,Repair — Customer Reported,Online Portal,10,0,0,Sat,15.6,0,0
APT-102264,Software Update,Online Portal,14,0,0,Fri,8.8,0,1
APT-102491,Software Update,Mobile App,5,3,1,Sat,17.0,0,0
APT-100252,Tire Service,Mobile App,30,0,1,Sat,19.4,1,0
APT-104402,Software Update,Mobile App,1,0,0,Sat,7.7,0,1
APT-105393,Repair — Customer Reported,Online Portal,1,0,1,Sat,1.9,1,0
APT-101941,Repair — Customer Reported,Mobile App,1,0,1,Thu,3.0,0,0
APT-101041,Scheduled Maintenance,Phone,30,0,1,Wed,15.2,0,1
APT-100188,Software Update,Online Portal,30,0,0,Fri,26.4,0,1
APT-105948,Scheduled Maintenance,Phone,3,0,0,Sat,26.0,0,0
APT-105282,Software Update,Online Portal,2,1,1,Mon,32.0,0,0
APT-103143,Scheduled Maintenance,Online Portal,21,1,0,Wed,37.0,1,0
APT-101593,Software Update,Dealer Walk-in,14,0,0,Fri,30.1,1,1
APT-102470,Warranty Repair,Mobile App,2,0,1,Tue,33.9,0,0
APT-105355,Software Update,Phone,1,0,0,Wed,20.6,0,0
APT-103160,Software Update,Phone,21,0,1,Mon,13.8,0,1
APT-102704,Scheduled Maintenance,Online Portal,21,0,1,Wed,19.3,0,0
APT-101313,Warranty Repair,Online Portal,1,2,1,Sat,33.2,0,1
APT-102570,Repair — Customer Reported,Phone,5,0,1,Fri,16.3,0,0
APT-104939,Warranty Repair,Dealer Walk-in,14,3,1,Thu,18.8,0,0
APT-101422,Repair — Customer Reported,Dealer Walk-in,30,2,1,Fri,3.5,0,1
APT-103502,Tire Service,Mobile App,14,2,0,Thu,17.9,0,0
APT-101361,Recall Service,Online Portal,21,2,1,Fri,44.8,0,1
APT-103151,Repair — Customer Reported,Phone,0,2,1,Sat,7.0,0,0
APT-104223,Warranty Repair,Mobile App,30,0,1,Fri,22.9,0,0
APT-101391,Software Update,Online Portal,7,2,0,Mon,36.7,0,1
APT-102346,Software Update,Dealer Walk-in,10,1,1,Thu,39.9,0,0
APT-100827,Scheduled Maintenance,Online Portal,1,0,1,Wed,9.7,0,0
APT-103098,Warranty Repair,Mobile App,10,1,0,Thu,34.8,1,1
APT-100004,Warranty Repair,Online Portal,21,0,1,Wed,26.4,0,1
APT-102235,Tire Service,Dealer Walk-in,10,0,1,Wed,29.5,1,1
APT-105681,Warranty Repair,Dealer Walk-in,1,1,0,Wed,17.7,0,0
APT-100068,Recall Service,Dealer Walk-in,1,1,0,Sat,9.1,1,0
APT-104277,Scheduled Maintenance,Phone,7,3,1,Fri,5.6,1,0
APT-101336,Recall Service,Dealer Walk-in,0,3,1,Wed,26.8,0,1
APT-100413,Scheduled Maintenance,Mobile App,2,1,1,Thu,36.1,0,0
APT-100199,Scheduled Maintenance,Mobile App,14,0,0,Wed,39.6,1,1
APT-102797,Scheduled Maintenance,Mobile App,14,1,1,Sat,1.3,0,1
APT-104932,Recall Service,Mobile App,7,0,1,Sat,3.0,0,0
APT-101989,Scheduled Maintenance,Mobile App,21,0,0,Sat,25.3,0,1
APT-104181,Repair — Customer Reported,Phone,3,1,1,Mon,17.8,0,1
APT-105417,Software Update,Online Portal,2,1,1,Sat,12.6,0,0
APT-102035,Repair — Customer Reported,Online Portal,0,2,1,Fri,37.7,0,1
APT-103555,Scheduled Maintenance,Phone,14,0,1,Thu,3.5,0,0
APT-105187,Scheduled Maintenance,Phone,0,2,0,Tue,36.2,0,0
APT-102371,Recall Service,Phone,3,0,1,Sat,22.3,0,0
APT-101563,Software Update,Dealer Walk-in,5,1,1,Mon,42.8,0,0
APT-103759,Software Update,Phone,7,0,1,Wed,42.3,0,0
APT-103342,Warranty Repair,Mobile App,3,1,1,Thu,1.2,0,0
APT-100204,Software Update,Online Portal,5,1,0,Mon,30.4,0,0
APT-104751,Scheduled Maintenance,Dealer Walk-in,2,3,1,Sat,7.9,0,0
APT-105516,Warranty Repair,Online Portal,1,0,1,Sat,44.8,0,0
APT-103076,Software Update,Online Portal,1,3,1,Fri,25.3,0,0
APT-104215,Warranty Repair,Mobile App,0,1,1,Thu,15.0,1,0
APT-105471,Software Update,Dealer Walk-in,10,1,1,Thu,31.5,1,0
APT-103931,Scheduled Maintenance,Mobile App,1,3,0,Fri,44.7,0,1
APT-102663,Software Update,Mobile App,3,1,1,Thu,34.0,0,0
APT-105780,Recall Service,Dealer Walk-in,7,3,1,Sat,5.5,0,0
APT-101745,Software Update,Mobile App,21,0,1,Wed,34.6,1,0
APT-100133,Scheduled Maintenance,Phone,5,0,1,Sat,4.3,0,0
APT-101656,Warranty Repair,Phone,0,1,1,Tue,32.9,0,1
APT-102287,Repair — Customer Reported,Phone,1,0,0,Thu,44.9,0,0
APT-101204,Scheduled Maintenance,Mobile App,2,0,0,Thu,35.0,0,0
APT-104966,Scheduled Maintenance,Phone,7,1,0,Sat,32.2,0,0
APT-102214,Tire Service,Phone,1,0,0,Wed,34.1,1,1
APT-104270,Warranty Repair,Online Portal,10,0,1,Mon,27.6,1,0
APT-100963,Recall Service,Online Portal,21,1,1,Mon,1.9,1,1
APT-104876,Warranty Repair,Dealer Walk-in,21,0,0,Sat,3.7,1,1
APT-100520,Repair — Customer Reported,Mobile App,30,1,1,Fri,43.5,0,1
APT-102963,Warranty Repair,Online Portal,21,1,0,Mon,36.8,0,0
APT-102986,Repair — Customer Reported,Phone,30,0,1,Thu,25.3,0,1
APT-100982,Tire Service,Online Portal,5,0,1,Mon,11.6,1,0
APT-101183,Scheduled Maintenance,Online Portal,7,0,0,Tue,32.0,1,1
APT-104639,Repair — Customer Reported,Phone,5,0,1,Wed,14.7,1,0
APT-101724,Software Update,Online Portal,30,2,1,Mon,21.2,0,0
APT-101016,Repair — Customer Reported,Phone,1,0,1,Sat,34.9,1,0
APT-103030,Software Update,Online Portal,7,1,1,Thu,29.5,0,0
APT-100431,Scheduled Maintenance,Phone,10,2,0,Thu,30.7,0,0
APT-105785,Tire Service,Dealer Walk-in,10,0,1,Wed,42.9,0,0
APT-101289,Repair — Customer Reported,Dealer Walk-in,0,2,1,Thu,2.5,0,1
APT-105727,Repair — Customer Reported,Mobile App,1,0,0,Fri,21.4,0,0
APT-104774,Recall Service,Dealer Walk-in,3,0,1,Wed,1.6,1,0
APT-104196,Repair — Customer Reported,Dealer Walk-in,10,0,1,Mon,44.0,1,1
APT-102532,Recall Service,Mobile App,0,2,1,Wed,42.6,0,0
APT-102602,Warranty Repair,Online Portal,7,3,1,Mon,2.6,0,1
APT-101325,Software Update,Mobile App,5,0,1,Wed,18.5,0,0
APT-105290,Scheduled Maintenance,Dealer Walk-in,10,3,1,Wed,13.0,0,1
APT-105039,Scheduled Maintenance,Online Portal,21,0,0,Fri,21.1,0,1
APT-101305,Warranty Repair,Dealer Walk-in,2,1,1,Mon,12.1,0,0
APT-103470,Warranty Repair,Mobile App,7,3,1,Tue,26.0,0,0
APT-101314,Software Update,Dealer Walk-in,7,0,1,Thu,11.7,0,0
APT-100667,Scheduled Maintenance,Online Portal,21,1,1,Wed,2.9,0,1
APT-101488,Software Update,Dealer Walk-in,14,0,1,Thu,10.7,0,1
APT-102796,Repair — Customer Reported,Phone,5,1,1,Wed,4.2,0,0
APT-100855,Software Update,Mobile App,2,0,1,Sat,15.0,0,0
APT-101473,Warranty Repair,Phone,3,1,1,Mon,20.0,1,0
APT-105826,Warranty Repair,Dealer Walk-in,14,3,1,Thu,2.7,0,0
APT-102105,Warranty Repair,Phone,2,0,0,Mon,2.1,0,0
APT-103807,Repair — Customer Reported,Mobile App,1,0,1,Tue,1.6,0,1
APT-102366,Scheduled Maintenance,Dealer Walk-in,7,0,1,Sat,36.2,1,0
APT-101040,Recall Service,Mobile App,1,0,0,Fri,40.1,0,0
APT-101910,Software Update,Dealer Walk-in,7,3,1,Tue,20.2,0,1
APT-101821,Recall Service,Phone,2,1,1,Mon,32.3,0,1
APT-102052,Repair — Customer Reported,Online Portal,21,2,1,Wed,27.4,0,1
APT-100281,Recall Service,Mobile App,1,0,1,Sat,20.6,1,0
APT-101598,Repair — Customer Reported,Dealer Walk-in,7,1,0,Mon,19.8,0,0
APT-105149,Warranty Repair,Mobile App,7,0,0,Sat,13.7,0,0
APT-102611,Repair — Customer Reported,Online Portal,7,0,1,Sat,42.4,0,1
APT-105711,Repair — Customer Reported,Online Portal,14,0,0,Fri,20.3,0,0
APT-102019,Warranty Repair,Phone,10,0,1,Fri,14.4,0,1
APT-104246,Warranty Repair,Phone,7,0,1,Tue,17.3,0,1
APT-105606,Software Update,Phone,5,3,0,Sat,2.0,0,0
APT-104744,Scheduled Maintenance,Online Portal,1,1,1,Wed,45.0,0,1
APT-102878,Warranty Repair,Dealer Walk-in,3,1,1,Fri,16.1,1,0
APT-102938,Scheduled Maintenance,Mobile App,2,1,1,Mon,32.9,0,0
APT-100161,Tire Service,Dealer Walk-in,7,0,1,Wed,14.5,0,0
APT-104878,Recall Service,Phone,3,1,1,Tue,18.1,0,0
APT-100610,Software Update,Phone,30,0,1,Sat,7.2,0,0
APT-105894,Repair — Customer Reported,Dealer Walk-in,21,0,1,Mon,8.8,1,0
APT-103103,Software Update,Dealer Walk-in,1,3,1,Sat,19.7,0,0
APT-104696,Recall Service,Phone,7,0,1,Thu,29.1,0,0
APT-102741,Warranty Repair,Dealer Walk-in,10,0,1,Tue,33.8,0,0
APT-105380,Recall Service,Online Portal,14,0,0,Wed,40.4,0,1
APT-103520,Scheduled Maintenance,Phone,2,0,0,Mon,7.2,1,0
APT-100864,Software Update,Mobile App,2,2,0,Mon,34.5,0,0
APT-103112,Tire Service,Mobile App,14,0,1,Fri,12.4,0,1
APT-103936,Warranty Repair,Phone,0,1,1,Mon,18.2,0,0
APT-102979,Scheduled Maintenance,Online Portal,1,0,1,Thu,37.6,0,1
APT-101865,Warranty Repair,Dealer Walk-in,0,3,1,Thu,32.0,0,0
APT-101897,Recall Service,Phone,1,3,1,Tue,38.1,0,1
APT-103394,Scheduled Maintenance,Dealer Walk-in,7,3,0,Tue,13.2,0,0
APT-103855,Warranty Repair,Online Portal,30,1,1,Tue,44.7,0,1
APT-102242,Recall Service,Online Portal,10,0,0,Wed,6.1,0,0
APT-103390,Software Update,Dealer Walk-in,7,3,1,Wed,25.1,0,1
APT-105947,Tire Service,Phone,0,0,1,Fri,42.3,0,1
APT-100346,Warranty Repair,Online Portal,3,0,0,Thu,33.6,0,0
APT-104716,Recall Service,Dealer Walk-in,10,0,0,Thu,9.1,0,0
APT-105449,Software Update,Dealer Walk-in,21,0,1,Mon,23.2,0,0
APT-105772,Scheduled Maintenance,Dealer Walk-in,7,2,1,Tue,28.1,1,1
APT-103477,Scheduled Maintenance,Online Portal,1,0,1,Thu,35.3,0,0
APT-104453,Recall Service,Online Portal,3,2,1,Fri,43.1,0,1
APT-100712,Scheduled Maintenance,Online Portal,21,1,1,Mon,43.9,1,1
APT-101047,Scheduled Maintenance,Online Portal,7,0,1,Fri,20.0,0,0
APT-100911,Repair — Customer Reported,Mobile App,2,1,0,Fri,41.1,0,0
APT-105600,Tire Service,Phone,2,2,1,Thu,33.9,1,0
APT-102425,Warranty Repair,Online Portal,5,3,1,Wed,37.9,0,0
APT-105945,Warranty Repair,Phone,10,0,0,Sat,34.2,1,0
APT-100759,Recall Service,Mobile App,0,0,1,Sat,7.6,0,0
APT-100559,Tire Service,Phone,3,1,1,Sat,39.1,1,1
APT-101880,Software Update,Mobile App,5,0,1,Tue,19.4,0,1
APT-100447,Tire Service,Online Portal,2,1,1,Tue,38.4,0,0
APT-100605,Repair — Customer Reported,Mobile App,0,1,0,Mon,17.1,0,0
APT-104468,Software Update,Online Portal,5,1,0,Thu,2.8,0,0
APT-100095,Recall Service,Phone,2,0,0,Fri,31.1,0,0
APT-104759,Tire Service,Mobile App,1,3,1,Sat,31.8,0,0
APT-101107,Repair — Customer Reported,Mobile App,14,0,1,Thu,3.0,1,0
APT-103967,Repair — Customer Reported,Mobile App,1,1,1,Wed,38.6,1,0
APT-102431,Recall Service,Dealer Walk-in,30,1,1,Tue,32.9,0,0
APT-104411,Scheduled Maintenance,Phone,21,1,1,Wed,29.5,0,1
APT-103846,Repair — Customer Reported,Online Portal,21,0,1,Mon,4.4,0,0
APT-101977,Recall Service,Phone,3,0,0,Fri,35.9,1,0
APT-100104,Repair — Customer Reported,Dealer Walk-in,30,0,1,Wed,5.8,0,0
APT-101463,Scheduled Maintenance,Phone,2,0,0,Fri,25.8,0,0
APT-104261,Repair — Customer Reported,Online Portal,5,0,1,Wed,40.9,0,0
APT-103154,Recall Service,Mobile App,3,0,0,Mon,26.3,1,1
APT-104484,Repair — Customer Reported,Online Portal,10,1,0,Mon,40.1,0,0
APT-101203,Scheduled Maintenance,Mobile App,21,1,0,Thu,30.4,0,0
APT-100107,Tire Service,Mobile App,30,1,1,Thu,29.8,0,0
APT-102508,Software Update,Phone,0,0,0,Thu,44.2,0,1
APT-100732,Software Update,Online Portal,7,1,1,Thu,22.0,0,0
APT-104533,Warranty Repair,Mobile App,7,0,0,Wed,12.6,0,0
APT-105659,Repair — Customer Reported,Mobile App,10,0,1,Wed,12.3,0,0
APT-102857,Repair — Customer Reported,Online Portal,14,0,0,Thu,26.3,0,1
APT-100335,Repair — Customer Reported,Mobile App,7,0,1,Thu,21.5,0,0
APT-100185,Warranty Repair,Online Portal,0,0,0,Thu,23.9,1,0
APT-104975,Repair — Customer Reported,Phone,1,0,1,Fri,36.9,0,0
APT-101194,Software Update,Dealer Walk-in,3,0,0,Fri,37.5,0,0
APT-103690,Repair — Customer Reported,Phone,0,0,1,Fri,5.4,1,0
APT-100657,Software Update,Dealer Walk-in,10,0,0,Sat,11.8,1,0
APT-103766,Warranty Repair,Phone,3,0,1,Mon,24.2,0,0
APT-101754,Tire Service,Mobile App,14,0,1,Mon,34.0,0,0
APT-103580,Scheduled Maintenance,Dealer Walk-in,10,0,1,Mon,8.2,0,0
APT-101476,Tire Service,Phone,14,0,0,Wed,24.4,0,0
APT-101893,Recall Service,Dealer Walk-in,3,0,0,Tue,23.1,0,0
APT-101912,Scheduled Maintenance,Dealer Walk-in,30,3,1,Mon,36.8,1,1
APT-102318,Software Update,Online Portal,14,1,1,Thu,15.2,0,0
APT-105029,Tire Service,Mobile App,5,2,1,Wed,26.8,1,0
APT-101547,Scheduled Maintenance,Phone,5,0,1,Wed,19.3,0,0
APT-104713,Repair — Customer Reported,Dealer Walk-in,2,0,0,Tue,8.5,0,0
APT-103447,Recall Service,Phone,0,2,1,Mon,31.2,0,0
APT-101114,Tire Service,Phone,10,0,0,Wed,40.5,0,0
APT-102745,Scheduled Maintenance,Online Portal,21,0,0,Fri,10.5,0,1
APT-103527,Recall Service,Dealer Walk-in,10,0,1,Thu,24.5,0,1
APT-101511,Scheduled Maintenance,Mobile App,1,0,1,Fri,8.3,0,0
APT-102306,Recall Service,Online Portal,14,3,1,Tue,19.4,0,1
APT-103945,Warranty Repair,Phone,7,1,1,Thu,11.8,0,0
APT-104335,Scheduled Maintenance,Dealer Walk-in,2,2,1,Sat,30.7,0,0
APT-102261,Tire Service,Mobile App,10,0,0,Sat,15.2,1,0
APT-100031,Software Update,Dealer Walk-in,21,0,0,Mon,5.1,0,1
APT-101780,Scheduled Maintenance,Phone,3,0,1,Mon,16.0,0,0
APT-103666,Scheduled Maintenance,Phone,5,0,1,Tue,10.7,0,0
APT-101645,Repair — Customer Reported,Phone,21,1,1,Sat,27.5,0,0
APT-102479,Tire Service,Online Portal,0,0,1,Tue,40.3,1,0
APT-105701,Tire Service,Mobile App,2,0,1,Tue,25.8,0,0
APT-101273,Repair — Customer Reported,Online Portal,1,1,0,Mon,24.4,0,1
APT-104731,Software Update,Phone,0,0,1,Thu,39.5,1,0
APT-105881,Software Update,Dealer Walk-in,2,0,1,Sat,39.6,1,0
APT-101217,Software Update,Mobile App,0,0,1,Tue,27.8,0,0
APT-102548,Recall Service,Online Portal,10,2,0,Thu,32.3,1,0
APT-104671,Scheduled Maintenance,Mobile App,3,0,1,Sat,34.9,1,0
APT-102228,Recall Service,Phone,7,1,0,Thu,6.9,0,0
APT-100395,Recall Service,Dealer Walk-in,1,2,1,Fri,26.1,0,0
APT-101218,Tire Service,Online Portal,7,3,0,Thu,18.6,1,0
APT-105983,Warranty Repair,Phone,3,0,1,Fri,39.4,0,0
APT-101510,Scheduled Maintenance,Dealer Walk-in,14,3,0,Thu,4.4,0,1
APT-100402,Repair — Customer Reported,Mobile App,2,0,0,Fri,3.2,0,0
APT-102272,Software Update,Dealer Walk-in,3,1,1,Sat,24.2,0,0
APT-101529,Tire Service,Dealer Walk-in,2,0,1,Wed,7.9,0,0
APT-103452,Software Update,Phone,14,0,0,Tue,19.1,0,0
APT-105214,Warranty Repair,Phone,30,1,0,Fri,42.5,0,1
APT-100441,Tire Service,Online Portal,10,1,0,Wed,19.0,1,0
APT-103513,Scheduled Maintenance,Dealer Walk-in,30,0,1,Fri,35.9,0,1
APT-104410,Recall Service,Phone,30,1,1,Wed,12.6,0,0
APT-102647,Recall Service,Phone,1,0,1,Wed,34.8,0,0
APT-100373,Recall Service,Online Portal,21,0,1,Thu,15.5,1,0
APT-102357,Recall Service,Online Portal,0,0,0,Wed,44.3,1,0
APT-103630,Repair — Customer Reported,Online Portal,10,3,1,Fri,21.6,0,1
APT-103774,Software Update,Online Portal,1,3,1,Fri,10.0,0,0
APT-101256,Software Update,Dealer Walk-in,5,2,1,Wed,30.8,0,1
APT-104271,Recall Service,Dealer Walk-in,30,2,1,Mon,42.8,0,1
APT-104432,Repair — Customer Reported,Phone,21,1,1,Sat,35.9,1,0
APT-100230,Software Update,Online Portal,0,0,0,Tue,4.0,1,0
APT-105749,Software Update,Phone,0,3,1,Sat,29.0,0,1
APT-101585,Repair — Customer Reported,Mobile App,3,0,0,Fri,6.2,0,0
APT-104380,Repair — Customer Reported,Mobile App,10,1,1,Thu,38.1,0,0
APT-105144,Recall Service,Online Portal,30,3,1,Thu,34.3,0,1
APT-105751,Recall Service,Online Portal,10,1,1,Wed,37.1,0,0
APT-105946,Recall Service,Phone,3,2,0,Tue,5.3,0,0
APT-103625,Tire Service,Phone,30,0,1,Sat,37.0,0,1
APT-102789,Software Update,Phone,2,1,1,Fri,40.6,0,0
APT-105580,Recall Service,Dealer Walk-in,5,1,1,Thu,14.7,0,0
APT-100516,Repair — Customer Reported,Online Portal,7,1,1,Thu,21.7,0,0
APT-100677,Software Update,Mobile App,5,2,0,Fri,13.0,0,0
APT-103033,Software Update,Phone,10,0,1,Thu,13.2,0,1
APT-103330,Warranty Repair,Phone,10,0,1,Thu,18.6,0,0
APT-101076,Recall Service,Phone,21,0,1,Thu,38.8,0,0
APT-103039,Repair — Customer Reported,Mobile App,0,2,1,Wed,30.0,0,0
APT-104728,Repair — Customer Reported,Phone,7,1,0,Tue,10.1,0,0
APT-101315,Scheduled Maintenance,Mobile App,21,1,1,Fri,23.8,0,0
APT-105799,Software Update,Online Portal,30,0,1,Tue,36.1,0,1
APT-101530,Recall Service,Dealer Walk-in,0,0,1,Tue,31.6,0,0
APT-100966,Scheduled Maintenance,Dealer Walk-in,1,3,1,Tue,19.9,0,0
APT-103768,Tire Service,Online Portal,14,0,0,Thu,3.1,0,0
APT-105518,Repair — Customer Reported,Mobile App,21,0,1,Sat,5.4,1,1
APT-101504,Recall Service,Online Portal,5,0,0,Sat,34.2,0,0
APT-102883,Software Update,Mobile App,21,0,0,Mon,11.1,0,1
APT-101867,Recall Service,Dealer Walk-in,0,0,0,Mon,1.1,0,0
APT-103427,Tire Service,Mobile App,7,1,1,Tue,21.8,0,0
APT-101944,Tire Service,Mobile App,7,2,1,Mon,36.7,1,0
APT-104904,Tire Service,Dealer Walk-in,2,0,0,Thu,27.7,1,0
APT-102622,Repair — Customer Reported,Dealer Walk-in,5,3,1,Wed,32.9,0,0
APT-105447,Warranty Repair,Mobile App,30,2,0,Thu,9.0,0,1
APT-105494,Recall Service,Phone,14,1,1,Sat,4.6,1,0
APT-101067,Repair — Customer Reported,Phone,3,0,1,Tue,14.2,1,0
APT-102587,Scheduled Maintenance,Online Portal,1,0,0,Tue,19.4,1,0
APT-100152,Tire Service,Mobile App,1,2,1,Mon,3.1,0,0
APT-103530,Scheduled Maintenance,Dealer Walk-in,10,0,1,Wed,5.9,1,0
APT-100181,Warranty Repair,Mobile App,3,0,1,Mon,13.4,0,0
APT-101845,Tire Service,Phone,2,1,0,Tue,5.0,0,0
APT-100968,Software Update,Online Portal,0,2,0,Sat,7.4,1,0
APT-102667,Scheduled Maintenance,Dealer Walk-in,5,0,0,Thu,27.6,1,0
APT-101710,Tire Service,Online Portal,7,0,1,Sat,33.6,0,0
APT-103397,Software Update,Mobile App,10,0,1,Fri,16.7,1,0
APT-105153,Recall Service,Phone,21,1,0,Thu,36.9,0,1
APT-103813,Recall Service,Online Portal,3,0,1,Wed,6.6,0,0
APT-105065,Scheduled Maintenance,Online Portal,7,2,1,Sat,22.4,0,1
APT-100400,Software Update,Dealer Walk-in,30,1,1,Sat,43.4,0,0
APT-104930,Software Update,Dealer Walk-in,7,1,1,Fri,11.9,0,1
APT-105553,Tire Service,Mobile App,5,1,1,Mon,19.3,0,0
APT-103317,Tire Service,Online Portal,3,0,1,Tue,11.1,0,0
APT-102027,Scheduled Maintenance,Phone,7,0,1,Fri,27.1,0,0
APT-104069,Software Update,Phone,10,0,1,Wed,22.4,0,0
APT-104908,Tire Service,Online Portal,7,0,1,Wed,6.3,1,0
APT-104789,Recall Service,Online Portal,21,1,1,Fri,36.6,0,0
APT-105490,Software Update,Dealer Walk-in,10,2,0,Mon,22.7,0,0
APT-103259,Tire Service,Mobile App,1,0,1,Tue,15.5,0,0
APT-104520,Tire Service,Phone,14,0,1,Fri,40.8,1,0
APT-105378,Tire Service,Online Portal,30,2,1,Mon,27.8,0,1
APT-103957,Tire Service,Online Portal,2,3,0,Mon,5.3,0,0
APT-104819,Software Update,Online Portal,30,0,1,Wed,40.0,0,1
APT-102407,Tire Service,Online Portal,1,0,1,Tue,22.2,1,0
APT-100557,Repair — Customer Reported,Phone,21,0,1,Mon,35.2,0,1
APT-105067,Recall Service,Dealer Walk-in,0,0,0,Thu,20.0,0,0
APT-100444,Software Update,Online Portal,3,0,0,Tue,5.4,0,0
APT-100015,Recall Service,Phone,14,3,1,Fri,39.4,0,1
APT-103080,Repair — Customer Reported,Mobile App,7,0,1,Mon,44.7,1,0
APT-100048,Warranty Repair,Phone,14,1,0,Fri,15.0,0,0
APT-101180,Warranty Repair,Dealer Walk-in,21,0,1,Wed,5.1,0,0
APT-105388,Software Update,Phone,7,0,0,Wed,8.4,0,0
APT-100365,Repair — Customer Reported,Phone,0,1,1,Tue,11.0,0,1
APT-102576,Repair — Customer Reported,Mobile App,1,3,1,Fri,21.6,1,0
APT-103898,Warranty Repair,Online Portal,14,3,0,Mon,2.3,0,1
APT-103635,Repair — Customer Reported,Phone,10,1,0,Wed,21.0,0,1
APT-104149,Warranty Repair,Mobile App,0,0,0,Fri,11.0,1,0
APT-103280,Scheduled Maintenance,Phone,0,2,0,Mon,23.8,0,1
APT-100191,Recall Service,Dealer Walk-in,14,1,1,Tue,21.2,0,0
APT-102643,Recall Service,Dealer Walk-in,1,0,1,Mon,14.7,1,0
APT-105455,Warranty Repair,Online Portal,5,0,1,Mon,35.2,0,0
APT-101013,Software Update,Dealer Walk-in,7,0,1,Thu,11.6,0,0
APT-101499,Software Update,Phone,5,1,0,Tue,11.4,0,0
APT-103928,Software Update,Online Portal,10,1,1,Mon,25.6,1,0
APT-104853,Tire Service,Phone,30,0,0,Fri,33.4,1,0
APT-105204,Recall Service,Dealer Walk-in,7,1,0,Thu,30.0,1,0
APT-104575,Software Update,Dealer Walk-in,0,2,0,Wed,34.8,0,1
APT-100620,Warranty Repair,Mobile App,2,0,0,Mon,29.4,0,0
APT-101658,Recall Service,Online Portal,5,0,0,Sat,24.5,1,0
APT-104732,Tire Service,Dealer Walk-in,10,1,1,Sat,28.7,0,1
APT-104760,Repair — Customer Reported,Online Portal,7,1,0,Wed,28.4,0,1
APT-100405,Tire Service,Mobile App,21,2,0,Mon,6.0,0,0
APT-101869,Recall Service,Dealer Walk-in,30,1,1,Fri,16.8,0,1
APT-101115,Repair — Customer Reported,Dealer Walk-in,5,2,1,Sat,8.7,0,1
APT-103716,Scheduled Maintenance,Dealer Walk-in,7,1,1,Sat,18.7,0,0
APT-105156,Scheduled Maintenance,Online Portal,1,0,0,Mon,29.0,0,0
APT-105992,Scheduled Maintenance,Online Portal,0,0,1,Thu,37.9,0,0
APT-104451,Repair — Customer Reported,Online Portal,3,0,1,Fri,18.4,1,0
APT-104045,Software Update,Phone,14,3,1,Thu,11.9,0,1
APT-100899,Recall Service,Dealer Walk-in,30,2,1,Sat,14.4,0,1
APT-104004,Scheduled Maintenance,Phone,2,0,1,Fri,17.4,1,0
APT-100850,Repair — Customer Reported,Phone,3,0,1,Mon,15.8,1,0
APT-101953,Tire Service,Mobile App,14,0,1,Fri,20.8,0,0
APT-105077,Tire Service,Phone,14,0,0,Tue,33.9,0,0
APT-101650,Scheduled Maintenance,Dealer Walk-in,3,2,1,Tue,11.6,0,0
APT-101059,Warranty Repair,Online Portal,5,3,0,Thu,44.4,0,0
APT-101327,Recall Service,Phone,3,3,1,Tue,7.4,0,0
APT-103229,Warranty Repair,Online Portal,5,0,1,Tue,31.0,0,0
APT-100637,Tire Service,Online Portal,14,1,0,Fri,40.6,0,0
APT-105058,Software Update,Online Portal,3,1,1,Sat,3.2,0,0
APT-101330,Scheduled Maintenance,Phone,7,2,0,Tue,36.0,0,0
APT-101121,Tire Service,Dealer Walk-in,3,0,1,Sat,33.0,0,1
APT-101578,Software Update,Mobile App,0,0,0,Mon,11.6,0,0
APT-105808,Warranty Repair,Dealer Walk-in,2,1,0,Fri,28.2,1,0
APT-103671,Recall Service,Online Portal,0,1,1,Tue,15.3,0,0
APT-100808,Recall Service,Dealer Walk-in,7,0,0,Thu,9.2,1,0
APT-101089,Warranty Repair,Online Portal,7,0,0,Sat,29.3,0,0
APT-102974,Software Update,Online Portal,1,0,1,Thu,29.3,0,0
APT-101379,Scheduled Maintenance,Online Portal,0,0,1,Wed,9.9,1,0
APT-102157,Scheduled Maintenance,Phone,2,0,0,Mon,27.2,0,0
APT-103361,Recall Service,Mobile App,0,1,0,Thu,15.7,0,1
APT-101654,Software Update,Dealer Walk-in,0,0,0,Sat,24.0,0,0
APT-103735,Software Update,Online Portal,7,0,1,Thu,14.9,1,0
APT-102899,Repair — Customer Reported,Online Portal,1,0,1,Fri,29.4,1,0
APT-104253,Recall Service,Dealer Walk-in,21,1,0,Thu,4.7,0,1
APT-102362,Repair — Customer Reported,Phone,10,0,1,Fri,41.7,0,1
APT-101878,Scheduled Maintenance,Online Portal,10,0,1,Tue,28.1,1,0
APT-103556,Repair — Customer Reported,Phone,2,0,1,Sat,21.6,1,0
APT-102419,Warranty Repair,Dealer Walk-in,14,1,1,Sat,30.5,0,0
APT-100144,Software Update,Dealer Walk-in,30,0,1,Tue,9.0,0,0
APT-105567,Warranty Repair,Online Portal,30,0,0,Mon,39.1,0,1
APT-103623,Software Update,Online Portal,5,1,0,Wed,41.6,0,0
APT-105975,Repair — Customer Reported,Online Portal,2,1,1,Tue,22.1,0,0
APT-105781,Repair — Customer Reported,Dealer Walk-in,2,2,1,Tue,29.2,0,0
APT-101363,Scheduled Maintenance,Phone,3,1,1,Mon,42.7,0,0
APT-104499,Tire Service,Phone,10,0,1,Sat,17.6,0,0
APT-105842,Tire Service,Phone,5,3,0,Wed,26.3,0,0
APT-102735,Recall Service,Mobile App,2,0,0,Thu,24.7,0,0
APT-104625,Recall Service,Online Portal,30,1,1,Mon,29.1,1,1
APT-102354,Tire Service,Phone,3,2,1,Wed,13.9,1,0
APT-102560,Recall Service,Dealer Walk-in,30,0,0,Fri,41.9,0,0
APT-105184,Scheduled Maintenance,Online Portal,7,0,1,Fri,15.0,0,0
APT-103884,Warranty Repair,Phone,30,1,1,Tue,30.1,1,0
APT-104039,Recall Service,Phone,2,2,1,Mon,41.4,0,0
APT-105652,Tire Service,Phone,30,0,1,Sat,20.1,0,0
APT-102625,Warranty Repair,Dealer Walk-in,21,0,1,Sat,36.7,0,1
APT-105846,Recall Service,Phone,14,1,1,Fri,13.8,0,0
APT-100072,Recall Service,Dealer Walk-in,1,3,1,Thu,27.7,0,0
APT-102500,Recall Service,Phone,21,0,1,Tue,13.5,0,0
APT-104119,Recall Service,Phone,3,0,0,Sat,19.5,0,1
APT-101857,Repair — Customer Reported,Mobile App,2,1,1,Mon,20.6,0,1
APT-100635,Recall Service,Dealer Walk-in,3,1,1,Sat,42.3,0,1
APT-104632,Warranty Repair,Mobile App,10,0,1,Mon,28.4,0,0
APT-100303,Warranty Repair,Online Portal,2,1,1,Tue,40.5,0,0
APT-103682,Repair — Customer Reported,Mobile App,21,2,1,Tue,21.8,1,1
APT-102869,Warranty Repair,Dealer Walk-in,5,1,1,Wed,21.3,0,1
APT-103973,Recall Service,Online Portal,1,2,1,Sat,43.8,0,0
APT-103761,Recall Service,Dealer Walk-in,30,1,0,Thu,15.4,1,1
APT-103831,Software Update,Online Portal,30,3,0,Wed,44.5,0,1
APT-105926,Repair — Customer Reported,Phone,2,3,1,Wed,16.7,0,0
APT-104635,Tire Service,Dealer Walk-in,7,0,1,Sat,28.6,0,0
APT-100714,Warranty Repair,Mobile App,1,0,1,Wed,13.7,0,0
APT-102286,Repair — Customer Reported,Online Portal,21,2,0,Wed,30.9,0,0
APT-105226,Repair — Customer Reported,Phone,5,0,1,Tue,2.7,0,0
APT-100432,Warranty Repair,Online Portal,3,0,1,Tue,6.9,0,0
APT-105146,Repair — Customer Reported,Dealer Walk-in,5,3,0,Sat,23.1,0,1
APT-102693,Warranty Repair,Mobile App,2,3,1,Sat,44.6,0,1
APT-102350,Tire Service,Mobile App,3,2,1,Fri,44.9,0,1
APT-102583,Tire Service,Mobile App,21,2,1,Wed,1.7,0,1
APT-102039,Tire Service,Dealer Walk-in,3,0,0,Wed,18.0,1,0
APT-100379,Warranty Repair,Mobile App,2,1,0,Fri,2.3,0,0
APT-104450,Tire Service,Dealer Walk-in,10,3,1,Mon,39.7,0,0
APT-103749,Repair — Customer Reported,Mobile App,10,0,0,Thu,31.9,0,0
APT-100601,Warranty Repair,Phone,30,1,0,Sat,12.4,1,0
APT-101374,Repair — Customer Reported,Mobile App,21,2,0,Wed,29.3,1,1
APT-103655,Tire Service,Online Portal,10,0,1,Sat,24.7,0,0
APT-100752,Scheduled Maintenance,Phone,14,0,1,Wed,34.9,0,0
APT-105765,Warranty Repair,Online Portal,2,1,0,Thu,27.6,0,1
APT-103567,Recall Service,Dealer Walk-in,2,0,0,Thu,22.5,0,0
APT-101669,Software Update,Mobile App,10,1,0,Thu,22.0,1,0
APT-101730,Scheduled Maintenance,Online Portal,30,1,1,Sat,16.1,0,1
APT-103415,Repair — Customer Reported,Online Portal,10,1,1,Fri,19.2,0,0
APT-100915,Software Update,Phone,7,1,1,Fri,27.6,0,0
APT-101664,Scheduled Maintenance,Phone,14,0,1,Mon,18.5,0,0
APT-104859,Scheduled Maintenance,Dealer Walk-in,3,0,0,Thu,33.8,0,0
APT-104479,Warranty Repair,Dealer Walk-in,30,0,0,Mon,38.9,0,1
APT-102156,Tire Service,Mobile App,0,2,1,Tue,5.4,0,0
APT-100675,Scheduled Maintenance,Mobile App,1,0,1,Sat,4.7,1,0
APT-100747,Warranty Repair,Dealer Walk-in,14,1,1,Wed,33.0,0,0
APT-104378,Repair — Customer Reported,Mobile App,10,3,1,Thu,36.5,0,0
APT-105048,Tire Service,Dealer Walk-in,21,0,0,Wed,44.0,0,1
APT-100261,Recall Service,Mobile App,1,0,0,Fri,43.5,0,0
APT-103499,Tire Service,Dealer Walk-in,2,0,1,Fri,34.8,0,0
APT-101884,Tire Service,Mobile App,0,1,1,Thu,5.7,1,0
APT-102405,Scheduled Maintenance,Dealer Walk-in,1,1,0,Mon,7.8,0,0
APT-104529,Software Update,Online Portal,7,0,0,Wed,44.6,0,0
APT-103475,Warranty Repair,Phone,30,0,1,Mon,18.9,0,1
APT-104009,Scheduled Maintenance,Dealer Walk-in,1,1,0,Thu,40.1,0,1
APT-102099,Recall Service,Phone,5,1,1,Fri,33.1,0,0
APT-100495,Tire Service,Online Portal,0,2,1,Mon,9.9,0,0
APT-100964,Warranty Repair,Phone,0,3,1,Thu,18.0,0,0
APT-103335,Recall Service,Mobile App,5,0,1,Mon,12.5,0,1
APT-105710,Tire Service,Phone,0,3,0,Sat,41.6,1,0
APT-105865,Tire Service,Phone,5,0,1,Thu,31.7,1,0
APT-105730,Recall Service,Online Portal,30,1,0,Wed,21.7,0,1
APT-104708,Software Update,Online Portal,10,0,0,Fri,22.9,0,1
APT-103667,Software Update,Mobile App,21,0,0,Mon,15.7,0,1
APT-101213,Warranty Repair,Mobile App,0,0,1,Thu,21.3,1,0
APT-100190,Recall Service,Mobile App,3,0,0,Thu,39.4,0,0
APT-104469,Scheduled Maintenance,Mobile App,0,2,1,Tue,17.0,0,1
APT-102097,Repair — Customer Reported,Online Portal,0,0,0,Sat,27.0,0,0
APT-100308,Tire Service,Online Portal,3,2,1,Mon,32.3,0,1
APT-105465,Scheduled Maintenance,Dealer Walk-in,10,0,1,Thu,31.2,1,0
APT-104167,Warranty Repair,Dealer Walk-in,14,0,1,Sat,5.4,0,1
APT-103501,Scheduled Maintenance,Phone,2,0,1,Tue,42.2,0,0
APT-105052,Tire Service,Dealer Walk-in,7,3,0,Thu,26.7,0,1
APT-103348,Repair — Customer Reported,Phone,14,0,1,Mon,25.6,0,0
APT-101362,Warranty Repair,Phone,1,2,0,Tue,20.2,0,0
APT-102427,Recall Service,Mobile App,5,1,0,Tue,34.9,1,0
APT-101692,Warranty Repair,Online Portal,7,2,1,Tue,33.1,0,0
APT-103811,Software Update,Phone,2,0,0,Fri,23.7,0,0
APT-103875,Scheduled Maintenance,Mobile App,3,0,0,Tue,38.8,0,0
APT-104062,Tire Service,Online Portal,0,1,0,Wed,24.3,1,0
APT-102773,Repair — Customer Reported,Phone,2,1,1,Sat,16.5,1,0
APT-104330,Warranty Repair,Online Portal,5,2,1,Thu,7.4,0,0
APT-105197,Warranty Repair,Phone,21,3,1,Tue,32.3,0,1
APT-103830,Recall Service,Mobile App,14,0,1,Thu,37.0,1,0
APT-103688,Warranty Repair,Online Portal,2,1,0,Tue,22.7,0,1
APT-105918,Repair — Customer Reported,Mobile App,14,2,0,Fri,33.2,0,1
APT-105216,Software Update,Mobile App,14,0,0,Mon,38.9,0,1
APT-105802,Scheduled Maintenance,Phone,5,0,1,Sat,19.4,0,0
APT-104927,Repair — Customer Reported,Phone,30,0,1,Tue,17.0,0,0
APT-101759,Warranty Repair,Dealer Walk-in,0,0,1,Tue,11.3,1,0
APT-102232,Tire Service,Mobile App,3,1,1,Tue,29.4,1,0
APT-105825,Software Update,Dealer Walk-in,14,0,1,Thu,29.2,0,0
APT-105856,Software Update,Mobile App,30,2,1,Mon,37.7,0,1
APT-105448,Warranty Repair,Online Portal,7,0,0,Tue,9.3,0,0
APT-101671,Repair — Customer Reported,Dealer Walk-in,2,0,1,Sat,17.1,0,0
APT-100504,Repair — Customer Reported,Phone,3,2,1,Sat,37.2,0,0
APT-105953,Recall Service,Mobile App,21,0,1,Mon,31.3,0,1
APT-101756,Software Update,Online Portal,7,2,1,Fri,27.8,1,0
APT-103582,Repair — Customer Reported,Dealer Walk-in,30,0,0,Fri,44.0,0,0
APT-100831,Warranty Repair,Dealer Walk-in,1,0,1,Sat,19.4,0,1
APT-105774,Repair — Customer Reported,Online Portal,5,1,1,Sat,25.0,0,0
APT-103336,Software Update,Mobile App,1,2,1,Wed,37.3,0,0
APT-101832,Recall Service,Mobile App,21,1,1,Thu,8.0,0,0
APT-101398,Recall Service,Phone,10,1,1,Fri,19.1,0,1
APT-102649,Recall Service,Dealer Walk-in,3,0,1,Tue,41.3,1,0
APT-103673,Warranty Repair,Dealer Walk-in,3,0,1,Thu,3.0,1,0
APT-101753,Warranty Repair,Mobile App,10,0,0,Sat,26.9,0,1
APT-104236,Repair — Customer Reported,Phone,21,1,0,Wed,39.7,0,1
APT-103318,Warranty Repair,Online Portal,5,0,0,Wed,33.2,0,0
APT-100119,Software Update,Dealer Walk-in,2,1,1,Fri,25.7,0,0
APT-105779,Repair — Customer Reported,Dealer Walk-in,5,1,1,Wed,4.6,1,0
APT-100146,Recall Service,Phone,5,3,0,Tue,17.2,0,1
APT-100673,Repair — Customer Reported,Online Portal,1,0,1,Wed,21.1,0,0
APT-100069,Tire Service,Dealer Walk-in,1,2,1,Wed,8.9,1,0
APT-102985,Tire Service,Mobile App,2,3,1,Sat,36.7,0,1
APT-105517,Software Update,Online Portal,2,0,1,Wed,15.0,0,0
APT-104143,Scheduled Maintenance,Mobile App,21,0,1,Fri,36.5,0,1
APT-102226,Recall Service,Phone,30,1,1,Wed,5.2,0,1
APT-103742,Scheduled Maintenance,Dealer Walk-in,30,0,1,Tue,15.0,1,1
APT-105964,Recall Service,Mobile App,30,1,1,Tue,43.7,0,0
APT-103485,Repair — Customer Reported,Mobile App,0,1,1,Mon,36.0,0,0
APT-103572,Scheduled Maintenance,Mobile App,0,1,0,Tue,7.2,0,1
APT-103911,Tire Service,Mobile App,1,2,1,Tue,35.0,0,1
APT-105598,Software Update,Online Portal,30,1,1,Tue,29.5,0,1
APT-103741,Tire Service,Mobile App,30,3,1,Thu,15.9,0,1
APT-102738,Recall Service,Mobile App,10,0,1,Wed,2.1,0,0
APT-102652,Warranty Repair,Phone,30,0,1,Fri,22.5,0,1
APT-100401,Recall Service,Phone,21,0,1,Wed,25.5,1,1
APT-103538,Scheduled Maintenance,Dealer Walk-in,14,2,1,Fri,9.5,0,0
APT-100123,Repair — Customer Reported,Online Portal,2,2,1,Thu,4.1,0,1
APT-102266,Warranty Repair,Online Portal,14,1,0,Fri,19.6,0,1
APT-102563,Repair — Customer Reported,Dealer Walk-in,1,0,1,Tue,3.8,0,0
APT-100022,Scheduled Maintenance,Phone,2,0,1,Thu,40.7,1,0
APT-104282,Scheduled Maintenance,Online Portal,0,0,1,Wed,23.7,0,0
APT-102383,Scheduled Maintenance,Dealer Walk-in,0,1,0,Tue,2.3,0,0
APT-103608,Warranty Repair,Phone,10,3,0,Tue,34.3,0,0
APT-100773,Recall Service,Mobile App,0,3,1,Wed,10.5,0,1
APT-102110,Repair — Customer Reported,Phone,3,3,1,Mon,7.2,0,0
APT-105507,Recall Service,Mobile App,0,0,1,Thu,22.9,0,0
APT-100887,Software Update,Online Portal,1,0,0,Tue,41.9,0,0
APT-101392,Repair — Customer Reported,Online Portal,2,1,1,Mon,39.0,1,0
APT-103885,Scheduled Maintenance,Mobile App,10,0,1,Wed,11.3,0,1
APT-101228,Scheduled Maintenance,Dealer Walk-in,2,2,0,Sat,44.1,0,1
APT-105360,Software Update,Dealer Walk-in,21,3,0,Thu,13.0,1,1
APT-104363,Software Update,Online Portal,1,0,0,Mon,14.9,0,0
APT-103754,Repair — Customer Reported,Mobile App,10,0,1,Mon,36.1,1,0
APT-104377,Recall Service,Online Portal,21,0,1,Mon,22.0,0,0
APT-105466,Recall Service,Phone,10,1,1,Tue,11.2,0,1
APT-103797,Tire Service,Mobile App,1,1,1,Tue,29.2,0,0
APT-100001,Warranty Repair,Online Portal,0,0,1,Fri,2.2,1,0
APT-104152,Repair — Customer Reported,Phone,1,1,0,Thu,36.1,0,1
APT-105010,Scheduled Maintenance,Phone,3,1,1,Fri,7.3,0,0
APT-102841,Software Update,Dealer Walk-in,1,0,0,Tue,23.5,1,0
APT-104615,Software Update,Mobile App,1,0,1,Mon,42.2,0,0
APT-103035,Recall Service,Phone,30,3,1,Sat,15.5,0,1
APT-105823,Repair — Customer Reported,Phone,14,1,0,Fri,42.1,0,1
APT-101644,Tire Service,Mobile App,2,0,1,Thu,43.8,1,0
APT-105544,Recall Service,Dealer Walk-in,5,2,1,Wed,8.8,0,0
APT-101771,Scheduled Maintenance,Dealer Walk-in,10,0,0,Sat,11.9,0,0
APT-101994,Scheduled Maintenance,Phone,3,3,1,Thu,39.6,0,0
APT-101090,Warranty Repair,Dealer Walk-in,7,1,1,Tue,36.3,0,0
APT-100832,Recall Service,Phone,5,3,1,Sat,37.7,0,0
APT-104063,Repair — Customer Reported,Mobile App,2,0,1,Wed,42.4,1,0
APT-104981,Tire Service,Online Portal,30,0,1,Wed,42.1,0,1
APT-102133,Recall Service,Online Portal,21,0,1,Tue,23.6,0,0
APT-105650,Scheduled Maintenance,Online Portal,0,0,1,Fri,5.6,0,0
APT-102453,Recall Service,Dealer Walk-in,2,1,0,Mon,36.1,1,0
APT-103558,Scheduled Maintenance,Online Portal,1,1,0,Mon,29.2,1,1
APT-103489,Software Update,Phone,10,0,0,Mon,7.2,0,0
APT-103005,Recall Service,Mobile App,21,0,1,Mon,4.3,0,1
APT-101472,Repair — Customer Reported,Mobile App,14,1,0,Sat,40.9,0,1
APT-101455,Warranty Repair,Online Portal,10,1,1,Wed,42.8,0,1
APT-101154,Tire Service,Online Portal,21,0,1,Tue,13.5,1,0
APT-101704,Warranty Repair,Mobile App,14,1,1,Thu,7.6,1,0
APT-101295,Recall Service,Dealer Walk-in,10,0,1,Sat,42.1,1,0
APT-101742,Warranty Repair,Mobile App,30,3,1,Wed,19.6,0,1
APT-102558,Software Update,Online Portal,3,0,0,Sat,30.8,0,0
APT-102966,Scheduled Maintenance,Dealer Walk-in,0,3,1,Mon,31.7,0,1
APT-101539,Tire Service,Phone,3,0,0,Sat,33.7,0,0
APT-103020,Scheduled Maintenance,Dealer Walk-in,1,0,1,Wed,31.3,0,0
APT-100455,Scheduled Maintenance,Phone,14,0,1,Fri,12.8,0,0
APT-104516,Recall Service,Dealer Walk-in,1,1,1,Fri,38.8,1,0
APT-100580,Warranty Repair,Mobile App,30,3,1,Thu,23.4,0,1
APT-105325,Tire Service,Online Portal,14,0,1,Sat,4.4,0,0
APT-104944,Scheduled Maintenance,Phone,21,0,0,Thu,36.3,0,1
APT-105041,Software Update,Online Portal,5,1,0,Fri,34.1,0,0
APT-104644,Repair — Customer Reported,Online Portal,21,0,1,Fri,27.2,1,1
APT-102056,Scheduled Maintenance,Phone,3,2,1,Fri,44.1,0,0
APT-100494,Warranty Repair,Phone,21,1,0,Tue,28.0,0,1
APT-102038,Scheduled Maintenance,Online Portal,0,0,0,Sat,18.2,0,0
APT-105704,Warranty Repair,Online Portal,7,0,1,Thu,6.9,0,0
APT-100942,Repair — Customer Reported,Dealer Walk-in,10,0,0,Tue,2.8,1,0
APT-101261,Repair — Customer Reported,Phone,5,0,0,Wed,17.3,0,0
APT-103751,Scheduled Maintenance,Mobile App,5,1,1,Wed,26.8,0,0
APT-103113,Repair — Customer Reported,Online Portal,1,3,0,Tue,32.8,0,1
APT-104864,Scheduled Maintenance,Dealer Walk-in,21,2,1,Sat,2.9,0,1
APT-104113,Repair — Customer Reported,Dealer Walk-in,0,0,1,Sat,11.9,0,0
APT-103750,Repair — Customer Reported,Dealer Walk-in,14,0,1,Fri,29.2,0,0
APT-101939,Software Update,Dealer Walk-in,3,2,0,Mon,29.7,0,0
APT-103756,Repair — Customer Reported,Dealer Walk-in,30,0,1,Fri,28.9,0,1
APT-103327,Software Update,Online Portal,14,2,1,Fri,32.3,0,1
APT-102034,Tire Service,Mobile App,0,0,1,Mon,8.2,1,0
APT-102690,Repair — Customer Reported,Mobile App,3,1,0,Fri,34.4,1,0
APT-105287,Tire Service,Online Portal,21,3,1,Mon,27.1,0,0
APT-103244,Recall Service,Online Portal,14,0,1,Mon,3.4,0,0
APT-102115,Warranty Repair,Dealer Walk-in,30,2,0,Wed,22.1,0,0
APT-103943,Software Update,Dealer Walk-in,7,3,1,Tue,28.4,0,0
APT-102032,Warranty Repair,Phone,5,2,1,Sat,16.1,0,0
APT-102527,Scheduled Maintenance,Phone,3,0,1,Thu,27.6,1,0
APT-101713,Repair — Customer Reported,Phone,2,0,0,Fri,10.4,0,0
APT-100505,Tire Service,Phone,1,0,1,Tue,12.7,0,0
APT-104814,Repair — Customer Reported,Mobile App,2,0,1,Fri,21.9,0,1
APT-101436,Repair — Customer Reported,Mobile App,10,1,0,Mon,3.4,1,0
APT-103929,Scheduled Maintenance,Mobile App,5,3,0,Wed,3.7,0,0
APT-103994,Scheduled Maintenance,Mobile App,14,0,0,Sat,44.6,1,1
APT-101701,Software Update,Phone,1,3,1,Mon,36.2,0,1
APT-101129,Tire Service,Mobile App,10,0,1,Fri,11.6,0,0
APT-100751,Scheduled Maintenance,Dealer Walk-in,5,0,1,Fri,2.4,1,0
APT-101002,Tire Service,Phone,7,1,0,Sat,33.7,0,1
APT-100546,Scheduled Maintenance,Mobile App,21,0,1,Mon,31.6,0,0
APT-100804,Scheduled Maintenance,Online Portal,0,0,0,Sat,3.9,1,0
APT-101099,Warranty Repair,Online Portal,30,3,1,Tue,16.1,0,1
APT-105631,Software Update,Mobile App,3,0,0,Fri,30.6,0,0
APT-105049,Recall Service,Mobile App,14,1,0,Fri,28.3,1,0
APT-105750,Warranty Repair,Phone,5,0,1,Tue,1.2,1,0
APT-105102,Recall Service,Dealer Walk-in,2,2,1,Tue,15.3,0,0
APT-104964,Warranty Repair,Phone,1,0,1,Sat,8.8,0,0
APT-100283,Warranty Repair,Phone,2,0,1,Fri,29.6,0,0
APT-103778,Tire Service,Mobile App,10,0,0,Thu,43.2,0,0
APT-100781,Scheduled Maintenance,Phone,5,0,1,Mon,7.8,0,0
APT-104292,Tire Service,Online Portal,7,1,0,Mon,6.6,0,1
APT-100464,Recall Service,Mobile App,0,0,1,Sat,23.7,0,0
APT-104107,Repair — Customer Reported,Online Portal,21,0,1,Thu,25.5,0,1
APT-103380,Tire Service,Online Portal,7,2,1,Thu,7.4,0,0
APT-105013,Warranty Repair,Mobile App,3,0,0,Tue,20.6,0,0
APT-105951,Tire Service,Dealer Walk-in,0,3,0,Sat,14.1,0,1
APT-102731,Recall Service,Mobile App,14,0,1,Thu,3.1,1,1
APT-103764,Recall Service,Dealer Walk-in,1,1,1,Fri,39.3,0,1
APT-100853,Warranty Repair,Phone,1,1,1,Fri,17.2,1,0
APT-104887,Software Update,Dealer Walk-in,14,1,1,Tue,5.7,0,0
APT-102973,Warranty Repair,Dealer Walk-in,3,3,0,Fri,3.0,0,1
APT-103796,Tire Service,Dealer Walk-in,10,3,1,Wed,40.9,0,1
APT-100834,Software Update,Mobile App,10,0,1,Fri,18.0,0,0
APT-104934,Recall Service,Phone,14,2,0,Wed,18.5,0,0
APT-102310,Scheduled Maintenance,Online Portal,14,0,1,Fri,4.1,0,0
APT-102678,Software Update,Phone,14,3,1,Fri,10.8,1,1
APT-102185,Warranty Repair,Phone,21,1,1,Mon,20.7,0,0
APT-104664,Warranty Repair,Dealer Walk-in,3,3,0,Wed,20.6,0,0
APT-100788,Software Update,Mobile App,7,2,1,Fri,13.4,1,1
APT-101444,Recall Service,Dealer Walk-in,7,0,1,Wed,21.6,0,0
APT-103857,Repair — Customer Reported,Mobile App,3,1,0,Fri,26.4,0,0
APT-102166,Tire Service,Online Portal,0,0,1,Mon,30.6,0,0
APT-103155,Tire Service,Online Portal,7,1,0,Wed,22.0,0,0
APT-100100,Recall Service,Dealer Walk-in,2,1,0,Sat,2.7,0,0
APT-104963,Tire Service,Mobile App,3,3,1,Sat,39.5,0,1
APT-105009,Repair — Customer Reported,Dealer Walk-in,14,1,1,Tue,27.0,0,1
APT-105691,Repair — Customer Reported,Phone,30,0,1,Tue,25.4,1,0
APT-101997,Recall Service,Mobile App,10,1,1,Fri,33.6,0,0
APT-103379,Warranty Repair,Phone,30,2,0,Tue,12.9,0,1
APT-101214,Warranty Repair,Dealer Walk-in,5,2,1,Wed,8.9,0,0
APT-105473,Repair — Customer Reported,Dealer Walk-in,5,0,1,Thu,30.9,1,0
APT-102665,Scheduled Maintenance,Mobile App,1,0,1,Wed,39.3,1,0
APT-102927,Scheduled Maintenance,Mobile App,21,0,1,Tue,37.2,0,0
APT-101567,Recall Service,Mobile App,3,2,1,Tue,18.8,0,1
APT-100255,Software Update,Phone,14,0,1,Sat,26.9,0,1
APT-105209,Scheduled Maintenance,Mobile App,3,1,1,Tue,5.7,1,0
APT-105344,Repair — Customer Reported,Mobile App,5,1,1,Sat,11.2,0,0
APT-100488,Recall Service,Dealer Walk-in,1,0,1,Sat,28.2,0,0
APT-105179,Warranty Repair,Dealer Walk-in,3,1,1,Mon,19.9,0,0
APT-103454,Recall Service,Mobile App,0,1,1,Wed,38.1,1,0
APT-105576,Recall Service,Online Portal,3,0,1,Fri,36.1,0,0
APT-101100,Scheduled Maintenance,Phone,10,1,0,Fri,26.0,0,0
APT-100661,Scheduled Maintenance,Phone,21,0,1,Sat,36.2,0,1
APT-105336,Warranty Repair,Dealer Walk-in,10,0,1,Sat,44.0,1,0
APT-100671,Software Update,Mobile App,7,1,1,Sat,43.1,1,0
APT-101201,Recall Service,Dealer Walk-in,14,0,1,Sat,7.5,0,1
APT-102120,Warranty Repair,Dealer Walk-in,14,3,1,Tue,6.2,0,1
APT-103202,Recall Service,Dealer Walk-in,7,2,0,Fri,9.9,1,0
APT-101112,Repair — Customer Reported,Mobile App,0,1,1,Sat,12.0,0,1
APT-102675,Repair — Customer Reported,Mobile App,7,0,0,Thu,27.1,0,0
APT-105382,Warranty Repair,Online Portal,14,0,0,Wed,11.1,0,0
APT-100469,Warranty Repair,Mobile App,1,0,1,Wed,14.9,0,0
APT-100056,Warranty Repair,Dealer Walk-in,1,0,0,Mon,45.0,0,0
APT-102526,Scheduled Maintenance,Dealer Walk-in,21,2,0,Mon,9.1,1,0
APT-105312,Warranty Repair,Phone,5,0,0,Fri,35.7,0,0
APT-105019,Recall Service,Phone,0,1,1,Mon,11.1,0,1
APT-105675,Warranty Repair,Mobile App,3,1,1,Mon,10.1,1,0
APT-101743,Tire Service,Dealer Walk-in,7,0,0,Tue,12.1,0,0
APT-102845,Recall Service,Online Portal,21,0,0,Wed,21.6,0,1
APT-104821,Software Update,Phone,14,0,0,Fri,24.8,0,0
APT-104379,Scheduled Maintenance,Dealer Walk-in,0,1,1,Mon,34.8,1,0
APT-103070,Repair — Customer Reported,Online Portal,2,0,1,Tue,12.1,0,0
APT-100977,Software Update,Online Portal,5,0,1,Sat,2.4,0,1
APT-104067,Recall Service,Phone,14,0,0,Fri,28.4,1,0
APT-105956,Tire Service,Online Portal,21,0,1,Thu,31.8,0,0
APT-103770,Warranty Repair,Online Portal,2,1,1,Tue,4.8,0,1
APT-101182,Tire Service,Online Portal,14,3,1,Thu,8.6,0,1
APT-101543,Tire Service,Dealer Walk-in,10,0,1,Mon,10.8,0,1
APT-103878,Recall Service,Phone,30,0,0,Mon,28.9,0,1
APT-105972,Scheduled Maintenance,Dealer Walk-in,30,1,0,Mon,21.9,0,1
APT-105725,Warranty Repair,Mobile App,21,1,1,Wed,23.3,0,0
APT-101397,Repair — Customer Reported,Phone,21,1,1,Mon,31.9,1,1
APT-101139,Scheduled Maintenance,Phone,5,1,1,Wed,36.4,0,1
APT-101109,Repair — Customer Reported,Phone,0,0,0,Thu,39.1,0,0
APT-104756,Recall Service,Dealer Walk-in,0,1,1,Mon,33.5,0,0
APT-100193,Repair — Customer Reported,Phone,14,0,1,Sat,13.0,1,0
APT-104834,Warranty Repair,Phone,5,0,1,Wed,22.0,0,0
APT-100077,Repair — Customer Reported,Dealer Walk-in,14,0,0,Sat,18.7,0,0
APT-104406,Tire Service,Mobile App,2,2,0,Fri,14.4,0,0
APT-102921,Recall Service,Online Portal,14,0,1,Sat,40.5,0,0
APT-100470,Repair — Customer Reported,Mobile App,7,1,1,Thu,19.2,1,0
APT-105330,Warranty Repair,Phone,2,0,1,Thu,28.0,0,0
APT-103611,Scheduled Maintenance,Dealer Walk-in,3,0,1,Wed,35.1,0,0
APT-104673,Warranty Repair,Phone,21,2,1,Thu,16.8,0,1
APT-100300,Repair — Customer Reported,Dealer Walk-in,1,1,1,Tue,13.8,0,0
APT-104988,Software Update,Phone,30,0,1,Mon,27.7,0,0
APT-104674,Tire Service,Dealer Walk-in,10,3,1,Sat,43.1,0,0
APT-101412,Repair — Customer Reported,Dealer Walk-in,3,3,0,Sat,26.2,0,0
APT-102850,Software Update,Phone,30,1,1,Wed,36.0,0,0
APT-104185,Recall Service,Online Portal,10,0,1,Tue,39.7,0,0
APT-103303,Recall Service,Mobile App,3,2,1,Fri,42.8,1,0
APT-100363,Scheduled Maintenance,Mobile App,5,0,0,Fri,34.6,0,1
APT-102836,Warranty Repair,Dealer Walk-in,1,0,1,Fri,18.2,0,0
APT-105119,Warranty Repair,Mobile App,1,1,1,Fri,27.1,0,0
APT-101716,Software Update,Mobile App,14,0,0,Wed,11.9,1,0
APT-100368,Recall Service,Phone,3,1,1,Tue,6.4,0,0
APT-100825,Tire Service,Dealer Walk-in,10,0,1,Wed,36.4,0,1
APT-105562,Software Update,Online Portal,5,2,1,Wed,41.3,1,0
APT-102378,Repair — Customer Reported,Online Portal,0,0,1,Wed,23.9,0,0
APT-101726,Scheduled Maintenance,Online Portal,5,0,1,Sat,23.5,1,0
APT-105911,Repair — Customer Reported,Dealer Walk-in,1,0,1,Fri,35.9,0,0
APT-105413,Software Update,Online Portal,30,1,1,Mon,8.6,0,1
APT-103652,Recall Service,Dealer Walk-in,7,0,0,Wed,21.6,1,0
APT-101967,Scheduled Maintenance,Phone,1,0,0,Wed,38.8,0,0
APT-103234,Warranty Repair,Phone,10,0,1,Sat,7.4,0,0
APT-102331,Software Update,Mobile App,5,2,1,Fri,6.3,0,0
APT-104130,Recall Service,Mobile App,1,0,1,Fri,28.5,0,0
APT-104865,Tire Service,Online Portal,0,3,1,Sat,24.4,0,0
APT-104818,Repair — Customer Reported,Phone,30,0,1,Wed,11.4,0,1
APT-100619,Tire Service,Phone,14,2,0,Wed,3.3,1,0
APT-101749,Recall Service,Online Portal,0,1,1,Fri,38.8,0,0
APT-104133,Repair — Customer Reported,Mobile App,14,0,0,Tue,20.5,0,0
APT-105574,Software Update,Phone,10,0,1,Wed,20.7,0,0
APT-102718,Repair — Customer Reported,Dealer Walk-in,30,1,0,Fri,43.4,0,1
APT-103469,Repair — Customer Reported,Dealer Walk-in,1,0,1,Tue,36.2,1,0
APT-100047,Scheduled Maintenance,Online Portal,10,0,0,Sat,23.8,1,0
APT-100458,Repair — Customer Reported,Dealer Walk-in,14,3,0,Fri,39.2,0,0
APT-102934,Repair — Customer Reported,Mobile App,1,2,0,Fri,7.5,0,0
APT-105279,Tire Service,Dealer Walk-in,5,2,1,Fri,26.3,0,0
APT-103771,Recall Service,Online Portal,0,1,0,Thu,32.9,0,0
APT-105043,Repair — Customer Reported,Dealer Walk-in,30,1,1,Mon,32.5,1,0
APT-104070,Tire Service,Online Portal,14,0,0,Tue,16.4,0,0
APT-104108,Scheduled Maintenance,Mobile App,3,0,1,Fri,31.2,0,0
APT-104971,Scheduled Maintenance,Online Portal,10,1,1,Wed,27.3,1,1
APT-100529,Software Update,Mobile App,2,1,1,Sat,29.6,1,0
APT-105847,Recall Service,Dealer Walk-in,7,3,0,Mon,4.0,1,0
APT-101509,Repair — Customer Reported,Phone,14,0,0,Tue,42.7,0,1
APT-100920,Recall Service,Dealer Walk-in,21,1,0,Thu,22.0,1,0
APT-102199,Scheduled Maintenance,Phone,1,0,1,Mon,40.1,0,0
APT-101781,Tire Service,Online Portal,10,0,0,Mon,41.0,0,0
APT-103251,Software Update,Online Portal,0,0,0,Tue,32.5,0,0
APT-101842,Recall Service,Phone,7,0,1,Fri,1.8,0,0
APT-103050,Recall Service,Dealer Walk-in,30,1,1,Fri,23.7,0,0
APT-100484,Recall Service,Mobile App,14,0,0,Tue,21.3,0,0
APT-102240,Repair — Customer Reported,Mobile App,1,0,1,Tue,38.7,0,0
APT-105406,Repair — Customer Reported,Dealer Walk-in,1,1,1,Sat,7.8,0,1
APT-105583,Recall Service,Mobile App,14,0,1,Fri,17.7,0,1
APT-100967,Software Update,Dealer Walk-in,30,2,1,Mon,12.9,0,1
APT-101354,Scheduled Maintenance,Phone,14,0,1,Mon,3.0,0,1
APT-102041,Recall Service,Mobile App,0,0,1,Tue,19.8,0,0
APT-102031,Software Update,Dealer Walk-in,10,0,0,Tue,36.3,0,1
APT-103539,Repair — Customer Reported,Phone,10,1,1,Wed,37.4,0,0
APT-102045,Recall Service,Phone,5,0,1,Thu,14.5,0,0
APT-101027,Warranty Repair,Mobile App,30,1,0,Fri,5.7,0,1
APT-105305,Software Update,Dealer Walk-in,5,0,1,Mon,39.2,0,0
APT-103358,Warranty Repair,Dealer Walk-in,21,0,0,Thu,25.9,0,0
APT-104603,Warranty Repair,Dealer Walk-in,21,1,1,Wed,20.8,1,0
APT-100551,Software Update,Phone,5,0,1,Wed,23.3,0,0
APT-102787,Warranty Repair,Phone,0,2,1,Tue,6.5,0,0
APT-104619,Software Update,Phone,3,1,0,Mon,5.4,0,0
APT-103053,Repair — Customer Reported,Online Portal,14,2,0,Mon,44.8,0,0
APT-105439,Recall Service,Online Portal,3,2,1,Tue,29.6,0,0
APT-105078,Repair — Customer Reported,Phone,2,0,1,Wed,43.7,0,0
APT-102859,Repair — Customer Reported,Mobile App,30,1,0,Wed,36.6,0,1
APT-104724,Recall Service,Mobile App,0,2,0,Wed,41.5,0,0
APT-105542,Scheduled Maintenance,Phone,1,1,0,Sat,32.9,1,1
APT-105528,Scheduled Maintenance,Online Portal,14,0,1,Thu,19.4,1,0
APT-105692,Recall Service,Dealer Walk-in,7,1,1,Wed,26.6,0,1
APT-101775,Scheduled Maintenance,Mobile App,2,0,0,Fri,34.4,0,0
APT-102438,Repair — Customer Reported,Dealer Walk-in,5,3,1,Tue,8.9,0,1
APT-104221,Warranty Repair,Phone,3,2,0,Tue,1.1,0,0
APT-103551,Software Update,Dealer Walk-in,30,2,0,Tue,29.1,1,1
APT-103220,Warranty Repair,Dealer Walk-in,14,0,1,Mon,9.5,0,1
APT-103219,Repair — Customer Reported,Mobile App,2,0,1,Sat,13.2,0,0
APT-102584,Repair — Customer Reported,Phone,10,1,1,Thu,28.5,0,0
APT-105456,Recall Service,Mobile App,5,1,1,Thu,6.9,0,1
APT-102465,Scheduled Maintenance,Mobile App,1,0,1,Wed,25.9,0,0
APT-101390,Warranty Repair,Mobile App,7,0,1,Wed,25.3,0,0
APT-105445,Warranty Repair,Online Portal,7,0,0,Mon,43.7,0,0
APT-100996,Tire Service,Mobile App,3,1,1,Wed,21.0,0,1
APT-104765,Tire Service,Phone,7,0,0,Tue,9.4,0,0
APT-102193,Repair — Customer Reported,Phone,2,0,0,Sat,37.8,0,1
APT-101120,Repair — Customer Reported,Online Portal,2,0,1,Tue,41.1,1,0
APT-101855,Repair — Customer Reported,Mobile App,0,1,1,Fri,25.1,0,0
APT-105099,Scheduled Maintenance,Phone,30,2,1,Tue,18.9,0,1
APT-102143,Software Update,Phone,5,0,1,Tue,16.4,0,0
APT-100005,Repair — Customer Reported,Online Portal,3,2,1,Thu,29.0,0,1
APT-104495,Repair — Customer Reported,Mobile App,3,0,1,Thu,23.5,0,0
APT-101817,Tire Service,Mobile App,30,1,0,Sat,27.3,0,1
APT-100423,Scheduled Maintenance,Dealer Walk-in,21,3,1,Sat,35.1,0,0
APT-103340,Recall Service,Dealer Walk-in,7,1,1,Sat,38.1,0,0
APT-105130,Tire Service,Online Portal,10,0,1,Wed,35.6,0,0
APT-104397,Tire Service,Online Portal,3,0,0,Fri,3.8,1,0
APT-105186,Recall Service,Phone,7,1,1,Tue,7.4,0,0
APT-102150,Warranty Repair,Dealer Walk-in,30,1,1,Wed,12.3,0,1
APT-105084,Scheduled Maintenance,Online Portal,21,1,0,Fri,32.1,0,0
APT-100038,Repair — Customer Reported,Dealer Walk-in,21,0,0,Fri,15.6,1,1
APT-100260,Warranty Repair,Online Portal,3,0,0,Mon,26.4,0,0
APT-104710,Scheduled Maintenance,Mobile App,30,0,0,Sat,38.3,0,0
APT-103247,Scheduled Maintenance,Mobile App,10,0,1,Mon,2.5,1,0
APT-101485,Recall Service,Online Portal,10,0,0,Fri,3.6,1,0
APT-105852,Recall Service,Online Portal,0,0,1,Thu,27.8,0,0
APT-102672,Scheduled Maintenance,Dealer Walk-in,5,2,0,Tue,22.7,1,0
APT-102279,Warranty Repair,Online Portal,2,2,1,Tue,1.7,1,1
APT-102939,Repair — Customer Reported,Mobile App,2,1,1,Wed,19.5,1,0
APT-101527,Software Update,Dealer Walk-in,30,0,1,Wed,15.5,1,0
APT-104111,Repair — Customer Reported,Mobile App,30,1,1,Fri,28.1,1,1
APT-105720,Tire Service,Phone,21,1,1,Sat,32.3,0,0
APT-101046,Warranty Repair,Online Portal,1,0,0,Tue,12.7,0,0
APT-101065,Repair — Customer Reported,Phone,3,0,0,Wed,10.6,0,0
APT-104808,Repair — Customer Reported,Mobile App,10,1,0,Thu,38.8,1,1
APT-100913,Tire Service,Dealer Walk-in,5,0,1,Mon,25.2,0,0
APT-102748,Recall Service,Online Portal,7,1,1,Wed,44.0,0,0
APT-103921,Repair — Customer Reported,Online Portal,5,1,1,Mon,33.8,0,0
APT-105885,Recall Service,Online Portal,2,0,1,Tue,38.9,0,0
APT-101035,Scheduled Maintenance,Online Portal,14,0,0,Sat,14.2,0,1
APT-101468,Tire Service,Online Portal,5,3,1,Tue,38.9,0,0
APT-105700,Recall Service,Online Portal,30,3,1,Mon,11.6,0,1
APT-103256,Scheduled Maintenance,Mobile App,2,1,1,Tue,3.0,0,0
APT-100497,Recall Service,Mobile App,1,0,1,Wed,25.6,0,0
APT-102861,Scheduled Maintenance,Phone,5,3,0,Mon,15.5,0,0
APT-103312,Warranty Repair,Online Portal,1,1,1,Tue,37.0,0,0
APT-105760,Recall Service,Phone,0,2,0,Mon,18.6,1,0
APT-105807,Warranty Repair,Dealer Walk-in,7,1,0,Tue,31.5,1,1
APT-105199,Tire Service,Phone,1,0,1,Fri,43.0,0,0
APT-102200,Recall Service,Phone,2,0,1,Wed,41.3,0,0
APT-101025,Repair — Customer Reported,Dealer Walk-in,14,1,1,Fri,42.6,0,1
APT-101069,Software Update,Dealer Walk-in,14,0,1,Thu,21.3,0,0
APT-102656,Software Update,Mobile App,21,0,1,Fri,2.5,1,0
APT-102568,Warranty Repair,Online Portal,1,1,1,Thu,20.3,0,0
APT-103703,Warranty Repair,Mobile App,2,3,1,Wed,5.2,1,1
APT-104871,Software Update,Phone,3,1,1,Mon,1.4,0,0
APT-103529,Repair — Customer Reported,Mobile App,5,0,1,Wed,6.7,1,0
APT-100501,Tire Service,Dealer Walk-in,2,1,1,Wed,40.7,0,0
APT-104906,Tire Service,Phone,14,1,1,Wed,37.2,0,0
APT-100278,Scheduled Maintenance,Online Portal,1,1,0,Mon,6.5,0,1
APT-105520,Recall Service,Mobile App,1,1,1,Tue,5.9,1,0
APT-103488,Scheduled Maintenance,Dealer Walk-in,10,0,0,Fri,33.2,0,1
APT-101321,Recall Service,Mobile App,1,0,1,Sat,36.4,0,0
APT-102144,Tire Service,Phone,2,3,0,Sat,30.9,0,1
APT-103942,Tire Service,Mobile App,5,0,0,Tue,19.0,0,1
APT-100268,Tire Service,Online Portal,5,2,0,Wed,24.8,0,0
APT-102530,Recall Service,Phone,0,0,0,Sat,36.4,1,1
APT-104776,Tire Service,Phone,10,0,1,Mon,11.4,0,0
APT-103147,Software Update,Mobile App,2,1,1,Thu,6.0,0,0
APT-103856,Software Update,Online Portal,2,2,1,Thu,3.3,0,0
APT-101007,Warranty Repair,Mobile App,7,0,1,Fri,20.2,0,0
APT-101528,Tire Service,Online Portal,3,2,0,Thu,5.7,0,0
APT-100611,Scheduled Maintenance,Phone,2,0,1,Wed,37.1,1,0
APT-101508,Tire Service,Phone,5,0,1,Tue,40.8,0,0
APT-103206,Software Update,Online Portal,14,1,1,Thu,6.2,0,1
APT-102170,Tire Service,Dealer Walk-in,2,0,1,Mon,37.9,0,0
APT-104738,Repair — Customer Reported,Phone,2,0,1,Sat,33.2,1,0
APT-103621,Tire Service,Phone,1,1,1,Sat,10.6,0,0
APT-105278,Repair — Customer Reported,Dealer Walk-in,7,0,1,Tue,10.3,1,0
APT-100141,Software Update,Mobile App,2,1,0,Wed,25.6,0,1
APT-103019,Warranty Repair,Phone,10,0,1,Sat,33.1,0,0
APT-101870,Tire Service,Dealer Walk-in,2,0,1,Mon,3.6,0,0
APT-103588,Recall Service,Online Portal,21,0,1,Fri,44.5,1,0
APT-105499,Tire Service,Mobile App,7,1,0,Thu,7.2,1,0
APT-102941,Tire Service,Dealer Walk-in,1,1,1,Wed,27.7,1,1
APT-100644,Software Update,Phone,2,0,1,Wed,26.3,0,0
APT-101153,Repair — Customer Reported,Phone,7,0,1,Sat,11.9,1,0
APT-101748,Scheduled Maintenance,Online Portal,5,0,1,Wed,22.6,1,0
APT-102525,Scheduled Maintenance,Mobile App,3,3,0,Mon,43.7,1,1
APT-101879,Warranty Repair,Dealer Walk-in,30,1,0,Thu,15.2,0,1
APT-105036,Repair — Customer Reported,Dealer Walk-in,21,1,0,Fri,14.8,0,1
APT-102760,Tire Service,Online Portal,21,3,0,Sat,3.4,1,0
APT-104688,Repair — Customer Reported,Dealer Walk-in,30,0,0,Thu,19.6,0,0
APT-104771,Warranty Repair,Mobile App,10,0,0,Wed,1.9,0,0
APT-103036,Tire Service,Phone,0,0,0,Fri,18.9,0,0
APT-100057,Software Update,Online Portal,0,3,1,Mon,28.3,0,1
APT-105066,Recall Service,Online Portal,1,0,1,Sat,3.4,1,0
APT-102406,Warranty Repair,Online Portal,21,2,0,Mon,29.5,0,1
APT-105267,Recall Service,Mobile App,21,0,1,Tue,25.3,0,1
APT-105989,Scheduled Maintenance,Online Portal,21,1,0,Mon,38.6,0,0
APT-105966,Warranty Repair,Dealer Walk-in,5,3,0,Thu,35.9,0,0
APT-102065,Repair — Customer Reported,Mobile App,30,0,1,Wed,37.3,0,0
APT-101634,Repair — Customer Reported,Dealer Walk-in,0,2,1,Tue,20.2,1,0
APT-102746,Warranty Repair,Online Portal,5,1,1,Thu,41.6,0,0
APT-101921,Repair — Customer Reported,Phone,3,3,1,Tue,26.4,0,1
APT-102078,Recall Service,Mobile App,10,0,1,Tue,31.4,0,0
APT-105974,Recall Service,Mobile App,3,0,0,Fri,39.4,0,0
APT-104598,Recall Service,Online Portal,21,0,0,Tue,25.5,0,0
APT-104647,Recall Service,Phone,21,3,1,Tue,44.6,1,1
APT-101239,Scheduled Maintenance,Dealer Walk-in,10,2,0,Mon,17.0,0,0
APT-104809,Recall Service,Dealer Walk-in,14,0,0,Mon,37.6,0,0
APT-103064,Warranty Repair,Dealer Walk-in,3,1,0,Wed,17.3,0,0
APT-105658,Repair — Customer Reported,Mobile App,14,0,0,Mon,3.7,0,0
APT-100298,Software Update,Mobile App,3,0,1,Sat,15.1,0,0
APT-105503,Repair — Customer Reported,Dealer Walk-in,5,0,0,Tue,4.6,0,0
APT-101844,Recall Service,Phone,21,1,0,Wed,1.2,1,0
APT-102167,Tire Service,Online Portal,0,0,1,Wed,9.5,0,0
APT-105641,Software Update,Mobile App,10,0,1,Tue,4.9,0,1
APT-105007,Tire Service,Phone,10,3,0,Mon,34.9,1,0
APT-101932,Scheduled Maintenance,Online Portal,0,0,1,Mon,16.6,0,0
APT-102127,Tire Service,Mobile App,14,3,1,Mon,3.2,0,0
APT-102215,Repair — Customer Reported,Mobile App,7,3,1,Fri,6.9,1,0
APT-104890,Software Update,Online Portal,7,0,0,Tue,33.5,0,1
APT-104264,Scheduled Maintenance,Dealer Walk-in,2,0,1,Fri,30.3,1,0
APT-105479,Tire Service,Online Portal,14,0,1,Sat,42.2,0,0
APT-103932,Recall Service,Dealer Walk-in,0,0,0,Wed,8.9,0,0
APT-100943,Warranty Repair,Dealer Walk-in,30,0,1,Thu,17.0,0,1
APT-105478,Warranty Repair,Dealer Walk-in,3,2,1,Wed,23.2,1,0
APT-100947,Tire Service,Phone,0,0,1,Sat,12.1,0,0
APT-103367,Recall Service,Online Portal,3,0,0,Wed,21.3,0,0
APT-101973,Scheduled Maintenance,Online Portal,21,2,0,Sat,14.8,0,0
APT-105060,Tire Service,Online Portal,10,3,1,Thu,5.9,0,0
APT-100941,Warranty Repair,Dealer Walk-in,3,0,1,Mon,23.4,0,0
APT-100686,Software Update,Dealer Walk-in,10,0,1,Wed,19.1,1,0
APT-104660,Tire Service,Online Portal,5,0,1,Fri,4.6,1,0
APT-104001,Scheduled Maintenance,Mobile App,1,3,0,Fri,2.6,0,1
APT-103609,Recall Service,Phone,14,3,0,Thu,6.2,0,0
APT-104886,Recall Service,Online Portal,14,3,1,Mon,29.8,0,1
APT-100280,Software Update,Phone,0,0,1,Sat,34.2,0,0
APT-102774,Scheduled Maintenance,Phone,2,0,1,Sat,30.1,0,0
APT-100370,Warranty Repair,Mobile App,10,0,1,Sat,7.7,0,0
APT-101015,Scheduled Maintenance,Phone,21,0,1,Thu,38.1,0,0
APT-103451,Repair — Customer Reported,Online Portal,30,0,1,Mon,21.6,0,1
APT-103281,Software Update,Online Portal,5,0,0,Thu,38.0,0,0
APT-104711,Software Update,Online Portal,5,3,1,Mon,43.9,1,1
APT-105088,Recall Service,Online Portal,5,0,0,Fri,30.7,1,0
APT-104754,Software Update,Mobile App,2,3,1,Mon,38.4,1,0
APT-103453,Software Update,Mobile App,1,0,1,Mon,33.5,1,0
APT-101045,Warranty Repair,Phone,10,0,1,Tue,31.2,0,1
APT-103679,Warranty Repair,Online Portal,30,1,1,Thu,23.2,0,0
APT-103407,Repair — Customer Reported,Dealer Walk-in,0,0,1,Tue,34.7,0,0
APT-103903,Warranty Repair,Online Portal,2,0,0,Wed,22.3,0,0
APT-102195,Tire Service,Online Portal,14,0,1,Wed,7.9,0,0
APT-100973,Repair — Customer Reported,Dealer Walk-in,2,0,1,Fri,43.8,0,0
APT-104654,Warranty Repair,Phone,7,1,0,Wed,26.7,0,0
APT-103429,Warranty Repair,Mobile App,7,0,1,Mon,1.5,0,0
APT-100500,Warranty Repair,Online Portal,30,0,1,Sat,19.8,1,0
APT-102610,Warranty Repair,Mobile App,2,0,0,Thu,17.7,1,0
APT-100927,Tire Service,Online Portal,30,0,1,Fri,40.8,1,1
APT-105115,Repair — Customer Reported,Phone,10,1,0,Wed,18.8,0,0
APT-101244,Repair — Customer Reported,Mobile App,14,1,1,Sat,6.7,0,1
APT-104458,Warranty Repair,Dealer Walk-in,1,1,1,Fri,1.3,0,1
APT-102370,Recall Service,Phone,7,0,1,Fri,31.6,1,0
APT-103767,Tire Service,Phone,10,3,0,Tue,30.0,0,1
APT-105716,Warranty Repair,Dealer Walk-in,5,0,1,Wed,23.7,1,0
APT-103130,Recall Service,Dealer Walk-in,7,2,0,Sat,32.0,0,0
APT-100076,Software Update,Phone,10,0,1,Tue,41.0,0,1
APT-103986,Repair — Customer Reported,Mobile App,1,2,0,Sat,29.4,0,0
APT-103417,Software Update,Mobile App,10,1,0,Wed,37.3,0,0
APT-103792,Tire Service,Mobile App,14,1,1,Mon,43.2,0,0
APT-102251,Tire Service,Phone,14,1,1,Thu,3.2,0,0
APT-100054,Warranty Repair,Phone,30,1,0,Fri,25.8,1,1
APT-100845,Warranty Repair,Dealer Walk-in,10,2,1,Mon,12.0,0,0
APT-102189,Recall Service,Phone,0,1,0,Tue,12.4,0,0
APT-100067,Tire Service,Dealer Walk-in,10,3,1,Wed,31.9,0,1
APT-100399,Software Update,Dealer Walk-in,21,0,0,Tue,28.3,0,0
APT-100663,Recall Service,Phone,21,0,1,Fri,28.0,0,0
APT-101711,Scheduled Maintenance,Mobile App,0,1,1,Thu,43.3,0,0
APT-100678,Warranty Repair,Mobile App,14,1,1,Thu,5.8,0,0
APT-103218,Software Update,Phone,30,0,1,Thu,36.1,0,1
APT-100155,Tire Service,Online Portal,10,2,1,Thu,44.2,0,0
APT-105023,Recall Service,Mobile App,5,0,1,Tue,10.4,0,0
APT-101197,Repair — Customer Reported,Dealer Walk-in,1,0,1,Tue,21.5,1,0
APT-105391,Recall Service,Online Portal,30,0,0,Thu,13.9,0,1
APT-100593,Tire Service,Dealer Walk-in,10,1,0,Wed,15.7,0,0
APT-105063,Repair — Customer Reported,Phone,5,0,0,Mon,37.9,0,0
APT-100219,Warranty Repair,Online Portal,7,3,0,Fri,15.0,0,1
APT-102037,Software Update,Online Portal,21,0,0,Tue,1.6,0,0
APT-103347,Software Update,Phone,5,2,0,Wed,29.5,0,1
APT-105206,Repair — Customer Reported,Dealer Walk-in,21,1,1,Fri,5.1,0,1
APT-101945,Software Update,Online Portal,1,1,0,Mon,7.0,0,1
APT-102827,Software Update,Online Portal,10,0,0,Wed,26.3,0,0
APT-103732,Recall Service,Dealer Walk-in,10,0,1,Wed,4.3,0,0
APT-101582,Repair — Customer Reported,Dealer Walk-in,14,2,1,Thu,11.0,0,1
APT-105883,Software Update,Online Portal,30,2,1,Thu,4.7,0,1
APT-102003,Scheduled Maintenance,Phone,3,1,1,Fri,34.5,1,0
APT-101568,Recall Service,Online Portal,10,0,1,Mon,44.0,0,0
APT-100292,Recall Service,Online Portal,3,0,1,Thu,27.9,1,0
APT-102965,Repair — Customer Reported,Online Portal,5,0,0,Fri,5.6,0,0
APT-101765,Software Update,Online Portal,1,3,0,Wed,14.4,1,0
APT-104234,Scheduled Maintenance,Dealer Walk-in,10,3,1,Mon,44.0,0,1
APT-100741,Scheduled Maintenance,Phone,2,0,1,Mon,31.6,1,0
APT-104549,Warranty Repair,Phone,7,0,1,Tue,22.1,0,0
APT-101966,Repair — Customer Reported,Mobile App,1,0,1,Fri,3.4,1,0
APT-100933,Tire Service,Dealer Walk-in,1,3,0,Thu,8.1,0,1
APT-102660,Repair — Customer Reported,Online Portal,3,0,1,Mon,25.0,1,0
APT-103965,Recall Service,Online Portal,14,3,0,Sat,44.1,0,1
APT-103744,Tire Service,Phone,2,0,1,Fri,18.2,1,0
APT-104565,Repair — Customer Reported,Mobile App,30,0,1,Mon,25.3,0,1
APT-105632,Repair — Customer Reported,Mobile App,21,0,0,Wed,34.4,0,0
APT-102983,Tire Service,Phone,10,1,0,Tue,32.7,0,0
APT-104768,Scheduled Maintenance,Mobile App,30,0,1,Mon,38.4,1,0
APT-103406,Repair — Customer Reported,Online Portal,2,0,0,Thu,20.1,0,0
APT-105386,Tire Service,Online Portal,3,1,0,Wed,31.4,1,0
APT-103627,Scheduled Maintenance,Dealer Walk-in,2,0,0,Wed,38.4,1,0
APT-104869,Scheduled Maintenance,Dealer Walk-in,1,3,1,Mon,33.7,0,0
APT-100294,Repair — Customer Reported,Phone,7,0,0,Wed,33.2,1,0
APT-103715,Software Update,Dealer Walk-in,21,1,0,Fri,44.2,0,0
APT-103313,Recall Service,Mobile App,30,0,1,Mon,33.8,0,1
APT-103620,Recall Service,Online Portal,5,0,0,Fri,23.0,1,0
APT-103097,Repair — Customer Reported,Online Portal,3,0,0,Fri,34.8,0,0
APT-102203,Software Update,Phone,30,0,1,Tue,44.6,0,1
APT-104817,Software Update,Mobile App,14,0,1,Wed,34.5,0,1
APT-103051,Software Update,Online Portal,14,2,0,Fri,43.5,0,1
APT-102359,Scheduled Maintenance,Mobile App,10,3,0,Mon,41.7,0,1
APT-104839,Recall Service,Online Portal,0,0,1,Wed,31.7,0,0
APT-101763,Tire Service,Online Portal,3,0,0,Fri,26.1,0,0
APT-103923,Tire Service,Mobile App,2,1,1,Tue,8.8,0,0
APT-101072,Scheduled Maintenance,Dealer Walk-in,1,0,1,Wed,25.9,0,0
APT-104449,Repair — Customer Reported,Online Portal,1,3,0,Thu,6.8,0,0
APT-104913,Scheduled Maintenance,Mobile App,14,0,1,Thu,15.1,0,0
APT-102463,Scheduled Maintenance,Dealer Walk-in,14,0,1,Sat,31.7,0,0
APT-104241,Recall Service,Dealer Walk-in,30,0,1,Fri,43.6,0,1
APT-102356,Repair — Customer Reported,Phone,10,0,0,Wed,20.2,0,1
APT-103041,Scheduled Maintenance,Phone,21,1,0,Fri,28.2,0,0
APT-105927,Repair — Customer Reported,Phone,14,0,1,Sat,11.4,0,0
APT-105564,Recall Service,Dealer Walk-in,5,0,1,Thu,42.8,0,0
APT-105713,Scheduled Maintenance,Mobile App,14,0,0,Wed,26.5,0,0
APT-104666,Scheduled Maintenance,Online Portal,1,0,0,Mon,6.6,1,0
APT-103233,Repair — Customer Reported,Dealer Walk-in,5,0,0,Tue,5.2,0,0
APT-104990,Scheduled Maintenance,Dealer Walk-in,2,3,1,Wed,32.8,0,0
APT-104007,Scheduled Maintenance,Phone,10,0,1,Sat,35.7,1,0
APT-104641,Software Update,Phone,30,1,0,Wed,23.9,0,0
APT-100105,Tire Service,Dealer Walk-in,30,0,1,Thu,41.0,0,1
APT-104030,Software Update,Mobile App,3,0,1,Wed,43.4,1,0
APT-105645,Repair — Customer Reported,Phone,10,1,0,Mon,40.3,0,0
APT-100765,Software Update,Dealer Walk-in,1,0,0,Mon,20.7,0,0
APT-102377,Warranty Repair,Mobile App,7,0,0,Thu,16.5,0,0
APT-101532,Scheduled Maintenance,Online Portal,0,1,1,Mon,44.9,1,0
APT-105510,Scheduled Maintenance,Phone,2,0,1,Sat,36.6,0,0
APT-102329,Repair — Customer Reported,Mobile App,21,3,1,Thu,23.7,1,1
APT-104455,Scheduled Maintenance,Online Portal,5,0,1,Mon,12.8,0,0
APT-101764,Warranty Repair,Phone,1,0,1,Mon,33.2,0,0
APT-100914,Warranty Repair,Online Portal,5,1,0,Tue,24.6,1,0
APT-104483,Warranty Repair,Online Portal,30,0,1,Thu,13.9,0,0
APT-105319,Warranty Repair,Online Portal,14,0,0,Sat,17.7,0,0
APT-101901,Repair — Customer Reported,Dealer Walk-in,0,0,1,Tue,31.1,0,0
APT-101466,Warranty Repair,Dealer Walk-in,21,0,1,Sat,9.2,0,1
APT-102830,Repair — Customer Reported,Mobile App,0,0,1,Tue,24.5,1,0
APT-103649,Tire Service,Mobile App,0,0,1,Wed,41.8,1,0
APT-105389,Repair — Customer Reported,Phone,5,1,1,Tue,37.3,0,0
APT-100243,Scheduled Maintenance,Phone,10,0,1,Thu,5.5,1,0
APT-103711,Recall Service,Online Portal,3,0,1,Tue,38.4,0,0
APT-100634,Warranty Repair,Dealer Walk-in,14,1,1,Tue,29.5,0,0
APT-101086,Scheduled Maintenance,Online Portal,1,0,1,Sat,38.0,0,0
APT-100612,Scheduled Maintenance,Online Portal,1,0,0,Tue,3.8,1,0
APT-105733,Warranty Repair,Dealer Walk-in,3,0,0,Sat,6.0,0,0
APT-105639,Repair — Customer Reported,Phone,1,0,0,Fri,34.4,0,0
APT-101811,Software Update,Phone,0,0,0,Tue,15.3,0,0
APT-101257,Recall Service,Mobile App,0,0,0,Thu,22.8,1,0
APT-102942,Warranty Repair,Mobile App,5,1,0,Thu,24.2,0,1
APT-102122,Software Update,Phone,0,0,1,Tue,34.5,1,0
APT-100917,Software Update,Online Portal,7,3,0,Tue,39.2,0,1
APT-101393,Tire Service,Online Portal,2,1,0,Thu,28.8,0,0
APT-100818,Software Update,Phone,21,3,0,Thu,39.6,1,0
APT-104028,Repair — Customer Reported,Mobile App,14,0,1,Tue,9.7,0,1
APT-105363,Warranty Repair,Mobile App,21,0,0,Fri,17.2,0,1
APT-105812,Tire Service,Mobile App,14,1,1,Fri,1.5,0,0
APT-105991,Repair — Customer Reported,Phone,1,0,1,Fri,17.5,0,0
APT-100008,Tire Service,Dealer Walk-in,3,1,1,Sat,21.2,0,0
APT-102102,Software Update,Mobile App,3,0,1,Fri,18.6,0,0
APT-105342,Scheduled Maintenance,Online Portal,2,0,1,Tue,29.3,0,0
APT-104509,Tire Service,Phone,0,2,0,Tue,35.6,0,1
APT-104643,Tire Service,Dealer Walk-in,3,2,1,Fri,5.2,0,0
APT-100466,Repair — Customer Reported,Dealer Walk-in,7,0,1,Wed,16.1,0,0
APT-101695,Scheduled Maintenance,Mobile App,21,0,0,Tue,34.3,1,1
APT-102262,Recall Service,Phone,1,1,1,Sat,38.7,0,1
APT-104505,Tire Service,Phone,0,3,1,Thu,22.4,0,1
APT-102615,Tire Service,Mobile App,7,1,0,Sat,11.2,1,0
APT-102159,Scheduled Maintenance,Mobile App,1,1,1,Sat,25.4,1,0
APT-100227,Software Update,Mobile App,5,0,1,Thu,26.1,0,0
APT-100716,Tire Service,Mobile App,3,0,0,Thu,4.8,0,0
APT-102096,Scheduled Maintenance,Phone,3,3,1,Sat,29.7,0,1
APT-104151,Software Update,Mobile App,3,0,1,Mon,5.1,0,0
APT-101409,Warranty Repair,Mobile App,0,3,1,Wed,28.7,0,1
APT-104741,Software Update,Dealer Walk-in,3,1,0,Sat,44.5,1,0
APT-104523,Software Update,Online Portal,3,0,1,Tue,26.9,1,0
APT-103014,Repair — Customer Reported,Dealer Walk-in,2,0,1,Mon,24.9,0,1
APT-101546,Warranty Repair,Dealer Walk-in,2,1,1,Sat,19.9,0,0
APT-101433,Repair — Customer Reported,Phone,21,0,1,Tue,38.9,1,1
APT-101144,Tire Service,Phone,2,0,0,Fri,17.7,0,0
APT-104475,Warranty Repair,Mobile App,5,0,0,Thu,8.5,0,0
APT-104437,Scheduled Maintenance,Online Portal,5,0,0,Sat,11.6,0,0
APT-102901,Tire Service,Mobile App,2,0,1,Mon,23.8,0,0
APT-105833,Software Update,Phone,7,2,1,Fri,31.2,0,0
APT-103257,Warranty Repair,Dealer Walk-in,10,2,0,Tue,12.7,0,1
APT-104587,Scheduled Maintenance,Mobile App,5,0,1,Sat,15.1,0,1
APT-103992,Scheduled Maintenance,Online Portal,0,2,1,Wed,8.8,0,0
APT-104854,Tire Service,Online Portal,30,2,1,Wed,3.9,0,0
APT-100898,Repair — Customer Reported,Mobile App,10,0,0,Wed,31.6,1,0
APT-101206,Recall Service,Dealer Walk-in,7,0,0,Fri,27.4,0,0
APT-105646,Repair — Customer Reported,Phone,0,3,1,Wed,3.2,1,1
APT-102408,Tire Service,Phone,3,0,0,Sat,41.9,0,0
APT-105969,Software Update,Dealer Walk-in,1,0,1,Sat,42.7,0,0
APT-105809,Warranty Repair,Dealer Walk-in,0,0,1,Fri,11.9,0,0
APT-103991,Repair — Customer Reported,Mobile App,14,1,0,Fri,28.6,1,1
APT-103291,Warranty Repair,Mobile App,14,1,1,Wed,17.7,0,0
APT-101427,Warranty Repair,Mobile App,0,1,1,Mon,30.5,0,1
APT-100688,Tire Service,Mobile App,5,0,1,Mon,44.4,0,0
APT-102297,Recall Service,Online Portal,5,1,0,Mon,39.3,0,1
APT-103842,Warranty Repair,Online Portal,10,2,0,Fri,26.4,0,1
APT-103066,Recall Service,Phone,2,0,0,Tue,26.4,0,0
APT-100770,Recall Service,Phone,21,0,0,Tue,43.6,0,0
APT-102259,Warranty Repair,Dealer Walk-in,1,1,0,Thu,23.4,0,0
APT-100269,Recall Service,Mobile App,1,1,0,Tue,14.1,0,0
APT-101583,Tire Service,Phone,3,0,1,Thu,19.1,0,0
APT-105995,Recall Service,Mobile App,5,0,1,Fri,7.1,0,0
APT-105053,Repair — Customer Reported,Dealer Walk-in,3,1,0,Sat,19.6,1,0
APT-101136,Tire Service,Online Portal,3,1,1,Tue,25.3,0,0
APT-102765,Warranty Repair,Mobile App,21,0,0,Mon,28.1,0,0
APT-104848,Tire Service,Online Portal,1,0,1,Sat,42.8,0,0
APT-101576,Warranty Repair,Dealer Walk-in,2,0,1,Tue,1.8,0,0
APT-103387,Repair — Customer Reported,Online Portal,0,1,0,Sat,7.7,0,0
APT-102009,Recall Service,Phone,5,1,1,Tue,32.5,0,1
APT-104317,Scheduled Maintenance,Mobile App,21,0,0,Thu,24.1,0,1
APT-105555,Software Update,Mobile App,7,0,0,Tue,12.2,0,0
APT-104542,Warranty Repair,Mobile App,30,0,1,Sat,29.3,0,1
APT-104976,Warranty Repair,Mobile App,2,3,1,Tue,38.6,0,1
APT-100524,Recall Service,Mobile App,5,3,1,Fri,6.8,0,0
APT-102840,Software Update,Dealer Walk-in,5,0,1,Fri,5.3,0,0
APT-100724,Software Update,Mobile App,14,0,0,Tue,6.4,1,1
APT-102578,Recall Service,Mobile App,14,0,0,Mon,6.3,0,0
APT-105261,Scheduled Maintenance,Mobile App,10,0,0,Thu,36.5,0,0
APT-104862,Software Update,Dealer Walk-in,1,0,1,Tue,17.3,0,0
APT-103490,Scheduled Maintenance,Dealer Walk-in,10,1,0,Fri,6.1,0,0
APT-100351,Recall Service,Phone,5,1,1,Sat,1.4,0,0
APT-105759,Recall Service,Mobile App,5,1,0,Sat,3.3,1,0
APT-103704,Recall Service,Mobile App,14,0,1,Tue,2.8,0,0
APT-103794,Warranty Repair,Mobile App,21,3,0,Mon,25.9,0,1
APT-101769,Recall Service,Mobile App,21,3,1,Sat,34.1,0,0
APT-104799,Repair — Customer Reported,Online Portal,3,3,1,Tue,24.2,0,1
APT-105236,Software Update,Dealer Walk-in,2,3,1,Tue,5.3,0,0
APT-104687,Warranty Repair,Online Portal,7,0,0,Wed,3.7,0,0
APT-105335,Software Update,Phone,1,3,1,Mon,35.8,0,0
APT-105072,Repair — Customer Reported,Dealer Walk-in,2,1,1,Wed,19.1,0,0
APT-103510,Scheduled Maintenance,Dealer Walk-in,2,1,1,Thu,35.0,0,0
APT-105697,Recall Service,Online Portal,5,0,1,Thu,18.7,0,0
APT-101043,Warranty Repair,Online Portal,3,0,1,Thu,9.3,1,0
APT-101111,Warranty Repair,Mobile App,3,0,1,Sat,42.8,1,0
APT-103585,Recall Service,Online Portal,7,0,1,Thu,1.1,0,0
APT-104778,Repair — Customer Reported,Phone,14,0,0,Sat,39.5,0,0
APT-100729,Recall Service,Phone,0,2,1,Mon,33.7,0,1
APT-104242,Warranty Repair,Mobile App,30,0,1,Thu,17.7,0,0
APT-101083,Software Update,Dealer Walk-in,2,1,1,Fri,16.3,0,1
APT-100742,Recall Service,Phone,10,2,0,Fri,9.4,0,0
APT-105302,Scheduled Maintenance,Online Portal,7,0,0,Sat,33.8,0,1
APT-104052,Scheduled Maintenance,Mobile App,7,1,0,Sat,25.2,1,0
APT-102914,Recall Service,Mobile App,2,1,1,Tue,18.7,1,0
APT-105210,Tire Service,Mobile App,14,0,1,Wed,3.6,0,0
APT-102475,Tire Service,Online Portal,1,0,0,Fri,27.5,0,0
APT-102379,Repair — Customer Reported,Online Portal,7,0,1,Wed,15.3,1,0
APT-103605,Tire Service,Dealer Walk-in,3,0,1,Tue,13.3,1,0
APT-104093,Tire Service,Online Portal,30,1,1,Thu,24.6,0,0
APT-101449,Repair — Customer Reported,Dealer Walk-in,21,3,1,Thu,10.6,0,0
APT-102322,Software Update,Dealer Walk-in,3,0,1,Tue,36.7,0,0
APT-102771,Recall Service,Phone,1,1,1,Sat,18.7,0,0
APT-104748,Recall Service,Online Portal,0,0,0,Wed,31.1,1,0
APT-105550,Warranty Repair,Dealer Walk-in,21,0,1,Fri,36.6,1,1
APT-104729,Repair — Customer Reported,Online Portal,30,0,1,Mon,26.5,0,0
APT-100511,Tire Service,Online Portal,21,0,1,Fri,20.1,0,0
APT-105093,Recall Service,Dealer Walk-in,5,1,1,Mon,20.4,0,1
APT-104443,Repair — Customer Reported,Phone,14,0,1,Fri,40.1,1,1
APT-103466,Scheduled Maintenance,Phone,1,0,1,Fri,10.5,0,0
APT-103934,Recall Service,Mobile App,0,0,1,Tue,42.8,0,0
APT-101017,Scheduled Maintenance,Mobile App,0,1,1,Thu,28.9,0,0
APT-102865,Warranty Repair,Mobile App,7,3,0,Wed,44.8,0,1
APT-100096,Software Update,Dealer Walk-in,14,0,1,Thu,40.7,0,0
APT-104498,Scheduled Maintenance,Dealer Walk-in,1,1,1,Sat,6.7,0,0
APT-101373,Warranty Repair,Phone,21,0,1,Tue,26.0,0,0
APT-103784,Repair — Customer Reported,Dealer Walk-in,10,0,1,Tue,37.3,1,0
APT-101595,Tire Service,Mobile App,1,2,1,Sat,6.6,1,0
APT-104059,Scheduled Maintenance,Mobile App,14,0,1,Thu,15.8,0,0
APT-100641,Tire Service,Dealer Walk-in,10,1,0,Wed,22.4,0,0
APT-105185,Recall Service,Online Portal,21,0,0,Sat,35.5,0,1
APT-101124,Repair — Customer Reported,Phone,14,0,0,Sat,11.6,0,0
APT-104016,Recall Service,Mobile App,21,1,1,Wed,19.5,1,0
APT-100760,Software Update,Dealer Walk-in,10,0,0,Fri,39.4,0,0
APT-103779,Software Update,Phone,14,1,0,Fri,21.0,1,1
APT-102012,Warranty Repair,Dealer Walk-in,30,1,1,Tue,23.6,1,1
APT-101683,Repair — Customer Reported,Dealer Walk-in,5,0,1,Thu,27.1,1,0
APT-105902,Scheduled Maintenance,Phone,3,1,1,Mon,10.7,0,0
APT-105408,Software Update,Online Portal,3,1,0,Fri,22.9,0,1
APT-101612,Software Update,Mobile App,30,1,0,Fri,26.1,0,1
APT-104638,Recall Service,Phone,5,0,1,Fri,24.6,0,0
APT-101796,Warranty Repair,Phone,2,2,1,Wed,3.4,0,0
APT-102252,Scheduled Maintenance,Dealer Walk-in,3,0,0,Fri,12.5,1,0
APT-103133,Repair — Customer Reported,Mobile App,0,0,1,Wed,2.8,0,0
APT-104493,Warranty Repair,Online Portal,1,0,0,Thu,17.8,0,0
APT-100454,Warranty Repair,Dealer Walk-in,21,1,0,Wed,11.9,1,0
APT-104989,Repair — Customer Reported,Dealer Walk-in,1,0,1,Fri,14.2,1,0
APT-105886,Scheduled Maintenance,Dealer Walk-in,10,1,0,Tue,44.7,0,0
APT-100655,Recall Service,Phone,2,2,1,Thu,2.9,0,0
APT-101432,Software Update,Dealer Walk-in,3,3,0,Wed,21.4,0,0
APT-103161,Tire Service,Online Portal,21,1,1,Mon,26.4,0,1
APT-100251,Warranty Repair,Mobile App,2,1,1,Sat,7.8,0,0
APT-102399,Warranty Repair,Dealer Walk-in,5,2,0,Sat,29.1,1,1
APT-101497,Scheduled Maintenance,Dealer Walk-in,1,1,1,Tue,13.9,0,0
APT-102299,Tire Service,Mobile App,7,2,1,Tue,33.7,0,1
APT-103927,Recall Service,Mobile App,1,3,0,Wed,9.3,0,1
APT-105736,Tire Service,Phone,1,2,1,Mon,12.9,1,1
APT-104530,Repair — Customer Reported,Online Portal,0,1,1,Mon,33.8,0,0
APT-104035,Software Update,Dealer Walk-in,7,0,1,Sat,27.9,0,0
APT-103193,Tire Service,Dealer Walk-in,21,0,0,Thu,36.8,1,1
APT-105470,Tire Service,Dealer Walk-in,10,0,1,Mon,27.3,0,1
APT-104202,Scheduled Maintenance,Mobile App,5,0,1,Wed,22.2,0,0
APT-100040,Tire Service,Phone,5,0,1,Fri,41.7,0,0
APT-100995,Tire Service,Mobile App,1,0,0,Thu,34.8,1,0
APT-104396,Tire Service,Dealer Walk-in,2,1,0,Sat,5.7,0,0
APT-102460,Tire Service,Dealer Walk-in,2,0,1,Wed,41.6,0,0
APT-100337,Tire Service,Mobile App,21,1,0,Fri,39.8,0,0
APT-103522,Scheduled Maintenance,Online Portal,2,0,1,Fri,19.6,0,0
APT-102461,Repair — Customer Reported,Phone,21,1,0,Thu,6.6,0,0
APT-100764,Tire Service,Dealer Walk-in,3,2,1,Thu,44.4,1,0
APT-105572,Warranty Repair,Phone,21,0,0,Wed,2.5,0,1
APT-101925,Repair — Customer Reported,Phone,30,1,1,Tue,34.6,0,1
APT-103663,Software Update,Mobile App,1,0,0,Tue,24.8,0,0
APT-102725,Repair — Customer Reported,Online Portal,2,2,0,Wed,40.7,0,0
APT-101616,Software Update,Online Portal,1,0,1,Wed,39.0,0,0
APT-100358,Warranty Repair,Dealer Walk-in,21,0,1,Sat,39.6,1,1
APT-102091,Repair — Customer Reported,Phone,0,1,1,Fri,43.2,0,0
APT-102566,Scheduled Maintenance,Mobile App,14,1,1,Fri,2.6,0,0
APT-105436,Software Update,Mobile App,21,1,0,Wed,36.0,0,0
APT-101108,Scheduled Maintenance,Dealer Walk-in,0,1,1,Mon,41.0,0,0
APT-100075,Warranty Repair,Dealer Walk-in,0,0,0,Sat,38.8,1,0
APT-102468,Recall Service,Online Portal,1,0,1,Thu,43.2,0,0
APT-100253,Tire Service,Online Portal,1,2,0,Wed,8.3,0,0
APT-102783,Recall Service,Mobile App,0,3,1,Fri,13.2,0,1
APT-103809,Software Update,Online Portal,1,0,0,Fri,34.5,0,1
APT-100876,Recall Service,Phone,3,0,1,Tue,12.4,0,0
APT-102192,Warranty Repair,Mobile App,7,0,1,Mon,26.8,0,0
APT-102146,Recall Service,Dealer Walk-in,1,3,1,Thu,39.9,0,0
APT-103461,Warranty Repair,Dealer Walk-in,21,0,1,Wed,24.8,0,0
APT-105735,Software Update,Phone,5,1,1,Wed,4.9,1,0
APT-105682,Recall Service,Phone,0,0,1,Wed,44.0,1,0
APT-104492,Tire Service,Dealer Walk-in,3,0,1,Sat,22.2,1,0
APT-104794,Tire Service,Online Portal,0,0,0,Tue,29.3,0,0
APT-100310,Recall Service,Online Portal,0,0,0,Tue,6.8,0,0
APT-102698,Recall Service,Dealer Walk-in,1,0,1,Mon,39.6,1,0
APT-101359,Scheduled Maintenance,Online Portal,1,0,0,Mon,9.1,0,0
APT-104229,Scheduled Maintenance,Mobile App,30,0,1,Thu,24.3,0,1
APT-103574,Scheduled Maintenance,Phone,2,0,1,Tue,34.0,0,0
APT-100138,Scheduled Maintenance,Phone,0,0,1,Thu,24.1,0,0
APT-102779,Scheduled Maintenance,Dealer Walk-in,1,1,0,Fri,23.2,0,0
APT-101949,Repair — Customer Reported,Phone,3,3,0,Sat,31.5,1,0
APT-102739,Warranty Repair,Mobile App,7,0,1,Wed,9.8,1,0
APT-101550,Tire Service,Mobile App,21,0,0,Wed,35.6,0,1
APT-100614,Tire Service,Phone,7,0,1,Thu,8.4,0,0
APT-104903,Scheduled Maintenance,Mobile App,21,0,1,Mon,3.7,0,0
APT-105762,Tire Service,Mobile App,14,3,0,Sat,15.0,0,1
APT-103987,Warranty Repair,Mobile App,21,1,1,Fri,23.7,0,0
APT-104163,Software Update,Dealer Walk-in,2,0,1,Mon,20.3,0,0
APT-105549,Warranty Repair,Mobile App,1,0,0,Fri,9.2,0,0
APT-105361,Tire Service,Online Portal,0,0,1,Wed,6.0,0,0
APT-103297,Recall Service,Dealer Walk-in,5,3,1,Mon,35.9,0,0
APT-103486,Scheduled Maintenance,Online Portal,14,1,0,Mon,18.2,0,0
APT-102782,Scheduled Maintenance,Mobile App,2,3,1,Fri,2.0,1,0
APT-105012,Recall Service,Mobile App,30,0,1,Fri,42.8,0,1
APT-100838,Recall Service,Phone,5,0,0,Thu,8.0,0,0
APT-101102,Recall Service,Mobile App,14,1,0,Mon,12.0,0,0
APT-104555,Warranty Repair,Phone,10,0,1,Fri,19.1,0,0
APT-100326,Software Update,Online Portal,3,0,1,Sat,40.0,1,0
APT-100672,Recall Service,Phone,10,0,0,Mon,21.5,0,0
APT-103150,Repair — Customer Reported,Online Portal,1,1,0,Mon,14.2,0,0
APT-105461,Repair — Customer Reported,Online Portal,21,1,0,Sat,39.5,0,0
APT-105797,Tire Service,Online Portal,30,0,1,Mon,8.8,1,0
APT-100081,Repair — Customer Reported,Mobile App,21,0,1,Wed,15.2,0,0
APT-103059,Warranty Repair,Dealer Walk-in,0,1,0,Wed,17.2,0,1
APT-105873,Repair — Customer Reported,Mobile App,14,1,1,Sat,43.0,0,0
APT-101931,Warranty Repair,Online Portal,21,0,1,Mon,34.6,0,1
APT-101394,Scheduled Maintenance,Phone,3,3,0,Tue,5.0,0,0
APT-104926,Software Update,Mobile App,3,3,0,Fri,3.5,1,1
APT-100717,Warranty Repair,Phone,10,1,0,Wed,4.2,0,0
APT-101522,Warranty Repair,Mobile App,30,0,1,Tue,28.4,0,0
APT-103263,Scheduled Maintenance,Online Portal,5,0,1,Tue,10.5,0,0
APT-100731,Software Update,Phone,1,0,0,Sat,36.5,0,1
APT-103158,Scheduled Maintenance,Phone,3,1,0,Thu,31.4,0,0
APT-103516,Recall Service,Phone,0,1,1,Wed,13.9,0,0
APT-103085,Recall Service,Online Portal,2,2,0,Tue,25.5,0,0
APT-103022,Tire Service,Phone,0,1,1,Wed,31.0,0,0
APT-103826,Warranty Repair,Phone,0,1,1,Tue,41.8,0,0
APT-100924,Scheduled Maintenance,Phone,30,0,0,Fri,41.9,0,0
APT-102335,Repair — Customer Reported,Dealer Walk-in,5,2,0,Fri,42.9,1,0
APT-102553,Recall Service,Phone,3,0,0,Tue,31.5,0,0
APT-102545,Repair — Customer Reported,Mobile App,7,3,1,Thu,44.0,0,1
APT-101700,Repair — Customer Reported,Online Portal,2,3,1,Mon,2.9,0,1
APT-102478,Scheduled Maintenance,Mobile App,14,1,1,Wed,41.0,1,0
APT-105375,Scheduled Maintenance,Mobile App,5,1,1,Wed,30.6,0,0
APT-104847,Tire Service,Mobile App,2,2,1,Mon,10.5,1,0
APT-102473,Software Update,Mobile App,10,1,1,Mon,28.3,0,0
APT-105901,Repair — Customer Reported,Phone,7,0,0,Tue,20.7,0,0
APT-104867,Warranty Repair,Mobile App,3,2,1,Wed,43.6,0,0
APT-105940,Repair — Customer Reported,Phone,30,0,1,Thu,42.0,0,1
APT-100051,Recall Service,Phone,10,1,0,Mon,19.3,0,1
APT-103248,Software Update,Online Portal,14,0,0,Tue,19.2,0,0
APT-102179,Repair — Customer Reported,Phone,10,2,1,Sat,36.7,0,1
APT-105962,Repair — Customer Reported,Online Portal,14,1,1,Thu,33.9,1,1
APT-104510,Tire Service,Dealer Walk-in,3,1,1,Thu,27.0,0,0
APT-101590,Tire Service,Phone,0,0,0,Tue,17.1,0,0
APT-103972,Repair — Customer Reported,Mobile App,21,2,0,Mon,8.1,0,0
APT-102131,Warranty Repair,Mobile App,0,0,1,Fri,27.7,0,0
APT-101935,Recall Service,Phone,2,3,1,Sat,5.7,0,1
APT-105724,Software Update,Dealer Walk-in,0,0,1,Mon,40.0,0,0
APT-100200,Repair — Customer Reported,Dealer Walk-in,14,3,1,Thu,40.1,1,1
APT-102977,Warranty Repair,Online Portal,0,3,0,Thu,36.1,1,0
APT-100171,Tire Service,Online Portal,2,3,1,Thu,21.5,0,0
APT-101946,Recall Service,Phone,10,3,1,Thu,24.4,0,0
APT-105205,Repair — Customer Reported,Mobile App,10,1,1,Thu,10.4,1,1
APT-101141,Warranty Repair,Online Portal,21,0,0,Sat,37.9,0,0
APT-104183,Scheduled Maintenance,Dealer Walk-in,7,1,1,Tue,22.6,0,0
APT-100515,Software Update,Dealer Walk-in,2,2,0,Mon,33.5,0,1
APT-103081,Tire Service,Mobile App,2,1,1,Fri,3.7,0,0
APT-100315,Tire Service,Phone,21,2,0,Sat,16.8,0,0
APT-101254,Repair — Customer Reported,Online Portal,30,0,0,Sat,40.0,0,0
APT-101368,Recall Service,Online Portal,30,1,1,Thu,42.2,0,1
APT-104746,Tire Service,Online Portal,0,1,0,Mon,20.3,0,0
APT-104844,Recall Service,Phone,10,2,0,Fri,7.1,1,0
APT-104252,Repair — Customer Reported,Dealer Walk-in,30,0,1,Tue,41.3,0,0
APT-101840,Repair — Customer Reported,Online Portal,14,0,0,Wed,32.7,0,1
APT-100833,Warranty Repair,Dealer Walk-in,7,1,1,Mon,41.6,1,0
APT-102932,Scheduled Maintenance,Dealer Walk-in,30,1,1,Wed,30.4,0,0
APT-103400,Tire Service,Phone,1,1,1,Fri,26.3,0,0
APT-103328,Tire Service,Online Portal,1,1,0,Fri,16.4,0,0
APT-100786,Recall Service,Phone,7,1,1,Tue,24.7,0,0
APT-100018,Repair — Customer Reported,Online Portal,21,0,0,Tue,24.7,0,0
APT-102988,Repair — Customer Reported,Dealer Walk-in,21,1,1,Tue,37.3,0,0
APT-103254,Recall Service,Mobile App,21,2,1,Thu,20.5,0,1
APT-101851,Tire Service,Phone,10,0,1,Wed,43.1,0,0
APT-104762,Tire Service,Mobile App,10,3,1,Mon,2.7,1,0
APT-102809,Warranty Repair,Online Portal,14,1,0,Mon,37.6,0,0
APT-105660,Warranty Repair,Dealer Walk-in,1,1,1,Fri,38.6,0,1
APT-105798,Repair — Customer Reported,Online Portal,7,0,1,Tue,43.2,0,0
APT-100333,Warranty Repair,Online Portal,5,2,1,Thu,9.8,1,0
APT-101926,Recall Service,Online Portal,3,0,1,Wed,16.4,1,0
APT-101202,Recall Service,Phone,10,0,1,Sat,25.4,0,1
APT-100890,Software Update,Mobile App,21,3,1,Tue,10.8,1,1
APT-104536,Tire Service,Online Portal,5,0,1,Tue,19.4,0,0
APT-103553,Recall Service,Dealer Walk-in,14,0,0,Mon,5.6,0,1
APT-100660,Repair — Customer Reported,Mobile App,7,0,1,Sat,42.2,0,0
APT-101018,Recall Service,Dealer Walk-in,3,1,1,Thu,34.9,0,0
APT-105647,Scheduled Maintenance,Mobile App,30,0,1,Mon,27.5,0,0
APT-103176,Software Update,Phone,7,1,1,Wed,16.7,0,0
APT-104005,Software Update,Mobile App,14,0,0,Thu,43.7,0,0
APT-100990,Scheduled Maintenance,Dealer Walk-in,30,0,1,Tue,32.3,0,0
APT-100225,Tire Service,Dealer Walk-in,5,0,1,Thu,21.5,0,0
APT-103871,Tire Service,Phone,3,0,1,Wed,25.0,1,0
APT-105170,Warranty Repair,Mobile App,21,0,1,Tue,25.9,0,0
APT-103514,Tire Service,Mobile App,10,0,1,Fri,42.1,0,0
APT-102298,Scheduled Maintenance,Online Portal,3,1,1,Wed,7.7,0,0
APT-105032,Recall Service,Dealer Walk-in,0,1,1,Tue,34.6,0,0
APT-104316,Software Update,Mobile App,5,0,0,Fri,39.9,0,0
APT-100554,Scheduled Maintenance,Dealer Walk-in,30,1,1,Fri,1.8,0,0
APT-101417,Tire Service,Online Portal,5,1,0,Tue,24.0,0,0
APT-103827,Scheduled Maintenance,Phone,0,2,1,Thu,18.4,0,0
APT-103101,Software Update,Online Portal,7,0,1,Mon,25.9,0,0
APT-100010,Software Update,Phone,10,1,1,Fri,44.8,0,0
APT-105784,Tire Service,Phone,10,0,0,Fri,20.3,0,0
APT-102336,Tire Service,Dealer Walk-in,5,3,1,Mon,6.5,1,0
APT-101727,Tire Service,Mobile App,14,0,0,Thu,5.1,0,1
APT-100020,Software Update,Online Portal,0,0,1,Mon,11.9,1,0
APT-105683,Warranty Repair,Mobile App,5,0,1,Sat,9.5,0,0
APT-104787,Recall Service,Mobile App,14,0,1,Wed,12.8,0,1
APT-100460,Warranty Repair,Phone,14,3,0,Thu,14.9,1,1
APT-101110,Scheduled Maintenance,Mobile App,5,2,0,Thu,19.6,0,1
APT-102229,Warranty Repair,Mobile App,2,1,0,Wed,14.4,1,0
APT-104642,Software Update,Online Portal,2,0,1,Thu,44.1,0,0
APT-100944,Tire Service,Phone,7,0,0,Sat,35.3,0,0
APT-102505,Warranty Repair,Phone,0,0,1,Mon,2.0,0,0
APT-103700,Software Update,Dealer Walk-in,2,1,1,Wed,7.5,0,1
APT-103918,Repair — Customer Reported,Online Portal,30,3,1,Fri,13.9,0,0
APT-102838,Scheduled Maintenance,Online Portal,30,0,1,Fri,36.5,1,0
APT-103152,Warranty Repair,Phone,0,1,0,Tue,14.2,1,0
APT-104915,Scheduled Maintenance,Online Portal,10,0,1,Mon,21.1,0,1
APT-100428,Repair — Customer Reported,Dealer Walk-in,30,1,1,Sat,17.7,0,1
APT-101032,Software Update,Online Portal,30,3,1,Thu,15.0,0,0
APT-101241,Repair — Customer Reported,Phone,3,2,1,Mon,15.5,0,0
APT-101229,Tire Service,Dealer Walk-in,7,2,1,Sat,39.9,0,1
APT-104550,Warranty Repair,Phone,21,0,0,Thu,15.0,1,0
APT-102749,Scheduled Maintenance,Dealer Walk-in,2,1,0,Mon,33.1,0,0
APT-104522,Scheduled Maintenance,Mobile App,21,0,1,Fri,25.4,0,0
APT-104868,Repair — Customer Reported,Dealer Walk-in,3,1,1,Fri,21.2,0,0
APT-103845,Tire Service,Mobile App,0,0,0,Tue,23.4,0,0
APT-103067,Scheduled Maintenance,Online Portal,21,0,0,Tue,18.6,0,0
APT-104511,Recall Service,Online Portal,14,0,1,Fri,19.2,0,0
APT-102132,Warranty Repair,Mobile App,14,0,1,Mon,25.2,0,1
APT-100258,Repair — Customer Reported,Online Portal,2,3,0,Fri,8.7,1,0
APT-100410,Repair — Customer Reported,Online Portal,30,2,0,Thu,18.1,0,1
APT-101640,Tire Service,Mobile App,5,2,1,Fri,33.8,0,0
APT-102716,Tire Service,Mobile App,5,0,1,Mon,37.9,0,0
APT-101358,Recall Service,Mobile App,5,1,1,Thu,2.8,0,0
APT-104351,Recall Service,Dealer Walk-in,21,1,1,Sat,17.0,0,1
APT-104918,Scheduled Maintenance,Dealer Walk-in,0,0,1,Thu,40.3,0,0
APT-103535,Warranty Repair,Phone,0,0,1,Mon,13.1,1,0
APT-104933,Scheduled Maintenance,Phone,30,1,1,Mon,15.5,1,0
APT-100345,Repair — Customer Reported,Mobile App,1,3,1,Wed,43.9,0,1
APT-105816,Tire Service,Dealer Walk-in,10,0,0,Wed,33.9,0,0
APT-100880,Repair — Customer Reported,Dealer Walk-in,7,2,0,Sat,18.5,0,0
APT-103993,Warranty Repair,Phone,7,0,1,Fri,16.0,0,0
APT-100223,Tire Service,Phone,14,0,0,Wed,43.1,1,0
APT-103167,Scheduled Maintenance,Mobile App,14,0,0,Wed,32.1,0,1
APT-105483,Repair — Customer Reported,Online Portal,5,0,0,Sat,22.3,0,0
APT-103128,Software Update,Dealer Walk-in,2,0,1,Sat,17.7,1,1
APT-100643,Scheduled Maintenance,Phone,7,0,0,Fri,41.7,0,0
APT-105999,Tire Service,Dealer Walk-in,21,0,0,Fri,41.4,0,0
APT-102922,Warranty Repair,Dealer Walk-in,1,2,1,Thu,42.1,1,0
APT-102093,Warranty Repair,Mobile App,7,3,1,Tue,10.4,0,1
APT-101731,Recall Service,Phone,30,1,1,Wed,26.2,0,1
APT-104733,Tire Service,Phone,7,3,1,Wed,2.8,0,1
APT-100597,Scheduled Maintenance,Online Portal,30,0,0,Sat,25.9,0,0
APT-104828,Warranty Repair,Phone,1,0,0,Tue,40.9,0,0
APT-105135,Warranty Repair,Phone,2,1,0,Wed,5.9,0,0
APT-102471,Software Update,Dealer Walk-in,7,2,1,Tue,27.3,0,0
APT-105121,Repair — Customer Reported,Online Portal,21,2,1,Mon,17.1,0,0
APT-103456,Software Update,Mobile App,14,2,0,Mon,4.7,0,0
APT-103034,Repair — Customer Reported,Online Portal,30,0,0,Thu,4.0,0,0
APT-100987,Software Update,Dealer Walk-in,14,2,1,Wed,28.4,0,0
APT-103757,Repair — Customer Reported,Phone,14,2,0,Fri,15.6,0,1
APT-103457,Tire Service,Phone,1,0,1,Sat,29.9,0,0
APT-105003,Repair — Customer Reported,Online Portal,14,1,0,Sat,44.2,1,0
APT-104894,Tire Service,Online Portal,0,0,0,Fri,39.0,0,0
APT-103872,Repair — Customer Reported,Mobile App,14,3,0,Thu,10.2,0,0
APT-103526,Software Update,Online Portal,0,0,1,Wed,4.3,0,0
APT-100366,Tire Service,Dealer Walk-in,2,0,1,Wed,21.1,0,0
APT-105685,Scheduled Maintenance,Phone,0,0,1,Sat,12.3,1,0
APT-101034,Scheduled Maintenance,Online Portal,14,0,0,Thu,2.6,0,0
APT-100584,Scheduled Maintenance,Dealer Walk-in,30,0,1,Mon,21.6,0,0
APT-104097,Recall Service,Online Portal,14,0,1,Tue,14.3,0,0
APT-103444,Warranty Repair,Online Portal,5,0,1,Tue,16.0,0,0
APT-101584,Tire Service,Mobile App,2,0,1,Wed,5.3,0,0
APT-102495,Recall Service,Mobile App,10,0,0,Thu,17.1,0,0
APT-101428,Tire Service,Online Portal,3,0,1,Wed,31.9,0,0
APT-104232,Scheduled Maintenance,Online Portal,1,1,0,Sat,16.5,0,0
APT-103383,Tire Service,Online Portal,30,0,0,Fri,15.4,0,1
APT-100533,Tire Service,Online Portal,21,0,1,Mon,39.6,0,0
APT-105896,Tire Service,Phone,5,0,1,Mon,32.3,0,0
APT-104714,Software Update,Online Portal,0,0,1,Thu,24.2,0,0
APT-101703,Tire Service,Mobile App,10,1,0,Thu,7.3,0,0
APT-103107,Tire Service,Phone,30,1,0,Thu,41.5,0,1
APT-101456,Warranty Repair,Online Portal,14,0,1,Tue,32.9,0,0
APT-101434,Repair — Customer Reported,Mobile App,10,1,1,Thu,22.1,0,0
APT-105905,Recall Service,Mobile App,3,1,1,Tue,16.8,1,0
APT-101957,Software Update,Dealer Walk-in,30,0,1,Wed,16.4,1,0
APT-105069,Scheduled Maintenance,Phone,5,0,1,Fri,41.4,0,0
APT-103726,Warranty Repair,Phone,7,3,0,Tue,38.7,0,0
APT-101331,Tire Service,Mobile App,21,0,0,Fri,11.0,0,0
APT-103935,Scheduled Maintenance,Dealer Walk-in,21,0,1,Thu,6.5,0,0
APT-105309,Tire Service,Dealer Walk-in,30,1,1,Thu,5.3,0,1
APT-103402,Recall Service,Online Portal,2,0,1,Fri,32.2,0,0
APT-105370,Tire Service,Online Portal,21,0,1,Sat,26.3,0,0
APT-101495,Warranty Repair,Mobile App,1,0,1,Wed,17.1,0,0
APT-104407,Scheduled Maintenance,Dealer Walk-in,30,3,1,Fri,42.0,1,1
APT-105605,Recall Service,Phone,7,0,0,Tue,16.5,1,0
APT-105047,Software Update,Mobile App,1,3,1,Wed,6.0,0,1
APT-100965,Software Update,Mobile App,1,0,0,Tue,5.5,0,0
APT-101248,Recall Service,Phone,5,1,0,Mon,29.6,0,0
APT-100408,Tire Service,Online Portal,1,0,1,Tue,39.1,0,0
APT-105635,Software Update,Mobile App,0,0,0,Fri,36.7,0,0
APT-100478,Tire Service,Mobile App,10,0,0,Sat,18.1,0,0
APT-105680,Recall Service,Mobile App,14,2,1,Mon,34.0,1,1
APT-102319,Warranty Repair,Dealer Walk-in,10,1,1,Tue,32.8,0,1
APT-101787,Software Update,Mobile App,30,1,1,Fri,17.8,0,1
APT-103433,Recall Service,Dealer Walk-in,14,0,1,Thu,21.1,1,0
APT-102589,Repair — Customer Reported,Phone,7,0,1,Tue,5.7,0,0
APT-103976,Warranty Repair,Mobile App,14,2,1,Thu,19.6,0,1
APT-100713,Warranty Repair,Mobile App,30,0,1,Wed,8.5,0,0
APT-104982,Warranty Repair,Online Portal,3,1,1,Tue,23.3,0,0
APT-102819,Repair — Customer Reported,Dealer Walk-in,14,0,1,Wed,39.5,0,0
APT-103614,Warranty Repair,Dealer Walk-in,30,3,1,Thu,39.1,0,1
APT-100882,Recall Service,Dealer Walk-in,14,1,0,Thu,23.7,0,0
APT-103541,Recall Service,Online Portal,14,3,1,Wed,9.7,0,1
APT-100319,Tire Service,Dealer Walk-in,7,3,1,Sat,16.5,0,0
APT-104567,Scheduled Maintenance,Mobile App,5,0,1,Fri,14.5,0,0
APT-101859,Scheduled Maintenance,Dealer Walk-in,7,0,1,Sat,14.6,1,0
APT-102919,Warranty Repair,Online Portal,5,0,1,Sat,27.0,1,0
APT-103951,Software Update,Online Portal,0,0,1,Mon,8.4,0,0
APT-105933,Tire Service,Online Portal,21,1,1,Fri,31.5,0,1
APT-100895,Tire Service,Online Portal,5,3,0,Thu,28.8,1,0
APT-105196,Tire Service,Mobile App,0,0,0,Fri,30.0,1,0
APT-102420,Tire Service,Phone,0,0,0,Wed,25.6,0,0
APT-103346,Tire Service,Mobile App,10,0,1,Fri,28.9,0,0
APT-103002,Recall Service,Phone,30,1,0,Sat,11.0,1,0
APT-105670,Scheduled Maintenance,Online Portal,21,0,1,Tue,29.3,0,0
APT-103799,Software Update,Phone,1,1,0,Mon,16.3,0,0
APT-105541,Repair — Customer Reported,Dealer Walk-in,7,1,1,Mon,23.1,0,0
APT-103221,Recall Service,Mobile App,2,0,0,Tue,3.6,1,0
APT-103693,Scheduled Maintenance,Mobile App,14,1,1,Fri,31.7,1,0
APT-105721,Scheduled Maintenance,Online Portal,10,1,1,Sat,8.9,0,0
APT-104090,Tire Service,Phone,0,0,1,Tue,18.2,1,0
APT-102327,Recall Service,Dealer Walk-in,10,3,1,Thu,44.9,1,1
APT-103230,Recall Service,Dealer Walk-in,7,0,0,Mon,6.6,0,0
APT-104579,Recall Service,Online Portal,30,0,0,Thu,25.6,0,1
APT-101766,Repair — Customer Reported,Phone,30,3,0,Wed,20.3,1,1
APT-103298,Repair — Customer Reported,Online Portal,21,3,1,Tue,12.7,0,1
APT-103940,Repair — Customer Reported,Phone,2,3,1,Thu,41.2,0,1
APT-101320,Warranty Repair,Dealer Walk-in,2,0,0,Fri,29.5,0,0
APT-101856,Tire Service,Phone,21,0,1,Tue,17.8,0,0
APT-101024,Recall Service,Online Portal,7,0,1,Sat,42.4,0,0
APT-105242,Scheduled Maintenance,Mobile App,10,1,1,Sat,39.0,0,1
APT-104442,Tire Service,Online Portal,1,1,1,Tue,2.1,1,1
APT-100687,Repair — Customer Reported,Online Portal,1,2,1,Tue,1.9,0,0
APT-103476,Scheduled Maintenance,Dealer Walk-in,7,0,1,Wed,11.0,0,0
APT-102816,Scheduled Maintenance,Dealer Walk-in,3,0,1,Mon,44.7,0,0
APT-100658,Scheduled Maintenance,Dealer Walk-in,30,0,1,Wed,28.6,0,1
APT-104336,Recall Service,Online Portal,14,2,1,Mon,19.1,0,0
APT-105468,Scheduled Maintenance,Dealer Walk-in,5,3,1,Thu,5.5,0,1
APT-103840,Tire Service,Dealer Walk-in,0,1,1,Fri,13.4,0,0
APT-103702,Warranty Repair,Mobile App,0,0,0,Thu,20.6,1,0
APT-103474,Tire Service,Dealer Walk-in,21,0,0,Thu,27.0,0,1
APT-102804,Software Update,Mobile App,2,0,1,Wed,34.0,0,0
APT-100537,Warranty Repair,Phone,14,0,1,Sat,40.9,0,1
APT-101613,Recall Service,Online Portal,3,3,0,Tue,17.2,0,1
APT-105651,Repair — Customer Reported,Phone,0,1,1,Sat,22.9,0,0
APT-102844,Recall Service,Dealer Walk-in,5,3,0,Mon,9.1,1,0
APT-102897,Software Update,Dealer Walk-in,2,0,0,Fri,20.8,1,0
APT-103819,Warranty Repair,Online Portal,30,1,0,Sat,41.9,0,0
APT-103062,Software Update,Phone,14,1,0,Mon,38.1,0,1
APT-102487,Tire Service,Dealer Walk-in,14,0,0,Tue,27.6,0,1
APT-105768,Repair — Customer Reported,Dealer Walk-in,10,0,0,Thu,11.9,1,0
APT-102241,Recall Service,Mobile App,1,0,0,Fri,12.4,0,0
APT-104280,Recall Service,Dealer Walk-in,5,0,0,Mon,18.0,0,0
APT-103209,Software Update,Phone,3,0,0,Thu,43.7,0,0
APT-100184,Tire Service,Online Portal,2,3,1,Wed,25.5,0,0
APT-101854,Repair — Customer Reported,Phone,7,0,1,Tue,15.8,0,0
APT-105228,Tire Service,Mobile App,1,3,1,Sat,30.9,1,0
APT-102423,Warranty Repair,Phone,1,0,1,Wed,25.0,0,0
APT-103471,Repair — Customer Reported,Online Portal,7,0,1,Sat,22.8,0,1
APT-101600,Recall Service,Dealer Walk-in,7,0,0,Mon,35.1,0,0
APT-102182,Software Update,Mobile App,21,3,0,Thu,30.2,1,1
APT-102574,Tire Service,Dealer Walk-in,3,0,0,Tue,22.1,0,0
APT-103207,Software Update,Online Portal,1,3,0,Tue,3.7,0,1
APT-103046,Scheduled Maintenance,Online Portal,0,0,1,Wed,28.1,0,0
APT-102393,Repair — Customer Reported,Online Portal,30,0,1,Tue,8.4,0,0
APT-105496,Warranty Repair,Mobile App,3,0,1,Tue,25.7,0,0
APT-104597,Recall Service,Online Portal,0,2,1,Mon,36.5,0,0
APT-101249,Scheduled Maintenance,Phone,3,0,1,Sat,5.3,0,0
APT-103055,Warranty Repair,Phone,10,1,1,Tue,32.5,0,1
APT-105399,Warranty Repair,Online Portal,5,2,1,Mon,38.7,0,0
APT-102496,Software Update,Online Portal,1,0,0,Wed,5.9,0,0
APT-103500,Repair — Customer Reported,Online Portal,2,0,0,Sat,41.5,0,0
APT-100916,Warranty Repair,Mobile App,0,3,1,Wed,6.5,1,1
APT-105971,Recall Service,Online Portal,0,0,0,Mon,37.3,0,0
APT-101657,Recall Service,Dealer Walk-in,0,1,1,Thu,32.9,0,0
APT-105534,Scheduled Maintenance,Online Portal,3,2,0,Wed,9.4,0,1
APT-101096,Scheduled Maintenance,Mobile App,30,1,0,Fri,22.1,1,1
APT-104079,Software Update,Mobile App,1,0,1,Tue,4.9,0,0
APT-105123,Warranty Repair,Phone,30,2,0,Mon,29.9,1,1
APT-104694,Scheduled Maintenance,Phone,21,1,1,Thu,1.1,0,1
APT-100233,Warranty Repair,Online Portal,7,3,1,Tue,44.6,0,0
APT-102395,Warranty Repair,Phone,0,0,1,Fri,10.4,0,0
APT-103706,Scheduled Maintenance,Dealer Walk-in,0,0,0,Mon,24.2,0,0
APT-100139,Warranty Repair,Mobile App,7,1,1,Sat,29.5,1,0
APT-101863,Repair — Customer Reported,Dealer Walk-in,0,0,0,Sat,41.4,1,0
APT-103859,Software Update,Phone,10,0,1,Sat,9.9,1,0
APT-102328,Software Update,Mobile App,0,0,0,Tue,34.0,1,1
APT-100785,Tire Service,Online Portal,3,2,0,Tue,14.4,0,0
APT-103120,Recall Service,Online Portal,1,0,1,Fri,31.7,0,0
APT-101290,Warranty Repair,Phone,2,0,1,Tue,5.1,0,0
APT-105343,Recall Service,Dealer Walk-in,2,0,1,Fri,10.4,0,0
APT-100623,Scheduled Maintenance,Phone,10,2,1,Tue,4.2,0,0
APT-100224,Scheduled Maintenance,Mobile App,3,1,0,Thu,41.3,0,0
APT-103420,Repair — Customer Reported,Phone,5,2,1,Mon,13.8,1,0
APT-103504,Warranty Repair,Phone,1,0,0,Tue,35.9,0,0
APT-104041,Repair — Customer Reported,Dealer Walk-in,2,0,1,Sat,33.5,0,0
APT-104472,Tire Service,Dealer Walk-in,21,0,1,Tue,28.0,1,0
APT-103594,Tire Service,Mobile App,7,0,1,Fri,2.3,1,0
APT-103031,Software Update,Online Portal,5,0,1,Wed,33.8,0,1
APT-100471,Software Update,Dealer Walk-in,1,0,1,Mon,3.8,0,0
APT-102517,Tire Service,Dealer Walk-in,2,0,1,Wed,8.7,0,0
APT-103136,Software Update,Dealer Walk-in,10,2,1,Fri,18.2,0,1
APT-100027,Warranty Repair,Phone,5,0,0,Mon,1.4,0,0
APT-105820,Repair — Customer Reported,Online Portal,14,0,1,Thu,8.1,0,0
APT-100631,Warranty Repair,Phone,10,0,0,Sat,21.4,0,1
APT-103268,Software Update,Phone,30,0,1,Fri,20.1,0,1
APT-102868,Repair — Customer Reported,Dealer Walk-in,14,0,1,Mon,3.3,0,0
APT-102695,Recall Service,Online Portal,7,0,0,Fri,11.7,0,0
APT-105127,Software Update,Online Portal,10,2,0,Thu,16.2,1,0
APT-100528,Recall Service,Online Portal,30,1,1,Fri,11.2,0,1
APT-103557,Software Update,Dealer Walk-in,3,0,1,Sat,30.6,1,0
APT-103241,Recall Service,Dealer Walk-in,2,2,1,Tue,5.5,0,1
APT-102794,Tire Service,Mobile App,5,0,0,Sat,29.0,0,0
APT-102197,Tire Service,Phone,2,0,1,Thu,44.8,0,1
APT-103814,Warranty Repair,Online Portal,30,1,1,Sat,12.0,0,1
APT-103524,Warranty Repair,Phone,3,0,1,Wed,35.4,0,0
APT-105366,Scheduled Maintenance,Dealer Walk-in,7,0,1,Mon,42.0,0,0
APT-102412,Repair — Customer Reported,Phone,1,1,1,Sat,39.6,0,0
APT-101906,Tire Service,Mobile App,5,0,1,Tue,40.0,0,0
APT-105338,Repair — Customer Reported,Mobile App,30,3,1,Sat,27.3,0,0
APT-101873,Repair — Customer Reported,Dealer Walk-in,30,1,0,Tue,1.9,0,0
APT-102309,Tire Service,Online Portal,5,0,1,Sat,43.2,0,0
APT-103820,Recall Service,Dealer Walk-in,21,2,1,Wed,9.3,0,0
APT-102316,Software Update,Phone,2,0,1,Sat,10.2,0,0
APT-101611,Tire Service,Phone,10,1,1,Sat,3.8,0,1
APT-102333,Warranty Repair,Dealer Walk-in,30,0,1,Tue,38.7,0,0
APT-104636,Warranty Repair,Dealer Walk-in,7,1,0,Thu,19.3,0,0
APT-103183,Scheduled Maintenance,Mobile App,21,0,1,Thu,41.4,0,1
APT-103095,Recall Service,Dealer Walk-in,2,0,0,Fri,34.6,0,1
APT-101823,Scheduled Maintenance,Online Portal,0,1,1,Sat,39.2,0,0
APT-104874,Scheduled Maintenance,Mobile App,10,0,1,Wed,23.7,0,0
APT-101976,Scheduled Maintenance,Phone,2,2,1,Wed,19.6,0,0
APT-104490,Warranty Repair,Online Portal,7,2,1,Fri,5.5,0,0
APT-100564,Software Update,Online Portal,1,0,1,Thu,8.9,0,0
APT-104709,Recall Service,Phone,5,0,1,Mon,3.7,0,0
APT-103145,Warranty Repair,Dealer Walk-in,30,0,1,Thu,31.7,0,1
APT-101540,Tire Service,Phone,10,2,0,Mon,21.0,0,0
APT-102114,Scheduled Maintenance,Online Portal,30,1,1,Fri,26.6,0,1
APT-104925,Warranty Repair,Dealer Walk-in,2,1,1,Mon,22.4,0,0
APT-100904,Warranty Repair,Mobile App,5,1,1,Mon,6.3,1,0
APT-103950,Repair — Customer Reported,Phone,2,2,1,Sat,35.8,0,1
APT-100774,Repair — Customer Reported,Online Portal,0,0,1,Fri,20.9,0,0
APT-103559,Software Update,Mobile App,30,0,0,Wed,39.3,1,1
APT-102866,Repair — Customer Reported,Online Portal,30,0,0,Thu,32.9,1,1
APT-103226,Recall Service,Dealer Walk-in,2,0,0,Sat,18.6,0,0
APT-105958,Software Update,Phone,2,0,0,Mon,44.8,0,0
APT-105719,Recall Service,Mobile App,0,0,1,Fri,23.1,0,0
APT-100767,Scheduled Maintenance,Dealer Walk-in,21,1,0,Wed,21.0,1,1
APT-104298,Warranty Repair,Mobile App,30,0,1,Wed,10.1,0,1
APT-101490,Scheduled Maintenance,Online Portal,10,1,1,Sat,40.1,0,1
APT-104415,Warranty Repair,Mobile App,7,3,1,Mon,22.6,0,1
APT-101316,Tire Service,Online Portal,30,0,0,Tue,16.9,0,1
APT-100354,Software Update,Dealer Walk-in,21,1,1,Wed,31.1,0,1
APT-103296,Repair — Customer Reported,Phone,5,1,1,Tue,32.9,0,1
APT-103198,Recall Service,Dealer Walk-in,1,2,0,Fri,11.0,1,0
APT-104447,Warranty Repair,Online Portal,14,0,0,Tue,2.6,0,0
APT-103372,Repair — Customer Reported,Phone,10,1,0,Mon,33.7,1,0
APT-100879,Scheduled Maintenance,Mobile App,30,1,0,Wed,42.0,0,1
APT-105359,Tire Service,Mobile App,30,1,1,Sat,24.1,1,0
APT-104973,Repair — Customer Reported,Mobile App,1,0,1,Mon,15.0,0,0
APT-100459,Repair — Customer Reported,Mobile App,3,2,1,Fri,36.2,0,0
APT-104006,Recall Service,Phone,30,0,1,Thu,12.8,0,0
APT-103069,Scheduled Maintenance,Mobile App,1,0,1,Thu,29.3,0,0
APT-101271,Software Update,Online Portal,2,0,1,Thu,36.5,0,1
APT-101335,Warranty Repair,Phone,14,0,0,Wed,15.5,0,0
APT-102016,Warranty Repair,Phone,30,2,1,Thu,18.5,0,1
APT-104189,Software Update,Online Portal,2,0,1,Tue,40.9,0,0
APT-104313,Repair — Customer Reported,Dealer Walk-in,5,3,0,Fri,26.2,0,1
APT-102759,Scheduled Maintenance,Mobile App,14,0,1,Tue,24.7,0,0
APT-105929,Recall Service,Dealer Walk-in,5,1,1,Sat,36.1,0,0
APT-105044,Scheduled Maintenance,Phone,21,1,0,Wed,12.9,1,1
APT-101729,Recall Service,Online Portal,1,1,0,Mon,6.1,0,0
APT-105533,Software Update,Dealer Walk-in,10,1,0,Wed,8.3,0,1
APT-104791,Tire Service,Dealer Walk-in,21,0,1,Sat,14.4,0,0
APT-102586,Warranty Repair,Online Portal,1,0,0,Fri,6.0,0,0
APT-100362,Warranty Repair,Phone,7,2,1,Mon,22.5,0,0
APT-104206,Repair — Customer Reported,Dealer Walk-in,1,3,1,Tue,23.4,0,0
APT-103058,Warranty Repair,Phone,5,1,1,Tue,43.6,0,1
APT-100103,Recall Service,Phone,10,3,0,Wed,5.0,0,1
APT-103337,Software Update,Online Portal,7,3,1,Fri,30.1,1,0
APT-103123,Tire Service,Phone,7,0,0,Sat,24.0,0,1
APT-103269,Scheduled Maintenance,Dealer Walk-in,30,3,1,Tue,32.1,0,1
APT-100179,Warranty Repair,Phone,2,0,1,Thu,39.0,0,0
APT-100718,Warranty Repair,Dealer Walk-in,30,3,0,Fri,32.2,0,1
APT-102588,Tire Service,Phone,5,2,0,Fri,21.1,0,1
APT-102273,Scheduled Maintenance,Mobile App,5,3,1,Sat,30.0,0,1
APT-100468,Software Update,Mobile App,1,0,1,Sat,43.1,0,0
APT-105403,Software Update,Dealer Walk-in,14,1,1,Fri,23.2,0,0
APT-102781,Tire Service,Mobile App,10,0,0,Fri,28.4,0,0
APT-105373,Warranty Repair,Dealer Walk-in,1,3,1,Thu,14.3,1,0
APT-102376,Recall Service,Online Portal,1,0,1,Wed,33.2,0,0
APT-101130,Repair — Customer Reported,Online Portal,0,0,0,Thu,41.1,0,0
APT-105664,Repair — Customer Reported,Phone,5,1,1,Tue,5.6,0,0
APT-102900,Warranty Repair,Dealer Walk-in,14,0,0,Wed,41.2,0,0
APT-101794,Warranty Repair,Dealer Walk-in,14,2,1,Mon,26.1,0,1
APT-103404,Tire Service,Phone,1,1,1,Fri,14.1,0,1
APT-105982,Repair — Customer Reported,Online Portal,30,2,1,Mon,43.5,0,1
APT-105425,Warranty Repair,Online Portal,2,0,0,Tue,40.2,0,0
APT-102551,Tire Service,Online Portal,5,3,0,Sat,26.0,0,1
APT-100156,Repair — Customer Reported,Phone,1,2,0,Wed,6.9,0,0
APT-101332,Recall Service,Mobile App,5,1,1,Fri,20.3,0,0
APT-100555,Repair — Customer Reported,Online Portal,2,0,1,Thu,28.6,0,0
APT-102993,Repair — Customer Reported,Online Portal,30,3,1,Mon,1.3,0,1
APT-101850,Tire Service,Dealer Walk-in,21,1,0,Tue,36.7,1,1
APT-102413,Repair — Customer Reported,Online Portal,5,0,1,Tue,5.6,1,0
APT-102685,Recall Service,Mobile App,1,0,1,Thu,10.6,0,0
APT-101652,Warranty Repair,Online Portal,0,0,0,Thu,23.2,1,0
APT-105603,Repair — Customer Reported,Dealer Walk-in,1,0,1,Thu,20.8,1,0
APT-104558,Repair — Customer Reported,Phone,10,0,0,Tue,37.0,0,0
APT-102711,Warranty Repair,Mobile App,2,1,1,Thu,9.4,0,0
APT-104424,Software Update,Phone,30,0,0,Thu,31.3,0,0
APT-104574,Warranty Repair,Dealer Walk-in,30,0,0,Wed,1.8,0,0
APT-101707,Scheduled Maintenance,Online Portal,10,1,0,Fri,11.8,0,0
APT-100591,Warranty Repair,Mobile App,5,0,0,Fri,11.3,0,0
APT-101999,Tire Service,Online Portal,2,2,1,Sat,17.2,0,0
APT-103040,Recall Service,Mobile App,21,1,1,Mon,41.3,1,0
APT-105690,Tire Service,Online Portal,14,2,1,Sat,32.3,0,1
APT-100248,Tire Service,Phone,5,0,0,Tue,22.1,1,0
APT-104027,Software Update,Mobile App,10,0,1,Sat,14.0,0,0
APT-101028,Software Update,Online Portal,14,0,1,Fri,12.1,0,0
APT-103115,Warranty Repair,Phone,21,1,1,Wed,38.0,0,1
APT-101581,Software Update,Mobile App,30,1,1,Thu,21.8,1,1
APT-101961,Tire Service,Phone,5,0,1,Tue,26.3,0,1
APT-101236,Recall Service,Phone,14,1,1,Fri,37.9,0,1
APT-100135,Warranty Repair,Dealer Walk-in,5,1,1,Mon,14.7,0,0
APT-101134,Recall Service,Phone,0,2,0,Sat,10.3,0,0
APT-103074,Warranty Repair,Mobile App,5,0,0,Wed,13.6,0,0
APT-103443,Tire Service,Dealer Walk-in,1,0,0,Tue,20.8,0,0
APT-100930,Software Update,Online Portal,14,3,0,Mon,16.7,0,1
APT-100063,Warranty Repair,Dealer Walk-in,7,2,0,Mon,13.3,0,0
APT-104541,Recall Service,Mobile App,1,1,1,Mon,13.5,0,0
APT-103805,Scheduled Maintenance,Online Portal,3,2,1,Tue,1.8,0,0
APT-105256,Recall Service,Mobile App,21,1,1,Wed,23.6,0,0
APT-103449,Tire Service,Dealer Walk-in,5,0,1,Sat,36.3,0,0
APT-104105,Repair — Customer Reported,Online Portal,1,0,1,Fri,40.2,0,0
APT-103960,Tire Service,Dealer Walk-in,30,3,0,Fri,4.3,1,1
APT-105301,Scheduled Maintenance,Dealer Walk-in,21,1,1,Sat,34.2,0,0
APT-104115,Scheduled Maintenance,Mobile App,30,0,0,Thu,10.5,0,0
APT-104856,Scheduled Maintenance,Mobile App,21,0,0,Wed,40.3,0,0
APT-102906,Repair — Customer Reported,Mobile App,30,2,0,Sat,2.3,1,1
APT-100908,Software Update,Online Portal,3,3,0,Tue,38.9,0,0
APT-102153,Repair — Customer Reported,Phone,1,1,1,Thu,24.6,0,0
APT-105313,Tire Service,Online Portal,14,2,1,Sat,43.8,0,1
APT-100209,Warranty Repair,Online Portal,14,0,1,Fri,3.5,0,0
APT-101493,Repair — Customer Reported,Mobile App,5,0,1,Tue,17.7,0,0
APT-100569,Tire Service,Phone,21,0,0,Mon,15.3,0,0
APT-102596,Software Update,Phone,10,1,0,Tue,36.7,1,0
APT-103435,Software Update,Mobile App,21,0,1,Mon,15.0,0,0
APT-104386,Warranty Repair,Online Portal,7,2,1,Mon,20.0,1,1
APT-101591,Warranty Repair,Phone,1,2,1,Thu,1.3,0,0
APT-103208,Software Update,Dealer Walk-in,14,0,0,Sat,23.7,0,1
APT-102846,Warranty Repair,Mobile App,10,0,1,Thu,17.6,0,0
APT-103171,Tire Service,Mobile App,10,1,1,Sat,7.0,0,0
APT-105568,Recall Service,Mobile App,7,0,1,Fri,28.9,0,0
APT-105602,Scheduled Maintenance,Mobile App,2,2,0,Mon,23.5,0,0
APT-102260,Repair — Customer Reported,Online Portal,10,0,1,Thu,10.0,0,0
APT-101308,Recall Service,Mobile App,1,1,1,Sat,7.7,0,0
APT-103100,Repair — Customer Reported,Dealer Walk-in,30,1,1,Tue,43.1,0,1
APT-100247,Scheduled Maintenance,Mobile App,7,2,1,Wed,20.4,0,0
APT-104629,Tire Service,Phone,5,1,1,Sat,42.8,1,1
APT-105097,Warranty Repair,Dealer Walk-in,14,2,1,Thu,44.7,0,0
APT-102180,Recall Service,Dealer Walk-in,5,0,0,Wed,35.0,0,0
APT-104123,Scheduled Maintenance,Mobile App,1,1,1,Fri,14.0,0,1
APT-103217,Tire Service,Dealer Walk-in,30,0,0,Thu,22.6,0,1
APT-104269,Tire Service,Dealer Walk-in,2,1,0,Wed,21.1,1,0
APT-105875,Software Update,Mobile App,3,1,1,Sat,22.6,0,0
APT-101173,Repair — Customer Reported,Online Portal,2,2,1,Thu,15.5,0,0
APT-105145,Recall Service,Mobile App,5,2,1,Sat,2.8,0,0
APT-103868,Tire Service,Online Portal,5,3,1,Fri,42.9,0,0
APT-103484,Warranty Repair,Phone,5,0,1,Mon,41.4,0,0
APT-105538,Warranty Repair,Online Portal,0,1,1,Mon,40.0,0,1
APT-105912,Repair — Customer Reported,Online Portal,1,3,0,Wed,39.9,0,0
APT-100087,Software Update,Dealer Walk-in,30,1,0,Tue,20.6,0,0
APT-100739,Software Update,Online Portal,10,1,1,Mon,1.6,0,0
APT-105341,Repair — Customer Reported,Mobile App,3,1,1,Thu,19.6,0,1
APT-102842,Tire Service,Online Portal,30,0,0,Sat,19.9,0,0
APT-103752,Repair — Customer Reported,Online Portal,5,2,1,Mon,43.9,0,0
APT-105120,Scheduled Maintenance,Online Portal,0,1,0,Fri,43.3,0,0
APT-100997,Recall Service,Dealer Walk-in,30,0,1,Thu,3.7,0,0
APT-105074,Repair — Customer Reported,Dealer Walk-in,2,0,0,Fri,34.3,0,0
APT-103334,Scheduled Maintenance,Online Portal,1,0,1,Wed,14.5,0,0
APT-105200,Scheduled Maintenance,Online Portal,21,0,1,Sat,20.3,0,1
APT-102552,Tire Service,Dealer Walk-in,0,0,1,Sat,27.9,1,0
APT-100600,Repair — Customer Reported,Phone,14,0,0,Tue,27.9,1,1
APT-104137,Software Update,Phone,14,0,1,Mon,30.2,0,1
APT-102347,Tire Service,Mobile App,5,1,1,Thu,25.1,1,1
APT-105535,Warranty Repair,Phone,21,2,1,Tue,7.5,0,0
APT-104758,Tire Service,Online Portal,5,2,1,Fri,27.9,0,0
APT-104535,Warranty Repair,Mobile App,10,1,1,Sat,36.8,1,1
APT-105668,Repair — Customer Reported,Phone,10,0,1,Sat,43.2,1,0
APT-104786,Repair — Customer Reported,Phone,30,0,0,Thu,32.6,0,1
APT-100865,Repair — Customer Reported,Phone,21,1,1,Thu,14.5,0,0
APT-103495,Recall Service,Online Portal,30,3,1,Sat,14.5,0,0
APT-105064,Software Update,Online Portal,14,0,1,Wed,23.9,0,0
APT-104134,Software Update,Dealer Walk-in,1,1,0,Sat,19.0,0,0
APT-101094,Scheduled Maintenance,Dealer Walk-in,10,0,1,Mon,7.1,0,0
APT-100868,Tire Service,Phone,3,2,0,Sat,16.3,0,0
APT-103376,Tire Service,Dealer Walk-in,0,0,1,Mon,30.2,0,0
APT-105970,Scheduled Maintenance,Mobile App,7,0,1,Fri,8.1,0,0
APT-104413,Recall Service,Mobile App,7,0,0,Fri,22.8,1,0
APT-104613,Recall Service,Online Portal,1,0,1,Thu,23.7,1,0
APT-100590,Software Update,Phone,3,1,0,Mon,29.3,0,1
APT-102555,Tire Service,Mobile App,3,0,1,Tue,39.9,0,0
APT-104177,Repair — Customer Reported,Dealer Walk-in,0,0,1,Mon,1.7,0,0
APT-103954,Scheduled Maintenance,Dealer Walk-in,21,1,1,Mon,15.5,0,1
APT-101383,Warranty Repair,Phone,0,1,0,Wed,42.0,0,0
APT-102104,Repair — Customer Reported,Phone,10,3,1,Mon,15.9,0,1
APT-101443,Repair — Customer Reported,Online Portal,30,0,0,Fri,8.2,0,0
APT-104720,Software Update,Phone,10,0,0,Tue,19.9,0,0
APT-101519,Repair — Customer Reported,Phone,30,1,1,Fri,35.2,0,1
APT-105891,Scheduled Maintenance,Mobile App,10,0,0,Mon,29.6,0,1
APT-105232,Software Update,Dealer Walk-in,3,3,1,Mon,2.4,0,1
APT-104038,Scheduled Maintenance,Online Portal,21,2,0,Thu,15.6,0,1
APT-104877,Software Update,Online Portal,1,0,1,Thu,15.8,0,0
APT-103111,Recall Service,Mobile App,14,2,0,Fri,41.5,0,0
APT-103082,Warranty Repair,Online Portal,10,0,1,Mon,16.0,0,0
APT-103913,Warranty Repair,Dealer Walk-in,3,0,0,Tue,36.4,0,0
APT-102325,Scheduled Maintenance,Mobile App,14,3,1,Wed,14.0,0,1
APT-105546,Scheduled Maintenance,Mobile App,7,0,1,Wed,35.8,0,0
APT-101718,Tire Service,Phone,14,0,1,Tue,30.3,0,0
APT-104785,Repair — Customer Reported,Online Portal,10,0,1,Thu,39.7,0,0
APT-103937,Repair — Customer Reported,Online Portal,2,0,1,Wed,2.3,0,0
APT-101784,Recall Service,Dealer Walk-in,30,1,0,Sat,2.8,0,1
APT-105822,Scheduled Maintenance,Phone,10,0,1,Sat,27.8,0,0
APT-101785,Warranty Repair,Mobile App,21,0,1,Thu,12.9,0,0
APT-102924,Recall Service,Dealer Walk-in,1,2,1,Mon,17.1,0,0
APT-100083,Tire Service,Phone,5,0,0,Mon,2.3,0,0
APT-104950,Recall Service,Dealer Walk-in,5,0,1,Thu,16.8,0,0
APT-104703,Software Update,Phone,3,0,0,Thu,11.6,0,0
APT-103793,Tire Service,Online Portal,7,0,1,Sat,15.3,0,0
APT-105957,Tire Service,Phone,2,3,1,Fri,22.6,0,0
APT-101312,Scheduled Maintenance,Online Portal,30,3,0,Tue,39.3,0,0
APT-104779,Software Update,Phone,2,1,1,Fri,11.9,0,0
APT-104690,Software Update,Phone,7,1,1,Tue,33.4,0,0
APT-100218,Tire Service,Phone,10,0,1,Fri,39.7,0,0
APT-102017,Warranty Repair,Phone,3,0,1,Tue,39.8,0,0
APT-102432,Warranty Repair,Dealer Walk-in,30,1,1,Thu,28.0,0,1
APT-103308,Repair — Customer Reported,Phone,1,1,0,Sat,41.1,0,1
APT-102100,Repair — Customer Reported,Mobile App,3,0,1,Thu,38.0,0,1
APT-100448,Tire Service,Phone,30,0,1,Tue,29.8,0,1
APT-103236,Tire Service,Online Portal,3,1,1,Fri,21.6,0,0
APT-100576,Repair — Customer Reported,Online Portal,7,3,0,Mon,31.9,0,0
APT-104863,Software Update,Online Portal,10,2,1,Thu,31.2,0,1
APT-105893,Tire Service,Dealer Walk-in,21,1,0,Tue,35.4,0,1
APT-105154,Software Update,Phone,0,3,0,Sat,28.0,1,0
APT-105384,Recall Service,Online Portal,1,0,1,Fri,11.0,0,0
APT-103411,Recall Service,Phone,30,0,0,Sat,17.7,0,0
APT-101199,Recall Service,Online Portal,10,0,1,Fri,18.6,1,0
APT-105477,Recall Service,Phone,14,3,1,Wed,19.5,0,0
APT-105308,Repair — Customer Reported,Dealer Walk-in,2,0,0,Mon,37.7,1,0
APT-102181,Repair — Customer Reported,Online Portal,14,0,1,Mon,37.4,0,0
APT-101205,Warranty Repair,Mobile App,21,0,1,Sat,43.7,1,1
APT-102435,Recall Service,Mobile App,3,0,1,Wed,33.3,0,0
APT-100477,Warranty Repair,Dealer Walk-in,0,2,0,Fri,11.2,1,0
APT-102433,Warranty Repair,Online Portal,5,0,1,Tue,11.8,0,0
APT-102455,Scheduled Maintenance,Phone,5,1,1,Tue,12.8,0,0
APT-100389,Recall Service,Phone,1,3,1,Thu,37.3,1,0
APT-103570,Warranty Repair,Phone,21,0,0,Wed,29.7,0,1
APT-103893,Software Update,Phone,14,1,1,Tue,27.2,0,0
APT-102213,Recall Service,Phone,2,0,1,Tue,27.1,1,1
APT-105610,Software Update,Mobile App,3,0,0,Tue,40.9,0,0
APT-100682,Scheduled Maintenance,Mobile App,14,0,1,Thu,2.6,1,0
APT-101386,Tire Service,Mobile App,2,0,1,Fri,13.3,0,0
APT-103210,Warranty Repair,Online Portal,0,0,1,Mon,28.8,0,0
APT-102621,Software Update,Dealer Walk-in,10,1,0,Wed,3.2,0,0
APT-101518,Tire Service,Dealer Walk-in,14,3,1,Fri,25.1,0,1
APT-100385,Software Update,Online Portal,1,0,1,Fri,1.0,1,0
APT-104590,Scheduled Maintenance,Mobile App,5,0,1,Thu,37.3,0,0
APT-102776,Software Update,Online Portal,7,1,1,Sat,2.0,0,0
APT-101279,Scheduled Maintenance,Dealer Walk-in,7,3,0,Tue,14.3,0,0
APT-100578,Recall Service,Mobile App,2,0,1,Wed,38.0,1,0
APT-104278,Scheduled Maintenance,Mobile App,10,0,1,Wed,24.8,0,1
APT-101822,Scheduled Maintenance,Online Portal,0,0,1,Mon,1.7,0,0
APT-102265,Tire Service,Phone,14,0,1,Sat,15.2,0,0
APT-101635,Tire Service,Phone,30,0,1,Wed,13.8,0,1
APT-100776,Tire Service,Mobile App,10,0,1,Fri,3.0,0,0
APT-103518,Recall Service,Mobile App,7,1,1,Wed,33.3,0,0
APT-105430,Software Update,Dealer Walk-in,14,0,1,Sat,25.4,1,0
APT-104992,Recall Service,Mobile App,14,3,0,Tue,17.2,0,0
APT-101375,Software Update,Mobile App,5,3,0,Fri,19.1,1,0
APT-105147,Warranty Repair,Mobile App,1,0,0,Sat,20.8,0,0
APT-102937,Software Update,Online Portal,30,0,0,Fri,24.6,1,0
APT-103331,Tire Service,Phone,7,2,1,Tue,37.7,0,0
APT-103001,Warranty Repair,Phone,7,3,1,Mon,19.2,0,0
APT-100221,Warranty Repair,Phone,10,0,1,Sat,4.5,0,0
APT-103038,Recall Service,Mobile App,5,0,0,Mon,4.9,0,0
APT-102066,Repair — Customer Reported,Phone,21,1,0,Mon,8.9,1,1
APT-104719,Warranty Repair,Phone,3,0,1,Tue,41.0,0,0
APT-101224,Warranty Repair,Mobile App,3,1,1,Thu,12.3,1,0
APT-103245,Software Update,Mobile App,3,0,1,Sat,33.7,1,0
APT-102929,Repair — Customer Reported,Dealer Walk-in,14,3,0,Thu,20.0,0,1
APT-105984,Repair — Customer Reported,Dealer Walk-in,10,2,1,Sat,3.6,1,0
APT-103311,Tire Service,Mobile App,5,0,1,Wed,42.0,1,0
APT-104937,Tire Service,Dealer Walk-in,1,0,1,Tue,31.0,1,0
APT-103300,Warranty Repair,Phone,3,0,1,Fri,39.1,0,0
APT-104235,Recall Service,Online Portal,7,1,1,Thu,30.9,0,0
APT-100589,Scheduled Maintenance,Phone,30,3,1,Thu,34.1,0,1
APT-103222,Repair — Customer Reported,Dealer Walk-in,2,3,1,Thu,10.8,1,0
APT-100043,Recall Service,Dealer Walk-in,10,1,1,Wed,10.2,0,0
APT-102504,Scheduled Maintenance,Mobile App,5,0,0,Sat,16.8,0,0
APT-105038,Repair — Customer Reported,Dealer Walk-in,2,0,0,Sat,30.9,1,0
APT-105742,Software Update,Phone,0,0,0,Fri,21.2,1,0
APT-102023,Tire Service,Phone,0,1,0,Fri,5.4,0,0
APT-100710,Recall Service,Phone,30,1,0,Wed,20.9,0,1
APT-101357,Software Update,Dealer Walk-in,3,3,0,Wed,19.0,1,1
APT-101349,Repair — Customer Reported,Phone,14,2,1,Sat,19.8,0,1
APT-102094,Repair — Customer Reported,Online Portal,3,1,1,Fri,41.2,0,0
APT-101285,Software Update,Mobile App,14,0,0,Sat,29.5,0,1
APT-104031,Software Update,Online Portal,5,0,0,Mon,28.5,0,0
APT-102040,Warranty Repair,Dealer Walk-in,10,0,1,Thu,41.2,0,0
APT-101216,Software Update,Phone,14,0,1,Thu,31.3,0,0
APT-101744,Warranty Repair,Mobile App,0,0,1,Mon,36.1,0,0
APT-105577,Tire Service,Online Portal,2,3,0,Tue,26.9,0,0
APT-105390,Software Update,Dealer Walk-in,30,2,1,Thu,21.1,0,1
APT-102499,Recall Service,Online Portal,14,0,1,Sat,5.9,0,1
APT-103537,Tire Service,Online Portal,14,3,1,Thu,35.3,0,0
APT-104679,Software Update,Online Portal,3,1,1,Wed,29.8,0,1
APT-103366,Warranty Repair,Online Portal,14,1,0,Sat,29.4,0,0
APT-101625,Tire Service,Online Portal,3,1,1,Sat,31.9,0,0
APT-102169,Repair — Customer Reported,Mobile App,14,0,0,Sat,31.0,1,1
APT-101158,Warranty Repair,Mobile App,5,0,1,Thu,25.7,0,0
APT-101947,Tire Service,Mobile App,3,0,1,Thu,11.2,0,0
APT-101439,Tire Service,Dealer Walk-in,5,0,1,Mon,33.2,1,0
APT-104237,Recall Service,Dealer Walk-in,10,0,0,Tue,14.5,0,1
APT-104162,Warranty Repair,Phone,2,0,0,Tue,31.8,0,0
APT-105923,Recall Service,Mobile App,30,0,0,Mon,23.2,0,0
APT-102734,Software Update,Online Portal,14,3,0,Thu,14.3,0,0
APT-101291,Warranty Repair,Mobile App,2,2,0,Mon,14.7,0,1
APT-102295,Repair — Customer Reported,Phone,1,0,1,Sat,9.3,0,0
APT-104929,Software Update,Mobile App,21,0,1,Mon,41.8,0,0
APT-102497,Software Update,Mobile App,2,0,0,Fri,20.6,0,1
APT-100730,Repair — Customer Reported,Phone,3,3,0,Mon,1.9,1,0
APT-101894,Warranty Repair,Phone,0,1,0,Wed,32.5,0,0
APT-104408,Scheduled Maintenance,Online Portal,0,0,0,Thu,11.2,0,0
APT-103781,Tire Service,Phone,14,0,1,Wed,25.0,0,0
APT-103194,Warranty Repair,Dealer Walk-in,30,0,0,Wed,36.7,0,1
APT-105673,Recall Service,Mobile App,7,0,1,Fri,12.4,0,0
APT-101060,Repair — Customer Reported,Dealer Walk-in,10,1,0,Wed,14.6,1,0
APT-105104,Scheduled Maintenance,Phone,10,0,1,Sat,41.7,0,0
APT-103902,Repair — Customer Reported,Phone,21,1,1,Wed,1.2,1,1
APT-105529,Software Update,Dealer Walk-in,14,1,0,Tue,21.5,0,1
APT-100465,Tire Service,Online Portal,10,0,1,Tue,36.8,0,0
APT-103847,Warranty Repair,Mobile App,14,0,1,Sat,35.4,0,0
APT-104220,Software Update,Dealer Walk-in,7,0,1,Sat,29.8,0,0
APT-100925,Software Update,Phone,14,0,0,Sat,40.1,0,0
APT-103116,Recall Service,Mobile App,7,0,0,Mon,44.2,0,1
APT-102492,Warranty Repair,Dealer Walk-in,21,1,0,Thu,18.2,0,0
APT-100550,Software Update,Online Portal,3,2,0,Thu,3.0,0,1
APT-100272,Software Update,Dealer Walk-in,5,1,0,Fri,44.4,0,0
APT-105811,Recall Service,Online Portal,14,1,1,Wed,12.1,0,1
APT-104301,Tire Service,Mobile App,10,2,1,Sat,34.4,1,1
APT-100013,Recall Service,Dealer Walk-in,2,1,0,Fri,41.4,0,1
APT-105073,Warranty Repair,Dealer Walk-in,1,2,1,Wed,19.5,0,0
APT-100699,Scheduled Maintenance,Mobile App,7,1,0,Thu,42.5,0,1
APT-101561,Scheduled Maintenance,Phone,30,0,0,Tue,3.2,0,0
APT-102905,Scheduled Maintenance,Phone,30,3,1,Tue,12.9,0,1
APT-104156,Software Update,Phone,5,0,0,Mon,5.0,0,0
APT-105824,Software Update,Online Portal,30,0,1,Fri,25.2,0,1
APT-100775,Tire Service,Phone,2,1,1,Thu,30.4,1,1
APT-104283,Software Update,Phone,0,2,1,Mon,10.9,0,0
APT-102312,Warranty Repair,Phone,5,0,0,Fri,36.0,0,0
APT-104658,Tire Service,Mobile App,7,0,0,Tue,26.8,1,0
APT-100284,Recall Service,Mobile App,30,1,0,Mon,40.5,1,0
APT-101234,Tire Service,Mobile App,21,1,1,Tue,21.1,0,0
APT-105993,Repair — Customer Reported,Online Portal,0,0,1,Sat,12.8,0,0
APT-101983,Recall Service,Phone,2,0,0,Mon,20.3,0,0
APT-103135,Warranty Repair,Online Portal,5,0,1,Fri,24.6,0,0
APT-105739,Recall Service,Dealer Walk-in,14,1,1,Mon,34.0,1,0
APT-104109,Tire Service,Online Portal,3,1,1,Tue,2.2,1,0
APT-103271,Recall Service,Online Portal,3,0,1,Tue,2.9,0,0
APT-102404,Warranty Repair,Mobile App,1,0,1,Sat,5.8,1,0
APT-103140,Tire Service,Dealer Walk-in,2,0,1,Thu,2.1,0,0
APT-102828,Tire Service,Dealer Walk-in,7,1,1,Sat,7.9,0,0
APT-103593,Recall Service,Dealer Walk-in,30,0,1,Tue,10.2,0,0
APT-105931,Recall Service,Dealer Walk-in,14,1,0,Wed,13.3,1,1
APT-103505,Recall Service,Online Portal,7,2,1,Sat,36.8,0,0
APT-103480,Tire Service,Dealer Walk-in,21,3,1,Mon,15.3,0,1
APT-104392,Repair — Customer Reported,Phone,3,0,0,Mon,26.1,0,0
APT-105908,Scheduled Maintenance,Phone,5,0,1,Wed,11.9,1,0
APT-104332,Scheduled Maintenance,Dealer Walk-in,30,2,1,Mon,1.3,0,1
APT-101306,Tire Service,Online Portal,0,2,1,Thu,37.2,0,0
APT-100679,Recall Service,Online Portal,1,1,0,Thu,30.8,0,0
APT-101956,Warranty Repair,Online Portal,1,3,1,Wed,7.0,0,1
APT-102058,Recall Service,Dealer Walk-in,1,0,1,Sat,14.5,0,0
APT-100129,Software Update,Online Portal,10,0,0,Wed,26.3,0,0
APT-101281,Software Update,Phone,10,0,1,Tue,10.0,0,1
APT-100694,Software Update,Mobile App,30,1,1,Tue,17.0,1,0
APT-100267,Repair — Customer Reported,Online Portal,5,0,1,Thu,25.9,0,0
APT-102987,Recall Service,Dealer Walk-in,30,0,1,Thu,41.4,0,1
APT-102761,Warranty Repair,Phone,5,0,1,Tue,14.7,1,0
APT-105106,Warranty Repair,Online Portal,14,0,1,Mon,13.2,0,0
APT-100568,Repair — Customer Reported,Mobile App,14,0,1,Wed,22.1,0,0
APT-103276,Software Update,Phone,3,2,1,Fri,41.8,1,0
APT-101638,Software Update,Online Portal,30,2,1,Fri,26.6,1,1
APT-102542,Scheduled Maintenance,Dealer Walk-in,3,3,1,Mon,5.3,0,0
APT-105162,Recall Service,Phone,10,2,1,Tue,31.6,1,1
APT-103479,Tire Service,Online Portal,3,3,0,Sat,26.8,0,1
APT-102805,Tire Service,Online Portal,1,1,1,Fri,37.1,0,0
APT-104552,Tire Service,Online Portal,0,1,1,Fri,22.8,0,0
APT-103645,Tire Service,Phone,7,0,1,Tue,33.2,0,0
APT-100617,Recall Service,Phone,5,1,1,Tue,27.9,1,0
APT-101296,Scheduled Maintenance,Phone,2,0,1,Tue,8.1,0,0
APT-100840,Tire Service,Mobile App,14,0,1,Mon,13.7,0,0
APT-100167,Repair — Customer Reported,Mobile App,3,0,0,Thu,8.6,0,0
APT-102485,Recall Service,Dealer Walk-in,14,1,1,Fri,25.4,0,1
APT-102324,Scheduled Maintenance,Dealer Walk-in,14,2,0,Tue,7.5,0,1
APT-105486,Warranty Repair,Mobile App,5,1,1,Mon,15.5,0,0
APT-105143,Recall Service,Mobile App,21,0,0,Fri,3.7,0,0
APT-101458,Warranty Repair,Online Portal,0,1,1,Sat,35.4,0,0
APT-101993,Recall Service,Mobile App,7,1,1,Sat,17.8,0,0
APT-100325,Tire Service,Online Portal,2,1,0,Fri,10.7,0,1
APT-102520,Recall Service,Dealer Walk-in,2,0,1,Tue,10.8,1,0
APT-100467,Tire Service,Phone,30,1,1,Tue,44.1,0,1
APT-101408,Repair — Customer Reported,Online Portal,1,3,0,Fri,13.7,0,0
APT-104042,Recall Service,Phone,0,2,0,Wed,11.4,0,0
APT-101558,Scheduled Maintenance,Online Portal,5,1,0,Sat,12.4,0,0
APT-103660,Warranty Repair,Dealer Walk-in,5,0,0,Sat,35.2,0,1
APT-100085,Software Update,Dealer Walk-in,21,1,1,Thu,44.1,0,1
APT-105512,Repair — Customer Reported,Mobile App,21,0,1,Mon,41.1,0,1
APT-102486,Tire Service,Mobile App,5,0,0,Sat,4.3,0,0
APT-100780,Scheduled Maintenance,Mobile App,0,0,1,Mon,38.8,0,0
APT-102743,Software Update,Online Portal,0,0,1,Fri,33.4,1,0
APT-100121,Repair — Customer Reported,Dealer Walk-in,1,2,1,Thu,38.2,0,0
APT-101896,Tire Service,Online Portal,10,1,0,Sat,4.3,0,1
APT-104011,Warranty Repair,Online Portal,5,2,1,Mon,10.0,0,0
APT-104755,Recall Service,Phone,0,0,1,Mon,25.0,0,0
APT-105919,Software Update,Phone,30,0,1,Fri,10.8,0,1
APT-103948,Repair — Customer Reported,Dealer Walk-in,7,1,1,Mon,28.5,0,1
APT-102021,Repair — Customer Reported,Phone,14,1,0,Mon,24.2,0,0
APT-100837,Warranty Repair,Mobile App,2,3,1,Thu,22.0,1,0
APT-104053,Tire Service,Mobile App,2,0,1,Fri,42.6,1,0
APT-100028,Tire Service,Phone,21,0,0,Mon,39.7,0,0
APT-100766,Recall Service,Phone,7,0,0,Sat,26.2,1,0
APT-105910,Scheduled Maintenance,Mobile App,10,0,1,Wed,9.1,0,1
APT-103185,Repair — Customer Reported,Phone,10,1,1,Fri,34.1,0,0
APT-100577,Scheduled Maintenance,Phone,10,1,1,Wed,32.3,0,1
APT-100149,Recall Service,Mobile App,7,3,1,Thu,23.1,0,1
APT-100599,Repair — Customer Reported,Dealer Walk-in,2,2,1,Mon,17.8,0,0
APT-105272,Tire Service,Mobile App,14,0,1,Sat,19.9,0,0
APT-102446,Scheduled Maintenance,Phone,10,2,0,Tue,41.7,0,1
APT-101193,Software Update,Mobile App,2,0,0,Thu,7.9,0,0
APT-100126,Repair — Customer Reported,Phone,21,0,1,Wed,30.8,0,1
APT-102871,Software Update,Mobile App,21,2,0,Mon,38.1,0,1
APT-104952,Warranty Repair,Phone,2,1,0,Wed,16.9,1,0
APT-102539,Software Update,Phone,14,2,0,Tue,26.1,0,1
APT-102224,Scheduled Maintenance,Phone,5,1,0,Sat,42.0,0,0
APT-102466,Tire Service,Online Portal,10,0,0,Sat,42.6,1,0
APT-102671,Repair — Customer Reported,Online Portal,2,1,1,Sat,41.8,0,0
APT-100723,Recall Service,Online Portal,14,0,0,Thu,6.1,0,0
APT-100918,Recall Service,Mobile App,1,2,1,Fri,33.0,0,0
APT-101054,Repair — Customer Reported,Mobile App,30,0,0,Thu,5.8,0,0
APT-100796,Warranty Repair,Phone,0,0,0,Thu,5.9,0,0
APT-101123,Scheduled Maintenance,Mobile App,21,1,1,Tue,37.8,0,1
APT-105254,Warranty Repair,Dealer Walk-in,1,1,0,Tue,27.3,0,0
APT-105758,Tire Service,Mobile App,5,2,1,Tue,29.9,0,1
APT-103983,Tire Service,Mobile App,21,2,0,Tue,36.7,1,0
APT-101415,Repair — Customer Reported,Phone,7,2,1,Tue,10.8,1,0
APT-103460,Tire Service,Mobile App,5,1,0,Fri,8.7,1,1
APT-100646,Warranty Repair,Mobile App,2,3,0,Tue,1.2,0,1
APT-102488,Software Update,Mobile App,5,1,1,Thu,6.4,0,0
APT-100142,Software Update,Online Portal,10,1,1,Wed,8.9,1,0
APT-102130,Repair — Customer Reported,Phone,0,0,1,Sat,1.5,0,0
APT-104171,Warranty Repair,Phone,21,2,0,Thu,3.6,0,1
APT-104592,Software Update,Online Portal,30,0,0,Sat,28.5,0,1
APT-104260,Tire Service,Mobile App,7,0,1,Fri,8.5,0,0
APT-102928,Repair — Customer Reported,Phone,5,1,1,Mon,28.1,0,0
APT-101146,Warranty Repair,Dealer Walk-in,1,0,0,Wed,19.5,0,0
APT-102036,Tire Service,Phone,0,0,1,Fri,25.2,0,0
APT-104899,Software Update,Dealer Walk-in,1,2,1,Thu,25.0,0,1
APT-105451,Repair — Customer Reported,Phone,2,2,1,Sat,1.1,0,0
APT-105920,Software Update,Phone,30,0,0,Mon,34.5,1,0
APT-101837,Recall Service,Online Portal,14,0,1,Mon,21.3,0,0
APT-100851,Scheduled Maintenance,Phone,2,0,1,Wed,15.2,0,0
APT-104816,Recall Service,Phone,10,2,0,Sat,34.9,0,1
APT-105248,Repair — Customer Reported,Mobile App,21,0,0,Wed,22.3,0,1
APT-105827,Tire Service,Phone,5,1,1,Thu,13.5,0,0
APT-105257,Warranty Repair,Online Portal,10,0,0,Tue,15.6,0,0
APT-105917,Software Update,Dealer Walk-in,10,0,1,Fri,31.1,0,0
APT-104956,Recall Service,Online Portal,14,0,0,Mon,26.6,1,0
APT-105527,Scheduled Maintenance,Online Portal,5,0,1,Wed,36.6,0,0
APT-105795,Scheduled Maintenance,Mobile App,1,0,1,Fri,39.2,1,0
APT-105776,Recall Service,Phone,30,2,1,Fri,5.1,1,1
APT-104737,Scheduled Maintenance,Dealer Walk-in,30,0,1,Tue,9.8,0,1
APT-104040,Software Update,Online Portal,14,0,1,Wed,13.5,0,0
APT-104623,Tire Service,Dealer Walk-in,1,0,0,Sat,36.9,0,0
APT-105161,Tire Service,Dealer Walk-in,2,0,1,Tue,25.4,0,0
APT-102831,Recall Service,Dealer Walk-in,1,2,1,Mon,13.0,1,0
APT-105890,Tire Service,Mobile App,3,0,1,Wed,29.7,0,0
APT-103676,Warranty Repair,Phone,21,0,1,Thu,30.8,0,1
APT-104911,Recall Service,Online Portal,5,0,1,Wed,26.9,1,0
APT-105634,Recall Service,Dealer Walk-in,30,3,1,Wed,36.3,1,1
APT-101661,Recall Service,Mobile App,3,2,0,Wed,6.8,0,0
APT-101693,Warranty Repair,Online Portal,3,2,1,Wed,3.0,0,0
APT-101805,Recall Service,Online Portal,21,1,1,Wed,39.7,0,0
APT-104750,Warranty Repair,Dealer Walk-in,1,0,1,Tue,16.2,1,0
APT-101333,Scheduled Maintenance,Mobile App,21,1,0,Thu,39.2,1,1
APT-100163,Scheduled Maintenance,Mobile App,7,1,0,Tue,42.9,1,0
APT-101882,Recall Service,Online Portal,14,0,0,Tue,10.9,0,1
APT-105085,Tire Service,Online Portal,1,2,1,Wed,9.0,1,0
APT-105174,Repair — Customer Reported,Dealer Walk-in,21,1,1,Mon,6.4,0,1
APT-104120,Repair — Customer Reported,Mobile App,0,0,1,Tue,44.5,0,1
APT-104367,Scheduled Maintenance,Phone,14,1,1,Fri,34.9,0,0
APT-100418,Recall Service,Phone,1,0,1,Tue,15.0,0,0
APT-101589,Recall Service,Phone,0,1,1,Tue,9.7,0,0
APT-104085,Warranty Repair,Mobile App,0,1,1,Sat,30.7,0,0
APT-103808,Warranty Repair,Dealer Walk-in,21,1,1,Tue,30.1,0,0
APT-104071,Software Update,Phone,5,0,1,Fri,28.7,0,0
APT-100007,Tire Service,Phone,7,2,0,Tue,37.2,0,1
APT-101534,Tire Service,Dealer Walk-in,3,3,0,Wed,7.9,1,1
APT-105492,Scheduled Maintenance,Phone,5,3,0,Wed,15.7,0,0
APT-105357,Recall Service,Mobile App,0,3,0,Wed,19.9,1,1
APT-104312,Warranty Repair,Mobile App,0,0,1,Mon,24.4,0,0
APT-104634,Scheduled Maintenance,Mobile App,30,0,1,Mon,21.3,0,1
APT-100862,Scheduled Maintenance,Mobile App,14,0,0,Tue,19.7,0,0
APT-105514,Repair — Customer Reported,Mobile App,0,1,1,Mon,21.1,0,0
APT-102829,Recall Service,Mobile App,14,0,1,Tue,35.8,0,0
APT-105105,Warranty Repair,Phone,5,0,1,Thu,33.8,1,0
APT-102518,Scheduled Maintenance,Mobile App,2,0,0,Wed,11.9,0,0
APT-104883,Repair — Customer Reported,Mobile App,30,1,0,Mon,17.4,0,1
APT-102996,Recall Service,Dealer Walk-in,10,2,1,Sat,31.2,0,0
APT-105967,Tire Service,Mobile App,1,1,0,Sat,24.5,0,0
APT-100286,Software Update,Online Portal,5,0,1,Tue,33.9,0,0
APT-104749,Scheduled Maintenance,Phone,1,0,1,Thu,25.2,1,0
APT-103179,Scheduled Maintenance,Dealer Walk-in,3,0,1,Fri,14.7,0,0
APT-101196,Repair — Customer Reported,Mobile App,30,3,1,Mon,28.7,0,1
APT-100317,Warranty Repair,Dealer Walk-in,30,3,0,Mon,11.9,0,1
APT-103240,Tire Service,Mobile App,3,0,1,Sat,28.1,0,0
APT-100009,Repair — Customer Reported,Mobile App,30,0,1,Tue,23.4,1,1
APT-102293,Software Update,Phone,3,0,1,Thu,39.1,0,0
APT-102494,Warranty Repair,Phone,7,0,1,Tue,38.5,1,0
APT-104462,Software Update,Mobile App,2,0,0,Wed,38.2,0,1
APT-102364,Repair — Customer Reported,Mobile App,1,0,1,Wed,27.2,0,0
APT-105402,Scheduled Maintenance,Online Portal,30,3,1,Sat,42.2,0,1
APT-105227,Recall Service,Phone,7,0,1,Fri,17.4,0,0
APT-104422,Software Update,Mobile App,3,1,1,Thu,44.5,0,0
APT-104326,Warranty Repair,Online Portal,1,0,0,Mon,11.0,1,0
APT-104219,Tire Service,Dealer Walk-in,14,2,1,Thu,44.7,1,0
APT-105744,Repair — Customer Reported,Phone,30,0,1,Mon,25.2,0,0
APT-104494,Warranty Repair,Mobile App,3,1,1,Wed,37.3,0,0
APT-104747,Repair — Customer Reported,Phone,0,0,1,Mon,32.4,0,0
APT-101968,Recall Service,Dealer Walk-in,30,0,0,Thu,43.4,0,0
APT-102506,Software Update,Dealer Walk-in,3,0,1,Tue,35.6,0,0
APT-105869,Recall Service,Phone,1,0,1,Wed,8.7,0,0
APT-104700,Repair — Customer Reported,Mobile App,2,3,1,Wed,41.8,0,0
APT-103170,Tire Service,Mobile App,3,0,1,Thu,2.0,0,0
APT-100359,Repair — Customer Reported,Phone,7,1,1,Tue,33.7,0,0
APT-105054,Software Update,Dealer Walk-in,30,1,1,Fri,33.4,0,0
APT-104920,Scheduled Maintenance,Online Portal,2,0,1,Thu,18.8,1,0
APT-105031,Scheduled Maintenance,Online Portal,5,1,1,Mon,31.5,0,0
APT-104240,Repair — Customer Reported,Dealer Walk-in,21,0,1,Thu,43.0,0,0
APT-104429,Recall Service,Phone,1,0,0,Fri,45.0,0,0
APT-102139,Software Update,Phone,3,3,1,Sat,44.6,0,1
APT-102646,Scheduled Maintenance,Dealer Walk-in,2,0,1,Tue,18.6,0,0
APT-105276,Scheduled Maintenance,Phone,0,0,0,Mon,2.1,0,0
APT-104106,Software Update,Online Portal,0,1,1,Sat,16.6,0,0
APT-100352,Scheduled Maintenance,Phone,5,1,0,Sat,43.5,0,0
APT-102911,Scheduled Maintenance,Online Portal,21,0,0,Tue,10.6,0,0
APT-105247,Tire Service,Phone,2,0,0,Thu,23.1,1,0
APT-102930,Recall Service,Dealer Walk-in,10,0,0,Thu,6.3,0,1
APT-105284,Tire Service,Mobile App,2,1,0,Tue,1.3,0,1
APT-103279,Software Update,Mobile App,1,1,1,Fri,3.1,0,0
APT-103694,Software Update,Online Portal,14,0,1,Tue,37.1,1,0
APT-102076,Tire Service,Online Portal,21,0,1,Mon,38.6,0,1
APT-101482,Warranty Repair,Online Portal,1,0,0,Thu,21.0,0,0
APT-102658,Software Update,Phone,5,0,0,Sat,16.3,0,0
APT-104513,Warranty Repair,Online Portal,1,0,0,Tue,25.7,0,0
APT-101740,Warranty Repair,Phone,2,0,1,Sat,42.6,1,0
APT-101380,Repair — Customer Reported,Dealer Walk-in,30,3,1,Wed,32.0,0,1
APT-102212,Scheduled Maintenance,Phone,10,1,0,Fri,13.5,0,0
APT-100070,Scheduled Maintenance,Dealer Walk-in,2,1,0,Mon,39.4,0,0
APT-100549,Warranty Repair,Mobile App,14,2,0,Tue,32.2,0,1
APT-105907,Tire Service,Mobile App,30,3,1,Fri,26.4,0,0
APT-104394,Repair — Customer Reported,Mobile App,14,2,1,Mon,13.2,0,1
APT-101207,Warranty Repair,Phone,0,0,1,Wed,17.9,1,0
APT-104977,Recall Service,Online Portal,30,2,1,Thu,40.1,0,1
APT-101068,Tire Service,Phone,10,2,0,Mon,7.1,0,0
APT-100929,Scheduled Maintenance,Dealer Walk-in,5,0,1,Mon,33.5,0,0
APT-100595,Scheduled Maintenance,Online Portal,1,0,1,Mon,31.2,0,0
APT-102196,Tire Service,Mobile App,30,1,1,Tue,42.4,0,1
APT-101728,Recall Service,Phone,1,0,1,Sat,41.7,0,0
APT-105223,Warranty Repair,Phone,3,1,1,Wed,5.2,0,0
APT-103634,Repair — Customer Reported,Dealer Walk-in,21,0,1,Sat,13.7,1,0
APT-102764,Repair — Customer Reported,Dealer Walk-in,3,2,0,Wed,10.8,1,1
APT-104534,Recall Service,Mobile App,0,0,1,Fri,25.0,0,0
APT-103866,Scheduled Maintenance,Phone,7,1,1,Tue,4.8,0,0
APT-105804,Scheduled Maintenance,Phone,14,0,0,Fri,42.6,0,0
APT-103132,Tire Service,Mobile App,3,0,1,Thu,10.7,0,0
APT-102737,Tire Service,Dealer Walk-in,2,1,0,Thu,34.0,0,0
APT-100900,Warranty Repair,Dealer Walk-in,2,0,0,Tue,33.4,1,0
APT-103258,Repair — Customer Reported,Mobile App,30,0,0,Tue,37.1,0,0
APT-100647,Software Update,Dealer Walk-in,14,3,0,Fri,30.3,0,0
APT-101737,Repair — Customer Reported,Dealer Walk-in,10,0,0,Tue,38.2,0,0
APT-102712,Recall Service,Phone,5,0,1,Sat,24.2,0,0
APT-104888,Software Update,Dealer Walk-in,3,0,1,Tue,13.3,1,0
APT-100291,Recall Service,Phone,21,0,1,Sat,31.0,1,0
APT-100863,Software Update,Phone,5,2,1,Wed,18.5,1,0
APT-101023,Repair — Customer Reported,Online Portal,3,1,1,Fri,23.5,1,1
APT-101293,Recall Service,Phone,3,1,0,Sat,18.8,0,0
APT-102604,Tire Service,Online Portal,5,0,1,Tue,21.9,0,0
APT-102855,Tire Service,Mobile App,7,2,1,Tue,39.1,0,0
APT-104965,Repair — Customer Reported,Online Portal,21,1,1,Thu,5.4,0,0
APT-103344,Warranty Repair,Dealer Walk-in,3,3,0,Thu,13.0,0,0
APT-100453,Tire Service,Online Portal,14,0,1,Sat,35.7,0,0
APT-104340,Recall Service,Mobile App,7,0,1,Tue,13.5,0,0
APT-101091,Tire Service,Online Portal,2,2,1,Mon,22.9,1,1
APT-100783,Scheduled Maintenance,Online Portal,3,0,1,Tue,22.7,0,0
APT-103211,Recall Service,Online Portal,21,2,1,Tue,34.2,0,1
APT-102962,Software Update,Online Portal,5,2,1,Tue,30.5,0,1
APT-103434,Software Update,Mobile App,0,0,0,Mon,1.3,0,0
APT-103613,Recall Service,Dealer Walk-in,1,2,0,Sat,18.8,0,0
APT-104381,Software Update,Mobile App,3,1,1,Thu,22.1,0,0
APT-102424,Software Update,Online Portal,10,0,1,Mon,42.7,0,0
APT-101607,Repair — Customer Reported,Dealer Walk-in,0,0,0,Fri,17.5,1,0
APT-103482,Repair — Customer Reported,Dealer Walk-in,7,0,0,Mon,41.1,0,0
APT-104203,Software Update,Mobile App,3,2,0,Mon,28.5,0,0
APT-103873,Repair — Customer Reported,Mobile App,0,0,1,Thu,43.6,1,0
APT-101265,Repair — Customer Reported,Online Portal,1,0,1,Thu,42.4,0,0
APT-100324,Tire Service,Phone,10,0,0,Tue,8.8,1,0
APT-103108,Scheduled Maintenance,Dealer Walk-in,14,3,1,Sat,24.8,0,1
APT-100978,Warranty Repair,Mobile App,21,1,1,Fri,23.1,0,1
APT-101982,Repair — Customer Reported,Mobile App,1,3,0,Sat,36.1,0,0
APT-104089,Recall Service,Mobile App,7,0,1,Fri,23.1,1,0
APT-105098,Software Update,Online Portal,21,0,0,Fri,4.3,0,0
APT-104446,Tire Service,Online Portal,30,0,1,Wed,18.1,0,1
APT-102729,Repair — Customer Reported,Dealer Walk-in,3,0,0,Mon,34.9,0,0
APT-102751,Scheduled Maintenance,Dealer Walk-in,1,0,1,Thu,17.5,0,0
APT-104398,Warranty Repair,Online Portal,0,0,1,Mon,14.4,0,0
APT-101195,Repair — Customer Reported,Phone,14,0,0,Fri,30.0,1,0
APT-103617,Tire Service,Mobile App,1,1,1,Thu,11.5,0,0
APT-105083,Repair — Customer Reported,Phone,10,3,1,Mon,24.2,0,0
APT-103024,Warranty Repair,Mobile App,3,0,0,Thu,27.9,0,0
APT-105515,Software Update,Phone,5,0,0,Wed,14.2,0,0
APT-101132,Software Update,Mobile App,10,0,1,Sat,26.9,0,0
APT-101011,Warranty Repair,Mobile App,10,0,1,Tue,23.3,0,0
APT-102744,Tire Service,Dealer Walk-in,10,0,1,Fri,23.1,0,0
APT-102247,Recall Service,Mobile App,30,0,1,Mon,8.3,0,1
APT-101537,Scheduled Maintenance,Mobile App,7,0,0,Tue,23.6,0,0
APT-103747,Scheduled Maintenance,Mobile App,3,2,1,Sat,38.1,0,0
APT-104127,Warranty Repair,Mobile App,1,0,1,Sat,19.6,1,0
APT-101142,Recall Service,Phone,30,0,0,Sat,9.6,0,1
APT-103360,Tire Service,Phone,7,0,0,Wed,30.4,0,0
APT-100285,Repair — Customer Reported,Mobile App,7,2,1,Sat,4.7,0,0
APT-105079,Tire Service,Phone,5,2,1,Thu,7.0,0,0
APT-105415,Scheduled Maintenance,Mobile App,30,0,0,Mon,28.5,0,0
APT-101346,Warranty Repair,Mobile App,1,1,1,Tue,17.1,0,0
APT-104065,Scheduled Maintenance,Dealer Walk-in,7,1,0,Mon,11.2,0,0
APT-105689,Software Update,Phone,30,3,0,Mon,8.3,0,1
APT-103355,Warranty Repair,Mobile App,0,0,0,Tue,40.8,1,0
APT-104212,Repair — Customer Reported,Phone,7,0,1,Fri,21.0,0,0
APT-105817,Repair — Customer Reported,Phone,2,1,0,Sat,18.7,0,0
APT-100340,Recall Service,Dealer Walk-in,7,3,0,Mon,4.8,0,0
APT-105377,Tire Service,Online Portal,2,0,0,Thu,18.2,0,0
APT-102072,Tire Service,Online Portal,7,0,1,Thu,41.7,0,0
APT-105176,Software Update,Phone,1,0,1,Fri,14.6,0,0
APT-103806,Software Update,Mobile App,5,2,0,Tue,33.9,0,1
APT-101694,Software Update,Online Portal,5,3,0,Mon,35.2,1,0
APT-101839,Repair — Customer Reported,Online Portal,30,1,1,Tue,20.2,1,0
APT-100618,Scheduled Maintenance,Dealer Walk-in,7,0,1,Tue,6.2,0,0
APT-101184,Scheduled Maintenance,Online Portal,14,1,1,Mon,38.7,0,0
APT-101242,Recall Service,Dealer Walk-in,7,0,1,Thu,31.8,0,0
APT-104837,Scheduled Maintenance,Phone,1,2,1,Wed,14.8,0,0
APT-100367,Software Update,Phone,7,3,1,Tue,8.3,0,1
APT-101655,Software Update,Phone,0,1,1,Wed,12.9,0,0
APT-105861,Recall Service,Dealer Walk-in,21,0,1,Sat,30.9,1,0
APT-105024,Recall Service,Dealer Walk-in,10,3,1,Mon,26.5,1,1
APT-101077,Recall Service,Phone,3,0,0,Fri,9.8,0,0
APT-101079,Repair — Customer Reported,Mobile App,1,1,1,Wed,2.5,0,0
APT-104740,Recall Service,Online Portal,0,1,1,Thu,24.5,0,0
APT-104517,Scheduled Maintenance,Mobile App,30,1,1,Thu,18.8,0,1
APT-100449,Warranty Repair,Dealer Walk-in,10,0,1,Mon,33.4,1,0
APT-102620,Warranty Repair,Dealer Walk-in,0,1,1,Sat,5.0,0,0
APT-100842,Warranty Repair,Phone,30,0,0,Mon,11.5,0,0
APT-100045,Repair — Customer Reported,Online Portal,3,1,1,Tue,7.5,1,0
APT-101588,Repair — Customer Reported,Mobile App,21,1,1,Mon,44.2,0,1
APT-103144,Repair — Customer Reported,Mobile App,14,0,1,Thu,22.6,0,0
APT-101491,Repair — Customer Reported,Phone,14,0,0,Wed,15.2,0,0
APT-101861,Repair — Customer Reported,Dealer Walk-in,14,1,1,Sat,8.8,0,0
APT-100957,Repair — Customer Reported,Phone,30,1,0,Thu,7.8,0,1
APT-102152,Tire Service,Online Portal,21,0,1,Sat,19.9,0,0
APT-102701,Software Update,Phone,0,0,0,Tue,33.3,0,1
APT-104017,Tire Service,Dealer Walk-in,1,0,1,Sat,7.0,0,0
APT-104628,Tire Service,Mobile App,5,0,1,Wed,23.0,1,0
APT-103203,Warranty Repair,Dealer Walk-in,10,1,1,Fri,6.5,1,0
APT-100456,Warranty Repair,Phone,3,1,0,Tue,11.1,0,0
APT-102220,Recall Service,Online Portal,0,1,1,Sat,39.7,0,1
APT-101722,Tire Service,Mobile App,7,1,0,Sat,32.0,0,1
APT-104008,Scheduled Maintenance,Mobile App,2,2,0,Wed,18.4,0,0
APT-101278,Recall Service,Phone,3,0,1,Fri,27.5,0,0
APT-103677,Scheduled Maintenance,Mobile App,21,3,0,Sat,13.9,0,1
APT-101014,Scheduled Maintenance,Mobile App,2,3,1,Sat,8.6,0,0
APT-102219,Recall Service,Mobile App,5,0,0,Tue,31.9,0,0
APT-104265,Scheduled Maintenance,Mobile App,10,1,1,Sat,1.5,0,0
APT-103142,Scheduled Maintenance,Mobile App,2,1,1,Thu,25.2,1,0
APT-102721,Software Update,Mobile App,1,0,1,Wed,19.4,0,0
APT-105245,Repair — Customer Reported,Mobile App,7,2,1,Fri,4.9,0,0
APT-100306,Scheduled Maintenance,Phone,2,2,1,Tue,5.6,0,1
APT-101673,Repair — Customer Reported,Mobile App,14,2,0,Fri,27.0,0,1
APT-102682,Recall Service,Online Portal,14,0,1,Thu,35.8,0,0
APT-101871,Software Update,Online Portal,10,1,0,Fri,3.6,0,0
APT-100397,Recall Service,Dealer Walk-in,5,0,1,Wed,10.0,0,0
APT-102243,Software Update,Mobile App,21,0,0,Mon,19.6,0,0
APT-103788,Scheduled Maintenance,Phone,21,1,1,Sat,14.6,1,0
APT-105482,Recall Service,Phone,21,0,0,Wed,5.7,0,0
APT-103264,Software Update,Mobile App,0,0,1,Wed,14.9,1,0
APT-105845,Tire Service,Mobile App,10,1,1,Tue,41.4,1,0
APT-105904,Scheduled Maintenance,Online Portal,5,0,1,Sat,43.7,1,1
APT-101260,Warranty Repair,Phone,2,1,1,Fri,44.2,0,0
APT-104689,Software Update,Phone,10,1,1,Thu,23.8,0,0
APT-103753,Recall Service,Dealer Walk-in,21,1,1,Thu,19.7,1,1
APT-105928,Tire Service,Online Portal,0,0,1,Fri,41.9,0,0
APT-100948,Repair — Customer Reported,Dealer Walk-in,14,1,1,Thu,4.0,0,0
APT-105655,Scheduled Maintenance,Phone,0,0,0,Mon,21.4,0,0
APT-101852,Tire Service,Phone,14,0,1,Fri,4.6,0,1
APT-102292,Repair — Customer Reported,Mobile App,30,3,0,Fri,29.9,1,1
APT-101454,Tire Service,Mobile App,30,1,0,Mon,23.0,0,1
APT-100706,Repair — Customer Reported,Online Portal,3,0,0,Tue,41.3,0,0
APT-101555,Tire Service,Dealer Walk-in,0,3,0,Sat,15.9,0,1
APT-105607,Scheduled Maintenance,Dealer Walk-in,1,0,1,Thu,5.0,0,0
APT-100573,Tire Service,Mobile App,7,0,0,Mon,10.6,1,0
APT-103438,Warranty Repair,Dealer Walk-in,14,2,0,Fri,14.1,1,0
APT-105293,Tire Service,Phone,14,1,0,Fri,5.2,0,1
APT-100892,Tire Service,Phone,10,3,1,Wed,36.1,0,0
APT-102050,Tire Service,Dealer Walk-in,21,0,0,Fri,15.3,1,1
APT-100692,Repair — Customer Reported,Dealer Walk-in,10,1,1,Thu,18.7,0,0
APT-102594,Software Update,Mobile App,0,0,1,Fri,34.7,0,0
APT-101384,Warranty Repair,Dealer Walk-in,7,3,0,Mon,8.8,0,0
APT-101797,Recall Service,Online Portal,0,1,0,Tue,38.6,1,0
APT-103984,Warranty Repair,Dealer Walk-in,30,2,1,Sat,23.1,0,1
APT-102579,Software Update,Mobile App,21,3,1,Fri,3.7,0,1
APT-103839,Tire Service,Dealer Walk-in,2,0,1,Mon,43.5,0,0
APT-103250,Tire Service,Online Portal,30,0,1,Thu,13.9,0,0
APT-102315,Scheduled Maintenance,Dealer Walk-in,7,3,1,Wed,44.3,0,0
APT-103587,Warranty Repair,Online Portal,7,3,1,Mon,43.7,0,0
APT-102332,Recall Service,Online Portal,3,1,1,Tue,2.0,0,0
APT-100521,Tire Service,Dealer Walk-in,7,0,0,Mon,16.3,0,0
APT-100763,Tire Service,Dealer Walk-in,3,0,1,Fri,16.0,0,0
APT-101369,Warranty Repair,Phone,14,1,1,Sat,21.0,0,0
APT-102444,Tire Service,Mobile App,2,1,0,Mon,22.4,0,1
APT-101876,Tire Service,Phone,3,2,1,Mon,4.1,0,1
APT-105042,Software Update,Dealer Walk-in,0,0,0,Fri,22.6,0,0
APT-105621,Tire Service,Phone,2,3,1,Tue,16.7,0,0
APT-104291,Repair — Customer Reported,Online Portal,7,0,0,Fri,33.8,1,0
APT-103980,Recall Service,Phone,5,0,0,Thu,22.0,0,0
APT-104602,Software Update,Online Portal,1,1,1,Sat,16.2,0,0
APT-102126,Software Update,Mobile App,30,0,1,Sat,15.8,0,1
APT-105915,Tire Service,Phone,3,0,1,Thu,38.2,1,0
APT-101556,Warranty Repair,Online Portal,2,2,1,Fri,34.7,0,0
APT-101425,Scheduled Maintenance,Phone,14,0,0,Wed,11.0,1,1
APT-105501,Scheduled Maintenance,Online Portal,10,0,0,Fri,14.1,0,0
APT-104476,Scheduled Maintenance,Online Portal,5,0,0,Fri,26.5,1,1
APT-102984,Software Update,Mobile App,3,0,1,Fri,39.2,0,0
APT-103168,Warranty Repair,Phone,1,0,0,Sat,22.9,0,1
APT-104518,Repair — Customer Reported,Mobile App,1,3,1,Wed,10.7,0,0
APT-100274,Software Update,Mobile App,14,0,1,Sat,19.2,0,0
APT-100114,Warranty Repair,Phone,30,0,0,Sat,23.9,0,1
APT-105320,Recall Service,Phone,14,1,1,Tue,1.9,0,1
APT-101681,Warranty Repair,Phone,3,0,0,Mon,30.2,0,0
APT-105371,Tire Service,Online Portal,7,0,0,Sat,5.6,1,0
APT-102162,Repair — Customer Reported,Phone,1,0,0,Fri,24.3,0,0
APT-100065,Tire Service,Dealer Walk-in,21,0,0,Mon,11.6,0,1
APT-101009,Tire Service,Mobile App,1,0,0,Fri,5.4,0,1
APT-105434,Software Update,Phone,3,0,1,Wed,5.6,0,0
APT-102559,Tire Service,Phone,0,1,1,Thu,13.3,0,0
APT-105000,Recall Service,Phone,3,2,0,Fri,24.9,0,0
APT-103422,Repair — Customer Reported,Online Portal,7,0,1,Tue,10.8,0,0
APT-101351,Tire Service,Online Portal,3,3,1,Fri,33.9,0,1
APT-101586,Software Update,Phone,0,0,1,Tue,29.9,0,0
APT-102098,Repair — Customer Reported,Dealer Walk-in,3,2,1,Mon,28.3,0,0
APT-100740,Software Update,Mobile App,5,1,0,Wed,31.4,0,0
APT-102070,Tire Service,Online Portal,1,1,1,Thu,37.7,1,0
APT-100250,Tire Service,Phone,21,0,0,Sat,10.2,0,1
APT-100026,Tire Service,Online Portal,10,1,1,Wed,42.1,1,1
APT-104209,Repair — Customer Reported,Online Portal,0,1,1,Wed,38.4,0,0
APT-101900,Warranty Repair,Phone,1,1,0,Wed,16.9,0,0
APT-101663,Tire Service,Dealer Walk-in,0,0,1,Fri,2.9,0,0
APT-104043,Repair — Customer Reported,Mobile App,7,3,0,Sat,24.8,0,1
APT-103789,Software Update,Mobile App,3,0,0,Mon,30.6,1,0
APT-104656,Recall Service,Dealer Walk-in,7,2,1,Thu,38.2,1,1
APT-101883,Software Update,Phone,1,1,1,Sat,8.5,0,0
APT-100440,Scheduled Maintenance,Dealer Walk-in,30,3,1,Tue,1.2,0,1
APT-103698,Tire Service,Online Portal,21,3,1,Sat,32.4,0,1
APT-105575,Repair — Customer Reported,Dealer Walk-in,10,0,0,Wed,7.8,0,0
APT-105764,Repair — Customer Reported,Online Portal,7,0,0,Sat,37.6,0,0
APT-102061,Warranty Repair,Online Portal,5,0,0,Tue,26.9,0,0
APT-105545,Repair — Customer Reported,Mobile App,0,0,0,Thu,12.0,0,1
APT-102792,Repair — Customer Reported,Dealer Walk-in,30,0,1,Wed,7.4,0,1
APT-105502,Recall Service,Mobile App,5,0,0,Fri,40.4,0,0
APT-104153,Tire Service,Phone,14,0,0,Mon,23.8,0,0
APT-100621,Warranty Repair,Online Portal,1,1,0,Tue,8.0,1,1
APT-102726,Software Update,Phone,7,2,1,Mon,38.2,0,0
APT-104092,Warranty Repair,Phone,14,0,0,Thu,13.8,0,0
APT-104434,Recall Service,Mobile App,0,0,0,Fri,2.3,0,0
APT-101565,Recall Service,Online Portal,0,0,0,Tue,8.5,0,0
APT-102755,Repair — Customer Reported,Mobile App,14,0,1,Tue,41.4,1,1
APT-100304,Software Update,Online Portal,30,0,1,Thu,4.3,0,0
APT-105061,Software Update,Dealer Walk-in,30,1,1,Sat,9.2,0,0
APT-103964,Scheduled Maintenance,Mobile App,2,3,0,Fri,39.6,1,0
APT-103773,Scheduled Maintenance,Phone,5,3,1,Fri,15.6,0,0
APT-101165,Scheduled Maintenance,Phone,21,1,1,Thu,39.3,1,1
APT-100823,Repair — Customer Reported,Mobile App,30,1,1,Tue,20.9,0,1
APT-105398,Software Update,Phone,1,2,1,Sat,42.8,0,0
APT-101551,Recall Service,Dealer Walk-in,0,3,1,Mon,44.7,1,0
APT-100210,Warranty Repair,Dealer Walk-in,0,1,1,Mon,19.6,0,1
APT-104414,Repair — Customer Reported,Phone,3,0,1,Sat,7.4,0,0
APT-102573,Repair — Customer Reported,Mobile App,10,1,1,Tue,1.2,0,1
APT-104216,Warranty Repair,Phone,30,1,0,Thu,22.3,0,0
APT-103825,Warranty Repair,Online Portal,21,2,0,Thu,2.5,0,0
APT-104323,Repair — Customer Reported,Mobile App,14,0,0,Tue,6.1,0,0
APT-104362,Tire Service,Phone,21,3,1,Sat,40.2,1,0
APT-103153,Recall Service,Phone,1,2,0,Wed,39.6,0,1
APT-100442,Repair — Customer Reported,Mobile App,30,0,1,Sat,18.5,1,0
APT-105033,Recall Service,Online Portal,30,0,1,Mon,9.1,0,1
APT-104427,Warranty Repair,Online Portal,3,1,1,Fri,30.8,0,0
APT-103472,Repair — Customer Reported,Phone,1,3,0,Tue,14.3,0,0
APT-102079,Recall Service,Dealer Walk-in,3,2,1,Mon,28.6,0,0
APT-103458,Scheduled Maintenance,Mobile App,14,0,1,Fri,16.9,0,1
APT-101831,Tire Service,Mobile App,0,1,1,Fri,34.4,0,0
APT-100856,Tire Service,Mobile App,10,1,0,Fri,26.8,0,0
APT-100787,Scheduled Maintenance,Mobile App,30,0,0,Mon,3.6,0,1
APT-104054,Scheduled Maintenance,Dealer Walk-in,1,2,0,Thu,27.7,0,1
APT-100482,Warranty Repair,Dealer Walk-in,14,3,1,Mon,15.5,0,1
APT-104739,Recall Service,Dealer Walk-in,0,1,0,Tue,22.1,0,0
APT-102484,Warranty Repair,Online Portal,3,3,0,Mon,26.7,0,1
APT-105508,Recall Service,Phone,2,3,1,Thu,11.6,0,0
APT-100490,Repair — Customer Reported,Mobile App,3,0,1,Sat,6.9,0,0
APT-100585,Warranty Repair,Dealer Walk-in,5,0,1,Fri,34.0,0,1
APT-103869,Tire Service,Mobile App,2,0,1,Sat,35.9,1,0
APT-101827,Software Update,Online Portal,14,2,1,Tue,1.2,0,1
APT-101053,Recall Service,Online Portal,14,0,1,Wed,39.8,1,1
APT-104637,Recall Service,Phone,1,0,1,Thu,24.6,0,0
APT-104521,Scheduled Maintenance,Dealer Walk-in,2,0,1,Tue,16.5,0,0
APT-100931,Scheduled Maintenance,Dealer Walk-in,2,0,1,Thu,22.7,1,0
APT-104482,Warranty Repair,Mobile App,10,1,0,Mon,26.6,0,1
APT-104712,Recall Service,Phone,2,1,0,Mon,12.9,0,0
APT-104896,Software Update,Dealer Walk-in,30,1,1,Sat,41.0,1,0
APT-103395,Scheduled Maintenance,Dealer Walk-in,5,3,1,Tue,35.8,0,1
APT-100174,Recall Service,Dealer Walk-in,30,1,1,Tue,27.0,0,0
APT-104775,Tire Service,Online Portal,14,0,1,Sat,23.2,0,0
APT-104912,Repair — Customer Reported,Mobile App,14,1,1,Wed,17.1,0,1
APT-100320,Warranty Repair,Dealer Walk-in,2,0,1,Tue,27.5,1,0
APT-105491,Tire Service,Mobile App,14,0,0,Sat,15.7,0,0
APT-102375,Warranty Repair,Phone,3,0,1,Fri,3.6,0,0
APT-105094,Recall Service,Phone,1,0,0,Thu,22.7,0,0
APT-104730,Tire Service,Dealer Walk-in,0,1,0,Wed,36.6,0,0
APT-104329,Warranty Repair,Online Portal,0,0,1,Thu,12.8,0,0
APT-102999,Tire Service,Phone,2,0,1,Mon,24.2,0,0
APT-104099,Warranty Repair,Dealer Walk-in,21,2,1,Thu,6.9,1,0
APT-104179,Recall Service,Phone,21,3,1,Tue,33.1,0,1
APT-101452,Recall Service,Online Portal,0,0,1,Tue,37.4,0,0
APT-101936,Tire Service,Phone,2,0,0,Thu,3.5,1,0
APT-102452,Software Update,Online Portal,1,0,1,Fri,14.5,0,0
APT-100828,Software Update,Dealer Walk-in,3,1,0,Sat,33.6,0,0
APT-103320,Repair — Customer Reported,Mobile App,0,0,0,Thu,43.3,1,0
APT-100082,Scheduled Maintenance,Mobile App,10,0,1,Fri,34.3,0,1
APT-101609,Tire Service,Phone,2,0,1,Mon,41.8,0,0
APT-102349,Tire Service,Phone,2,0,1,Thu,11.6,1,0
APT-100813,Warranty Repair,Online Portal,14,0,1,Tue,31.5,0,0
APT-101569,Recall Service,Phone,30,0,0,Tue,32.3,0,1
APT-105954,Recall Service,Phone,10,1,0,Tue,42.5,0,0
APT-101250,Tire Service,Online Portal,0,0,1,Tue,12.3,0,0
APT-104022,Tire Service,Mobile App,5,0,1,Fri,30.2,0,0
APT-103037,Scheduled Maintenance,Online Portal,3,2,0,Fri,10.8,0,0
APT-103949,Repair — Customer Reported,Mobile App,1,0,0,Mon,15.1,0,0
APT-105045,Repair — Customer Reported,Dealer Walk-in,0,1,1,Wed,44.7,1,0
APT-104188,Repair — Customer Reported,Phone,30,1,1,Sat,40.2,0,1
APT-101208,Software Update,Mobile App,0,0,0,Tue,8.2,0,0
APT-103339,Recall Service,Mobile App,2,0,1,Tue,3.5,0,0
APT-101447,Tire Service,Phone,3,2,1,Thu,39.8,0,0
APT-105666,Warranty Repair,Mobile App,21,0,1,Mon,30.7,0,1
APT-100213,Tire Service,Mobile App,21,0,0,Mon,34.3,0,0
APT-102650,Recall Service,Mobile App,14,0,1,Wed,1.7,1,0
APT-104931,Scheduled Maintenance,Dealer Walk-in,10,0,1,Sat,34.3,0,1
APT-102483,Tire Service,Online Portal,3,3,1,Mon,15.3,0,0
APT-103455,Scheduled Maintenance,Online Portal,3,3,1,Thu,30.3,0,0
APT-101804,Tire Service,Mobile App,21,0,1,Sat,8.4,0,1
APT-104591,Recall Service,Phone,0,0,1,Wed,37.3,0,0
APT-105025,Tire Service,Online Portal,30,3,1,Wed,4.3,0,1
APT-103405,Warranty Repair,Mobile App,10,0,0,Wed,39.7,0,0
APT-105322,Tire Service,Dealer Walk-in,0,1,1,Wed,4.2,0,0
APT-103190,Recall Service,Mobile App,21,0,1,Mon,42.5,0,0
APT-103642,Scheduled Maintenance,Dealer Walk-in,2,2,1,Sat,21.0,1,0
APT-100799,Warranty Repair,Online Portal,7,0,0,Wed,6.4,0,0
APT-102565,Repair — Customer Reported,Online Portal,3,0,1,Mon,41.6,0,0
APT-102697,Recall Service,Dealer Walk-in,0,1,0,Fri,39.1,0,0
APT-101304,Recall Service,Mobile App,3,0,0,Thu,14.0,0,0
APT-102851,Warranty Repair,Online Portal,3,0,1,Sat,44.9,0,0
APT-105446,Scheduled Maintenance,Online Portal,21,1,1,Wed,28.5,0,1
APT-102730,Warranty Repair,Dealer Walk-in,1,3,1,Tue,1.1,0,0
APT-103299,Software Update,Mobile App,14,1,1,Sat,39.5,1,0
APT-104662,Scheduled Maintenance,Phone,10,0,0,Fri,43.7,0,1
APT-105813,Tire Service,Online Portal,10,0,1,Thu,28.3,0,0
APT-100653,Warranty Repair,Mobile App,2,2,1,Tue,10.1,0,0
APT-100867,Warranty Repair,Mobile App,7,0,1,Fri,4.1,0,0
APT-102069,Tire Service,Mobile App,21,0,1,Tue,29.1,1,0
APT-104726,Warranty Repair,Online Portal,21,1,1,Tue,26.3,0,0
APT-100215,Software Update,Mobile App,30,2,0,Mon,11.6,1,1
APT-105796,Recall Service,Dealer Walk-in,30,2,0,Tue,41.1,0,1
APT-102112,Warranty Repair,Dealer Walk-in,7,0,0,Thu,19.0,0,0
APT-102957,Warranty Repair,Mobile App,10,0,1,Mon,38.4,1,0
APT-101387,Recall Service,Online Portal,3,1,1,Thu,15.9,0,0
APT-100189,Software Update,Mobile App,2,2,1,Fri,42.7,1,0
APT-101211,Warranty Repair,Dealer Walk-in,14,1,0,Wed,5.9,1,0
APT-100889,Software Update,Dealer Walk-in,3,3,0,Fri,3.8,0,0
APT-105125,Scheduled Maintenance,Online Portal,1,0,0,Mon,34.0,0,0
APT-105188,Repair — Customer Reported,Dealer Walk-in,7,3,1,Tue,2.3,0,0
APT-101523,Scheduled Maintenance,Mobile App,10,2,1,Thu,44.0,0,1
APT-103288,Repair — Customer Reported,Mobile App,2,1,1,Mon,21.7,0,0
APT-102754,Recall Service,Mobile App,3,2,0,Fri,41.3,0,0
APT-102129,Tire Service,Online Portal,7,0,1,Sat,17.3,0,0
APT-101353,Software Update,Phone,21,0,0,Tue,5.3,0,0
APT-100830,Warranty Repair,Phone,3,1,1,Tue,23.7,0,0
APT-102546,Warranty Repair,Phone,2,0,0,Wed,32.2,0,0
APT-104935,Warranty Repair,Online Portal,5,1,0,Wed,39.4,1,0
APT-100242,Software Update,Phone,10,0,1,Mon,42.5,0,1
APT-101155,Scheduled Maintenance,Dealer Walk-in,1,2,1,Thu,6.8,0,1
APT-105734,Repair — Customer Reported,Phone,5,0,1,Thu,24.0,0,0
APT-102617,Tire Service,Online Portal,10,1,1,Tue,44.8,1,0
APT-102815,Software Update,Online Portal,30,0,1,Mon,22.4,0,1
APT-102033,Scheduled Maintenance,Mobile App,5,2,1,Wed,13.8,1,0
APT-101118,Tire Service,Mobile App,1,1,1,Wed,26.1,0,1
APT-105897,Software Update,Phone,1,1,1,Fri,9.5,0,0
APT-104191,Warranty Repair,Dealer Walk-in,5,0,1,Sat,20.7,0,0
APT-101779,Software Update,Phone,7,1,0,Sat,36.9,0,0
APT-101071,Repair — Customer Reported,Online Portal,10,0,0,Thu,36.5,0,1
APT-102522,Scheduled Maintenance,Dealer Walk-in,0,3,1,Thu,18.3,0,0
APT-103523,Scheduled Maintenance,Online Portal,5,1,0,Tue,44.6,1,0
APT-102047,Scheduled Maintenance,Mobile App,1,3,1,Sat,16.3,1,0
APT-105311,Recall Service,Online Portal,3,0,1,Mon,42.6,0,0
APT-100203,Recall Service,Mobile App,7,3,1,Thu,11.4,0,1
APT-100112,Repair — Customer Reported,Phone,1,1,1,Mon,16.8,0,1
APT-101311,Repair — Customer Reported,Online Portal,14,0,1,Sat,31.4,0,1
APT-101465,Software Update,Dealer Walk-in,14,0,0,Tue,6.3,1,0
APT-105416,Repair — Customer Reported,Dealer Walk-in,0,2,1,Tue,20.4,0,0
APT-100380,Recall Service,Mobile App,14,0,1,Mon,3.8,0,0
APT-105560,Warranty Repair,Dealer Walk-in,7,0,0,Mon,21.8,0,0
APT-103290,Warranty Repair,Mobile App,2,2,1,Thu,1.3,1,1
APT-103849,Recall Service,Phone,0,0,1,Thu,22.5,0,0
APT-103858,Recall Service,Dealer Walk-in,7,0,1,Wed,39.0,0,0
APT-104661,Warranty Repair,Phone,21,0,0,Wed,24.6,0,1
APT-103669,Warranty Repair,Mobile App,30,1,1,Fri,16.9,0,1
APT-100648,Repair — Customer Reported,Online Portal,14,3,1,Fri,6.1,1,1
APT-100235,Warranty Repair,Dealer Walk-in,30,3,0,Fri,41.4,0,1
APT-100376,Scheduled Maintenance,Online Portal,0,0,1,Sat,8.5,0,0
APT-100937,Scheduled Maintenance,Dealer Walk-in,10,3,0,Thu,22.1,0,1
APT-105509,Recall Service,Phone,10,0,1,Fri,14.6,0,1
APT-104015,Tire Service,Phone,14,0,0,Fri,11.9,0,1
APT-100356,Tire Service,Mobile App,7,1,0,Sat,22.9,0,0
APT-104428,Tire Service,Phone,30,1,1,Mon,42.9,0,1
APT-103356,Repair — Customer Reported,Online Portal,7,1,0,Sat,43.0,0,1
APT-105747,Repair — Customer Reported,Online Portal,5,2,1,Mon,12.6,0,0
APT-105397,Tire Service,Mobile App,3,0,0,Sat,11.2,0,0
APT-104949,Scheduled Maintenance,Online Portal,30,1,0,Wed,1.9,1,1
APT-104104,Scheduled Maintenance,Phone,10,3,1,Tue,15.8,0,1
APT-105791,Recall Service,Dealer Walk-in,0,1,1,Tue,11.2,0,0
APT-103861,Software Update,Mobile App,30,3,0,Wed,22.2,0,0
APT-102057,Tire Service,Phone,21,0,0,Thu,24.9,1,0
APT-104866,Tire Service,Dealer Walk-in,14,1,1,Sat,37.0,0,1
APT-103762,Repair — Customer Reported,Online Portal,2,0,1,Fri,15.9,1,0
APT-103382,Software Update,Mobile App,21,2,0,Mon,15.8,0,1
APT-104810,Warranty Repair,Online Portal,5,1,0,Sat,7.9,0,0
APT-101160,Scheduled Maintenance,Mobile App,3,0,1,Mon,29.3,0,0
APT-102681,Tire Service,Dealer Walk-in,30,0,1,Fri,20.7,0,0
APT-103181,Recall Service,Mobile App,14,0,1,Wed,23.6,1,0
APT-102194,Recall Service,Phone,2,0,1,Mon,37.8,0,0
APT-103549,Warranty Repair,Mobile App,0,0,1,Thu,35.2,0,0
APT-101092,Repair — Customer Reported,Dealer Walk-in,10,1,1,Tue,43.6,1,0
APT-105081,Warranty Repair,Phone,2,0,0,Fri,25.5,0,0
APT-100393,Repair — Customer Reported,Mobile App,2,0,1,Sat,23.5,0,0
APT-101264,Scheduled Maintenance,Dealer Walk-in,10,2,1,Fri,33.5,0,1
APT-103837,Warranty Repair,Phone,30,1,1,Fri,13.2,1,1
APT-102457,Tire Service,Dealer Walk-in,2,1,0,Wed,18.8,0,1
APT-102637,Repair — Customer Reported,Dealer Walk-in,1,0,0,Mon,36.1,0,0
APT-100211,Scheduled Maintenance,Mobile App,0,0,1,Tue,34.7,0,0
APT-103743,Scheduled Maintenance,Online Portal,5,2,1,Thu,8.3,0,0
APT-100452,Tire Service,Dealer Walk-in,14,3,1,Tue,34.3,0,1
APT-102145,Warranty Repair,Online Portal,21,0,1,Thu,42.1,0,0
APT-104528,Repair — Customer Reported,Mobile App,5,1,1,Tue,25.4,0,0
APT-104652,Scheduled Maintenance,Dealer Walk-in,1,3,0,Mon,20.6,0,1
APT-102581,Warranty Repair,Mobile App,14,0,1,Sat,40.7,0,0
APT-101717,Tire Service,Mobile App,30,1,1,Thu,27.6,0,1
APT-103639,Tire Service,Online Portal,10,0,0,Fri,14.5,0,1
APT-101372,Recall Service,Mobile App,10,3,1,Thu,20.5,0,1
APT-102428,Software Update,Dealer Walk-in,0,1,1,Thu,32.1,1,0
APT-103640,Recall Service,Mobile App,21,0,1,Wed,37.8,0,1
APT-105625,Tire Service,Phone,7,2,0,Sat,30.4,0,0
APT-102992,Scheduled Maintenance,Mobile App,10,3,1,Tue,16.9,1,0
APT-104569,Repair — Customer Reported,Mobile App,1,0,0,Mon,10.7,0,0
APT-104718,Tire Service,Dealer Walk-in,3,0,0,Mon,25.3,1,0
APT-102087,Repair — Customer Reported,Dealer Walk-in,5,0,1,Fri,11.1,0,0
APT-103319,Warranty Repair,Mobile App,5,0,0,Thu,12.3,0,0
APT-103728,Software Update,Phone,5,3,0,Tue,43.8,0,0
APT-100636,Software Update,Phone,7,0,1,Sat,19.6,1,0
APT-104905,Repair — Customer Reported,Dealer Walk-in,21,2,0,Sat,21.2,1,1
APT-103238,Warranty Repair,Dealer Walk-in,7,2,0,Sat,2.3,0,0
APT-101533,Repair — Customer Reported,Dealer Walk-in,30,0,1,Thu,6.4,0,0
APT-100969,Warranty Repair,Online Portal,1,1,0,Wed,7.4,0,0
APT-104734,Recall Service,Mobile App,0,1,1,Tue,30.8,0,0
APT-105100,Scheduled Maintenance,Online Portal,2,1,1,Mon,33.7,1,1
APT-100207,Tire Service,Online Portal,21,0,0,Mon,41.4,1,0
APT-102171,Scheduled Maintenance,Mobile App,0,0,1,Sat,24.0,0,0
APT-104276,Software Update,Online Portal,1,2,0,Tue,32.6,0,1
APT-101619,Repair — Customer Reported,Phone,3,3,1,Wed,9.6,0,0
APT-101438,Recall Service,Online Portal,0,3,0,Tue,1.6,1,0
APT-104676,Repair — Customer Reported,Mobile App,5,0,1,Wed,20.6,0,0
APT-101614,Repair — Customer Reported,Dealer Walk-in,1,0,1,Thu,13.8,0,0
APT-101647,Tire Service,Mobile App,7,0,0,Tue,18.9,0,0
APT-104341,Scheduled Maintenance,Mobile App,0,0,1,Fri,39.6,1,0
APT-104460,Software Update,Dealer Walk-in,0,0,1,Thu,29.5,0,0
APT-101789,Software Update,Mobile App,7,0,0,Sat,3.0,1,0
APT-102447,Software Update,Phone,0,0,1,Tue,3.4,0,0
APT-100429,Repair — Customer Reported,Mobile App,3,1,1,Wed,22.4,0,0
APT-104078,Recall Service,Dealer Walk-in,14,2,1,Wed,22.5,0,0
APT-102907,Warranty Repair,Dealer Walk-in,14,0,1,Wed,39.7,0,0
APT-103304,Software Update,Phone,7,0,0,Tue,29.1,1,0
APT-101500,Scheduled Maintenance,Online Portal,5,2,1,Mon,35.3,0,1
APT-103352,Warranty Repair,Phone,14,0,0,Wed,4.8,1,1
APT-103260,Scheduled Maintenance,Dealer Walk-in,30,2,1,Thu,12.4,0,0
APT-103546,Software Update,Mobile App,21,1,0,Wed,5.2,0,0
APT-104600,Warranty Repair,Mobile App,3,0,1,Fri,40.0,1,0
APT-102944,Warranty Repair,Phone,5,0,0,Fri,3.1,0,0
APT-103874,Recall Service,Mobile App,5,1,1,Wed,35.4,0,1
APT-100757,Warranty Repair,Dealer Walk-in,3,0,0,Thu,35.6,1,0
APT-105693,Scheduled Maintenance,Mobile App,0,1,1,Thu,24.9,0,1
APT-103385,Repair — Customer Reported,Online Portal,21,1,0,Wed,18.9,0,1
APT-100683,Software Update,Phone,14,0,1,Thu,22.4,1,0
APT-103548,Repair — Customer Reported,Mobile App,0,1,1,Thu,21.7,1,0
APT-103177,Scheduled Maintenance,Mobile App,0,3,0,Fri,38.9,0,0
APT-105536,Software Update,Phone,3,0,0,Tue,29.3,1,0
APT-102464,Recall Service,Dealer Walk-in,5,0,0,Thu,25.1,0,0
APT-101470,Tire Service,Phone,1,0,0,Mon,25.9,0,0
APT-101399,Repair — Customer Reported,Phone,21,0,0,Sat,12.1,0,1
APT-101185,Software Update,Online Portal,7,2,0,Wed,40.5,1,0
APT-100214,Warranty Repair,Mobile App,3,0,1,Wed,9.3,0,1
APT-104595,Warranty Repair,Phone,7,0,1,Wed,6.9,0,0
APT-101074,Software Update,Dealer Walk-in,0,2,1,Tue,6.0,1,1
APT-105679,Software Update,Dealer Walk-in,7,3,0,Sat,18.1,0,1
APT-105249,Scheduled Maintenance,Phone,5,1,1,Tue,1.8,0,0
APT-104524,Software Update,Online Portal,5,0,1,Sat,7.9,0,0
APT-101401,Scheduled Maintenance,Dealer Walk-in,30,2,0,Sat,31.0,0,1
APT-100328,Warranty Repair,Mobile App,2,3,1,Thu,16.5,0,0
APT-102137,Recall Service,Dealer Walk-in,7,1,1,Thu,6.0,1,0
APT-103493,Scheduled Maintenance,Phone,21,3,0,Thu,40.7,0,1
APT-105450,Software Update,Phone,0,2,1,Tue,8.1,0,0
APT-100562,Repair — Customer Reported,Online Portal,0,3,1,Mon,10.1,0,1
APT-103393,Scheduled Maintenance,Mobile App,5,0,1,Tue,22.6,0,0
APT-105738,Tire Service,Dealer Walk-in,2,0,1,Tue,33.5,1,0
APT-101426,Software Update,Phone,14,0,1,Tue,42.8,0,0
APT-104231,Warranty Repair,Dealer Walk-in,3,0,0,Fri,38.9,1,0
APT-101012,Warranty Repair,Phone,0,3,1,Mon,2.2,0,0
APT-103293,Recall Service,Dealer Walk-in,2,3,1,Wed,37.4,0,0
APT-104399,Repair — Customer Reported,Online Portal,7,0,0,Fri,12.2,1,0
APT-104116,Warranty Repair,Dealer Walk-in,7,3,1,Sat,1.8,0,1
APT-105835,Tire Service,Online Portal,0,0,1,Mon,1.0,1,0
APT-104757,Recall Service,Phone,10,0,0,Fri,33.4,0,1
APT-105830,Warranty Repair,Phone,0,0,1,Thu,11.5,1,0
APT-103959,Scheduled Maintenance,Phone,7,1,0,Thu,35.2,1,0
APT-104073,Software Update,Mobile App,14,1,0,Mon,14.3,0,0
APT-100098,Tire Service,Dealer Walk-in,30,0,0,Mon,44.0,0,0
APT-104892,Tire Service,Mobile App,2,0,0,Thu,29.5,0,0
APT-103843,Recall Service,Dealer Walk-in,0,1,1,Thu,25.2,0,0
APT-105260,Software Update,Dealer Walk-in,0,1,1,Sat,7.8,0,0
APT-100036,Software Update,Phone,5,0,0,Thu,39.4,0,0
APT-101073,Tire Service,Online Portal,3,1,1,Thu,7.0,0,0
APT-105289,Tire Service,Mobile App,5,1,1,Thu,17.7,0,0
APT-104456,Recall Service,Dealer Walk-in,7,2,1,Sat,30.7,0,0
APT-105714,Repair — Customer Reported,Online Portal,1,0,1,Wed,41.3,1,0
APT-102599,Tire Service,Phone,30,1,1,Tue,3.2,0,1
APT-103763,Scheduled Maintenance,Dealer Walk-in,30,1,0,Wed,7.3,0,0
APT-100543,Recall Service,Online Portal,2,0,0,Mon,7.4,1,0
APT-100800,Scheduled Maintenance,Phone,0,0,1,Thu,14.9,0,0
APT-100416,Recall Service,Phone,30,2,1,Tue,30.5,0,0
APT-104699,Software Update,Dealer Walk-in,21,0,1,Sat,39.9,1,1
APT-104100,Tire Service,Dealer Walk-in,3,0,1,Sat,40.3,0,1
APT-101895,Warranty Repair,Dealer Walk-in,10,3,1,Fri,10.9,0,0
APT-104180,Tire Service,Phone,7,1,0,Tue,21.4,0,0
APT-101603,Scheduled Maintenance,Dealer Walk-in,5,0,1,Tue,27.4,0,0
APT-100935,Warranty Repair,Dealer Walk-in,1,0,1,Sat,32.4,0,0
APT-102258,Software Update,Phone,0,2,1,Mon,25.1,1,0
APT-104578,Repair — Customer Reported,Phone,21,0,1,Sat,1.7,0,0
APT-105334,Scheduled Maintenance,Online Portal,30,1,0,Tue,21.6,0,1
APT-100074,Recall Service,Phone,5,1,1,Tue,25.3,1,0
APT-102103,Recall Service,Online Portal,0,1,0,Tue,18.2,0,1
APT-100091,Recall Service,Online Portal,14,2,1,Fri,31.5,0,0
APT-103012,Recall Service,Dealer Walk-in,14,0,1,Mon,22.1,1,0
APT-102959,Warranty Repair,Dealer Walk-in,21,2,0,Wed,14.3,1,0
APT-103709,Repair — Customer Reported,Online Portal,1,0,1,Tue,21.0,0,0
APT-100151,Recall Service,Mobile App,14,1,0,Mon,12.3,0,0
APT-100093,Repair — Customer Reported,Phone,1,0,1,Sat,32.0,1,0
APT-103301,Software Update,Online Portal,0,2,1,Tue,38.9,1,0
APT-101955,Software Update,Phone,14,0,1,Thu,43.9,0,0
APT-103892,Warranty Repair,Phone,3,1,1,Wed,14.0,0,0
APT-101049,Software Update,Online Portal,3,3,1,Mon,40.4,0,0
APT-103048,Scheduled Maintenance,Mobile App,10,1,0,Sat,19.7,0,1
APT-101886,Tire Service,Online Portal,0,2,0,Tue,22.1,0,0
APT-103159,Recall Service,Mobile App,3,0,1,Mon,7.6,0,0
APT-103073,Warranty Repair,Online Portal,2,0,1,Mon,40.5,1,0
APT-105107,Recall Service,Dealer Walk-in,2,1,1,Thu,12.5,0,0
APT-105737,Scheduled Maintenance,Mobile App,5,0,0,Mon,44.8,0,1
APT-103503,Recall Service,Mobile App,10,1,0,Wed,3.3,0,0
APT-103710,Recall Service,Phone,30,0,0,Fri,40.9,1,1
APT-104013,Repair — Customer Reported,Mobile App,14,0,0,Wed,16.9,0,0
APT-103496,Warranty Repair,Mobile App,7,1,1,Sat,24.9,0,0
APT-105526,Repair — Customer Reported,Mobile App,0,1,1,Wed,19.7,1,0
APT-105818,Repair — Customer Reported,Online Portal,1,1,0,Fri,28.9,1,0
APT-103139,Software Update,Mobile App,0,0,0,Tue,11.5,0,0
APT-104421,Warranty Repair,Online Portal,3,2,0,Wed,42.2,0,0
APT-103225,Scheduled Maintenance,Dealer Walk-in,3,0,0,Thu,27.4,1,0
APT-104665,Repair — Customer Reported,Dealer Walk-in,7,2,1,Mon,31.9,0,0
APT-101087,Warranty Repair,Phone,30,1,1,Thu,20.3,0,1
APT-104697,Scheduled Maintenance,Phone,7,0,1,Sat,39.5,0,0
APT-103644,Software Update,Dealer Walk-in,10,1,1,Mon,18.2,0,0
APT-104461,Software Update,Dealer Walk-in,3,1,0,Wed,19.7,0,0
APT-100332,Software Update,Dealer Walk-in,5,0,1,Thu,26.2,0,0
APT-105888,Warranty Repair,Online Portal,1,1,1,Tue,16.4,0,0
APT-101263,Software Update,Phone,14,2,1,Sat,9.9,0,0
APT-103371,Recall Service,Online Portal,3,3,0,Mon,21.3,0,0
APT-103178,Tire Service,Phone,21,1,1,Fri,38.0,1,0
APT-100812,Software Update,Mobile App,30,1,0,Fri,43.4,0,1
APT-105332,Software Update,Dealer Walk-in,5,1,1,Wed,38.9,0,0
APT-103265,Repair — Customer Reported,Mobile App,3,2,1,Mon,4.0,0,0
APT-105303,Software Update,Online Portal,14,0,0,Sat,36.2,0,1
APT-101917,Scheduled Maintenance,Online Portal,21,1,0,Thu,42.4,0,1
APT-104795,Recall Service,Dealer Walk-in,10,1,0,Wed,4.1,0,1
APT-101340,Recall Service,Dealer Walk-in,1,0,0,Fri,12.3,0,0
APT-104852,Recall Service,Phone,1,1,1,Wed,12.7,0,0
APT-105454,Tire Service,Mobile App,0,1,0,Fri,3.0,0,0
APT-103740,Tire Service,Mobile App,3,1,0,Fri,5.5,0,0
APT-102138,Scheduled Maintenance,Dealer Walk-in,10,0,1,Tue,25.7,0,1
APT-105051,Recall Service,Mobile App,10,0,1,Sat,10.9,0,1
APT-103672,Tire Service,Dealer Walk-in,3,0,1,Thu,18.4,1,0
APT-102409,Scheduled Maintenance,Phone,7,0,1,Thu,23.5,0,0
APT-105080,Recall Service,Online Portal,14,0,1,Thu,16.2,0,0
APT-100301,Repair — Customer Reported,Mobile App,3,1,1,Tue,7.6,0,0
APT-100016,Software Update,Phone,5,0,0,Wed,20.3,0,0
APT-105913,Warranty Repair,Mobile App,7,0,1,Thu,22.2,0,0
APT-104287,Scheduled Maintenance,Online Portal,30,1,0,Thu,15.4,0,1
APT-103374,Warranty Repair,Dealer Walk-in,5,3,0,Mon,20.4,0,1
APT-102458,Warranty Repair,Mobile App,7,2,1,Mon,12.8,0,1
APT-102448,Software Update,Dealer Walk-in,0,1,0,Tue,8.4,0,0
APT-101738,Recall Service,Online Portal,2,3,0,Thu,6.4,0,0
APT-103786,Scheduled Maintenance,Online Portal,21,1,0,Fri,31.2,0,0
APT-105117,Recall Service,Dealer Walk-in,3,0,1,Wed,24.3,0,0
APT-105221,Repair — Customer Reported,Dealer Walk-in,21,1,0,Fri,33.2,0,1
APT-102893,Tire Service,Dealer Walk-in,21,3,1,Tue,31.3,1,1
APT-100392,Tire Service,Dealer Walk-in,21,3,1,Fri,41.3,0,0
APT-100959,Scheduled Maintenance,Dealer Walk-in,2,3,0,Sat,27.7,1,1
APT-105506,Repair — Customer Reported,Online Portal,3,0,1,Wed,13.8,1,0
APT-102689,Software Update,Online Portal,3,0,1,Wed,34.0,0,0
APT-101801,Software Update,Mobile App,21,0,0,Tue,26.4,0,0
APT-105814,Scheduled Maintenance,Mobile App,3,0,1,Fri,43.4,1,0
APT-103910,Warranty Repair,Mobile App,21,0,1,Thu,44.0,0,0
APT-104308,Scheduled Maintenance,Mobile App,3,0,1,Sat,8.7,0,0
APT-104698,Repair — Customer Reported,Online Portal,14,0,1,Thu,41.6,0,0
APT-105265,Scheduled Maintenance,Dealer Walk-in,30,0,1,Thu,34.2,1,1
APT-103138,Software Update,Phone,30,2,0,Tue,13.5,0,1
APT-101163,Tire Service,Mobile App,0,0,1,Fri,36.0,0,0
APT-103146,Warranty Repair,Dealer Walk-in,30,0,1,Wed,2.1,0,1
APT-100847,Recall Service,Phone,0,1,1,Mon,24.5,0,0
APT-104539,Recall Service,Dealer Walk-in,7,0,1,Fri,27.2,0,0
APT-103717,Repair — Customer Reported,Phone,5,1,0,Mon,22.3,0,0
APT-104125,Warranty Repair,Phone,7,0,1,Tue,17.1,0,0
APT-100888,Software Update,Dealer Walk-in,14,3,0,Sat,7.0,0,1
APT-100608,Warranty Repair,Mobile App,1,2,1,Thu,24.5,0,0
APT-101516,Recall Service,Mobile App,2,0,1,Tue,1.0,1,0
APT-105096,Scheduled Maintenance,Phone,3,0,1,Thu,17.2,1,0
APT-101810,Repair — Customer Reported,Online Portal,21,0,0,Fri,35.5,0,1
APT-103430,Scheduled Maintenance,Mobile App,21,1,1,Tue,37.2,1,1
APT-102989,Scheduled Maintenance,Mobile App,2,0,1,Fri,25.5,1,0
APT-105138,Software Update,Phone,1,2,0,Tue,41.3,0,0
APT-105442,Warranty Repair,Phone,14,0,0,Wed,35.6,0,0
APT-101675,Tire Service,Phone,21,0,0,Sat,31.4,0,1
APT-104019,Repair — Customer Reported,Phone,2,0,1,Tue,31.4,0,1
APT-104096,Software Update,Mobile App,14,1,1,Tue,2.4,1,0
APT-103882,Warranty Repair,Phone,2,3,1,Mon,39.5,0,0
APT-100624,Recall Service,Mobile App,2,0,1,Sat,9.5,0,0
APT-104766,Recall Service,Online Portal,21,0,1,Thu,18.0,0,1
APT-104551,Repair — Customer Reported,Mobile App,0,0,1,Fri,42.4,1,0
APT-105239,Scheduled Maintenance,Mobile App,7,0,1,Tue,22.2,0,0
APT-101770,Warranty Repair,Online Portal,5,0,1,Sat,6.2,0,0
APT-101702,Repair — Customer Reported,Mobile App,0,1,1,Thu,25.4,1,0
APT-101416,Tire Service,Phone,5,3,1,Wed,27.6,0,0
APT-104347,Warranty Repair,Mobile App,2,0,1,Thu,32.7,0,0
APT-104829,Warranty Repair,Online Portal,10,0,0,Sat,18.5,0,0
APT-103815,Warranty Repair,Online Portal,2,1,0,Wed,7.7,0,0
APT-105591,Repair — Customer Reported,Mobile App,7,0,1,Wed,12.5,0,0
APT-100316,Tire Service,Dealer Walk-in,10,0,1,Fri,10.6,0,1
APT-101808,Software Update,Mobile App,30,1,0,Thu,20.3,0,1
APT-103284,Recall Service,Mobile App,5,0,1,Fri,10.7,0,0
APT-100409,Software Update,Mobile App,1,1,1,Thu,32.5,1,0
APT-105394,Scheduled Maintenance,Online Portal,7,0,0,Sat,18.5,0,0
APT-103353,Software Update,Dealer Walk-in,0,0,1,Sat,39.7,0,0
APT-104715,Repair — Customer Reported,Phone,7,0,1,Thu,26.0,0,0
APT-102004,Recall Service,Phone,1,2,1,Tue,5.2,0,0
APT-102238,Warranty Repair,Online Portal,7,0,1,Sat,33.9,0,0
APT-101231,Warranty Repair,Dealer Walk-in,0,1,1,Thu,29.9,0,0
APT-103266,Scheduled Maintenance,Online Portal,7,1,1,Sat,36.6,0,0
APT-103769,Software Update,Phone,0,1,1,Wed,4.8,0,0
APT-101127,Warranty Repair,Phone,30,0,0,Tue,40.6,0,1
APT-103565,Scheduled Maintenance,Phone,7,3,1,Fri,2.3,1,1
APT-100829,Repair — Customer Reported,Mobile App,10,2,0,Mon,21.8,0,1
APT-104900,Recall Service,Mobile App,1,0,1,Fri,18.6,1,0
APT-103738,Repair — Customer Reported,Phone,14,1,0,Thu,42.3,0,0
APT-104823,Tire Service,Mobile App,3,1,1,Tue,36.3,1,0
APT-103172,Scheduled Maintenance,Mobile App,1,1,1,Mon,35.4,0,1
APT-103624,Scheduled Maintenance,Dealer Walk-in,5,0,0,Sat,31.6,0,0
APT-101833,Tire Service,Mobile App,21,1,0,Fri,6.2,0,0
APT-101847,Scheduled Maintenance,Dealer Walk-in,0,1,0,Mon,44.2,0,0
APT-102798,Software Update,Phone,0,2,1,Tue,37.8,1,0
APT-105834,Software Update,Online Portal,10,0,1,Wed,23.0,0,1
APT-100197,Recall Service,Mobile App,14,0,1,Wed,15.1,0,1
APT-101460,Recall Service,Mobile App,5,2,1,Fri,15.6,1,0
APT-103925,Recall Service,Dealer Walk-in,1,2,1,Fri,22.1,1,0
APT-103985,Warranty Repair,Phone,30,0,1,Tue,29.4,1,0
APT-102173,Scheduled Maintenance,Dealer Walk-in,1,1,1,Mon,36.8,0,1
APT-102445,Tire Service,Mobile App,21,0,1,Wed,34.5,0,0
APT-100548,Software Update,Dealer Walk-in,10,1,1,Fri,26.3,0,0
APT-102268,Software Update,Phone,7,0,0,Fri,31.5,1,0
APT-104830,Software Update,Mobile App,14,3,1,Sat,4.3,1,0
APT-105914,Tire Service,Online Portal,14,0,1,Mon,9.8,0,0
APT-105763,Recall Service,Phone,14,2,1,Mon,9.1,0,0
APT-105318,Tire Service,Phone,5,0,0,Fri,43.2,0,1
APT-103748,Tire Service,Dealer Walk-in,2,1,0,Wed,33.6,0,0
APT-105973,Scheduled Maintenance,Dealer Walk-in,14,0,1,Fri,37.5,0,0
APT-100985,Recall Service,Online Portal,30,2,1,Mon,13.8,1,0
APT-101166,Software Update,Mobile App,2,1,1,Thu,1.4,1,0
APT-101526,Software Update,Phone,0,0,1,Tue,13.8,0,0
APT-101792,Software Update,Dealer Walk-in,2,0,0,Wed,8.9,0,0
APT-103598,Repair — Customer Reported,Mobile App,2,3,1,Fri,13.8,0,0
APT-103173,Software Update,Online Portal,21,0,1,Tue,14.1,0,0
APT-103378,Scheduled Maintenance,Dealer Walk-in,5,1,0,Tue,41.3,0,0
APT-100755,Software Update,Mobile App,21,0,0,Tue,29.5,0,0
APT-104777,Tire Service,Online Portal,1,2,1,Wed,17.3,0,0
APT-100535,Warranty Repair,Phone,10,0,0,Sat,23.7,1,0
APT-103531,Software Update,Mobile App,30,0,1,Thu,34.4,0,1
APT-101708,Warranty Repair,Dealer Walk-in,0,1,0,Thu,23.8,1,0
APT-100735,Recall Service,Dealer Walk-in,3,1,1,Mon,25.2,0,0
APT-100503,Warranty Repair,Mobile App,10,0,1,Wed,27.2,0,0
APT-103912,Warranty Repair,Online Portal,0,1,0,Wed,36.7,0,0
APT-103354,Warranty Repair,Mobile App,3,0,1,Thu,21.6,0,0
APT-101294,Recall Service,Dealer Walk-in,7,1,1,Fri,23.9,0,0
APT-105264,Warranty Repair,Online Portal,0,1,1,Wed,44.3,0,0
APT-104940,Repair — Customer Reported,Phone,10,0,1,Fri,10.5,0,0
APT-104412,Scheduled Maintenance,Dealer Walk-in,1,0,1,Wed,44.2,0,0
APT-104305,Tire Service,Mobile App,10,0,1,Wed,10.0,0,1
APT-100664,Tire Service,Online Portal,10,0,1,Tue,41.6,0,0
APT-103723,Tire Service,Phone,30,1,0,Tue,32.4,0,1
APT-103388,Warranty Repair,Mobile App,14,0,1,Tue,17.3,0,0
APT-101093,Tire Service,Dealer Walk-in,10,1,1,Mon,26.6,0,0
APT-103414,Repair — Customer Reported,Mobile App,21,0,1,Mon,11.0,1,0
APT-101225,Software Update,Mobile App,21,3,1,Sat,44.3,0,1
APT-105998,Software Update,Mobile App,0,2,0,Sat,9.3,0,1
APT-102659,Recall Service,Mobile App,21,1,1,Tue,37.5,0,1
APT-100861,Recall Service,Online Portal,2,3,1,Tue,27.1,0,1
APT-101342,Tire Service,Dealer Walk-in,1,3,1,Fri,22.9,0,1
APT-103191,Tire Service,Phone,5,0,0,Fri,4.7,0,1
APT-102752,Recall Service,Online Portal,5,0,0,Wed,8.4,0,0
APT-105086,Recall Service,Dealer Walk-in,2,2,1,Wed,9.3,0,0
APT-101793,Repair — Customer Reported,Mobile App,10,0,1,Thu,12.5,1,0
APT-102980,Scheduled Maintenance,Dealer Walk-in,5,0,0,Wed,15.7,0,0
APT-101608,Scheduled Maintenance,Mobile App,3,0,1,Fri,25.6,0,1
APT-104910,Warranty Repair,Mobile App,0,2,1,Wed,15.8,1,1
APT-103894,Repair — Customer Reported,Online Portal,3,0,1,Thu,29.2,0,0
APT-102290,Software Update,Phone,2,1,0,Tue,27.6,0,0
APT-103204,Repair — Customer Reported,Mobile App,5,1,0,Thu,5.2,1,1
APT-105637,Repair — Customer Reported,Online Portal,7,2,1,Wed,24.5,0,0
APT-105661,Software Update,Dealer Walk-in,0,1,1,Mon,15.7,0,0
APT-105022,Software Update,Online Portal,2,0,1,Thu,19.9,0,0
APT-105841,Software Update,Online Portal,14,3,1,Thu,21.3,0,1
APT-101667,Software Update,Mobile App,3,2,0,Tue,39.5,0,0
APT-104793,Recall Service,Mobile App,30,0,1,Tue,5.6,0,1
APT-105620,Recall Service,Online Portal,21,2,1,Mon,32.9,0,1
APT-101735,Repair — Customer Reported,Mobile App,1,2,0,Mon,36.4,1,0
APT-105059,Repair — Customer Reported,Dealer Walk-in,21,0,0,Tue,38.9,1,0
APT-100030,Recall Service,Dealer Walk-in,1,3,0,Tue,13.0,0,1
APT-105858,Software Update,Dealer Walk-in,1,0,1,Tue,3.4,0,0
APT-103736,Scheduled Maintenance,Phone,5,0,1,Sat,40.5,1,0
APT-104850,Scheduled Maintenance,Dealer Walk-in,0,0,0,Sat,44.2,0,1
APT-104158,Scheduled Maintenance,Mobile App,21,2,1,Mon,7.6,0,0
APT-101367,Scheduled Maintenance,Phone,1,1,1,Mon,25.8,0,1
APT-100378,Warranty Repair,Mobile App,2,0,0,Mon,44.2,0,0
APT-102440,Repair — Customer Reported,Phone,2,0,1,Sat,35.4,0,0
APT-102024,Tire Service,Phone,14,1,0,Mon,21.3,0,0
APT-104262,Repair — Customer Reported,Phone,10,0,1,Fri,24.7,0,1
APT-100131,Scheduled Maintenance,Phone,10,1,1,Thu,39.3,0,0
APT-103277,Software Update,Mobile App,30,1,1,Thu,35.7,0,0
APT-105862,Scheduled Maintenance,Dealer Walk-in,10,0,1,Mon,12.0,1,0
APT-101177,Tire Service,Phone,2,3,0,Sat,7.3,0,0
APT-105855,Scheduled Maintenance,Online Portal,7,3,1,Tue,27.4,1,0
APT-101866,Repair — Customer Reported,Dealer Walk-in,0,3,0,Mon,3.1,0,0
APT-105922,Recall Service,Online Portal,14,0,1,Mon,18.8,0,0
APT-103223,Warranty Repair,Dealer Walk-in,0,1,1,Mon,20.0,0,0
APT-103242,Software Update,Mobile App,5,0,0,Thu,11.0,0,0
APT-101639,Scheduled Maintenance,Mobile App,5,1,1,Fri,32.1,0,0
APT-104941,Software Update,Phone,14,1,1,Sat,5.9,0,0
APT-102385,Tire Service,Mobile App,2,2,1,Tue,25.4,1,0
APT-105595,Recall Service,Dealer Walk-in,1,2,1,Thu,42.3,0,1
APT-102164,Software Update,Online Portal,30,0,0,Tue,40.3,0,1
APT-103908,Recall Service,Dealer Walk-in,0,0,1,Fri,22.5,0,0
APT-102304,Software Update,Dealer Walk-in,0,0,0,Wed,22.6,1,0
APT-104072,Tire Service,Online Portal,0,1,1,Tue,27.0,0,0
APT-102619,Recall Service,Dealer Walk-in,2,3,0,Thu,7.1,0,1
APT-105636,Recall Service,Dealer Walk-in,3,0,0,Wed,28.5,1,0
APT-102940,Software Update,Online Portal,21,0,0,Fri,20.5,0,0
APT-103306,Tire Service,Mobile App,2,0,1,Thu,21.8,0,0
APT-101450,Scheduled Maintenance,Phone,14,0,0,Tue,32.5,0,0
APT-100407,Repair — Customer Reported,Mobile App,14,0,0,Tue,15.1,1,0
APT-100542,Software Update,Mobile App,14,0,1,Fri,1.3,0,0
APT-101963,Tire Service,Dealer Walk-in,1,0,1,Mon,44.9,0,1
APT-101222,Warranty Repair,Dealer Walk-in,1,0,1,Wed,10.7,0,0
APT-101777,Scheduled Maintenance,Mobile App,2,3,1,Tue,44.6,0,0
APT-103215,Tire Service,Online Portal,21,1,0,Thu,41.4,0,0
APT-104417,Repair — Customer Reported,Online Portal,14,2,1,Fri,17.7,0,1
APT-101406,Scheduled Maintenance,Mobile App,14,0,1,Mon,22.9,1,0
APT-102107,Scheduled Maintenance,Mobile App,14,0,1,Wed,14.9,0,0
APT-100169,Repair — Customer Reported,Phone,1,3,0,Tue,35.8,1,1
APT-101688,Tire Service,Online Portal,21,1,1,Mon,42.9,0,1
APT-104345,Warranty Repair,Dealer Walk-in,5,1,1,Tue,35.1,0,0
APT-102692,Scheduled Maintenance,Phone,7,1,0,Sat,33.5,0,1
APT-104978,Software Update,Mobile App,5,0,1,Mon,27.7,1,0
APT-100475,Tire Service,Mobile App,21,1,1,Wed,22.2,0,1
APT-105315,Software Update,Mobile App,5,0,1,Thu,13.1,0,0
APT-100491,Repair — Customer Reported,Mobile App,3,1,1,Wed,33.2,0,0
APT-104088,Software Update,Dealer Walk-in,7,0,1,Sat,16.5,0,0
APT-100434,Scheduled Maintenance,Phone,14,1,1,Thu,8.5,0,0
APT-101998,Warranty Repair,Mobile App,7,2,1,Wed,26.0,1,0
APT-105934,Recall Service,Dealer Walk-in,30,0,1,Sat,10.0,0,1
APT-102392,Recall Service,Online Portal,21,1,0,Fri,15.1,0,0
APT-100803,Scheduled Maintenance,Dealer Walk-in,21,2,0,Fri,28.3,0,1
APT-101480,Scheduled Maintenance,Dealer Walk-in,3,0,0,Wed,9.1,0,0
APT-100919,Tire Service,Dealer Walk-in,30,2,1,Fri,5.4,1,0
APT-104058,Tire Service,Phone,0,0,1,Fri,10.0,0,0
APT-101889,Tire Service,Dealer Walk-in,21,0,0,Tue,7.0,0,1
APT-105968,Software Update,Online Portal,5,0,1,Wed,35.9,0,0
APT-101648,Software Update,Dealer Walk-in,1,2,1,Thu,16.2,0,1
APT-102363,Scheduled Maintenance,Phone,10,0,1,Wed,28.9,0,0
APT-103403,Tire Service,Mobile App,3,0,1,Mon,30.3,0,0
APT-101888,Repair — Customer Reported,Online Portal,1,3,1,Sat,34.2,1,0
APT-105805,Scheduled Maintenance,Mobile App,14,1,0,Mon,25.5,0,1
APT-103891,Repair — Customer Reported,Phone,0,0,0,Tue,17.1,0,0
APT-101858,Repair — Customer Reported,Mobile App,30,0,1,Thu,8.0,0,1
APT-101559,Warranty Repair,Online Portal,21,0,1,Sat,14.2,1,1
APT-103517,Scheduled Maintenance,Online Portal,0,1,1,Wed,5.7,0,0
APT-103996,Repair — Customer Reported,Mobile App,10,0,0,Fri,14.1,0,0
APT-100145,Software Update,Mobile App,0,0,0,Tue,43.7,0,0
APT-103042,Repair — Customer Reported,Mobile App,1,1,0,Sat,37.8,0,0
APT-101230,Tire Service,Mobile App,3,2,1,Thu,13.6,0,0
APT-104948,Tire Service,Online Portal,30,2,1,Mon,28.7,0,1
APT-105328,Software Update,Online Portal,10,1,1,Sat,32.8,0,0
APT-104763,Software Update,Phone,14,0,1,Mon,33.4,0,0
APT-102858,Recall Service,Online Portal,5,0,0,Mon,7.6,0,0
APT-103370,Tire Service,Dealer Walk-in,5,3,0,Fri,25.7,0,0
APT-103056,Recall Service,Mobile App,30,1,1,Fri,15.7,0,1
APT-102254,Warranty Repair,Online Portal,7,1,0,Mon,23.9,0,0
APT-103707,Warranty Repair,Mobile App,0,0,1,Wed,20.2,0,1
APT-105387,Software Update,Dealer Walk-in,3,2,0,Thu,22.8,1,0
APT-102597,Tire Service,Online Portal,21,2,1,Mon,25.3,0,0
APT-102278,Recall Service,Mobile App,5,0,1,Mon,19.6,0,0
APT-103668,Warranty Repair,Dealer Walk-in,14,0,0,Mon,37.0,0,0
APT-101478,Repair — Customer Reported,Mobile App,5,0,1,Sat,9.3,0,0
APT-104198,Warranty Repair,Dealer Walk-in,2,0,1,Fri,26.6,1,0
APT-100000,Software Update,Online Portal,0,1,1,Tue,33.4,0,1
APT-104861,Scheduled Maintenance,Mobile App,30,1,1,Wed,2.4,0,0
APT-100871,Scheduled Maintenance,Online Portal,1,1,0,Thu,32.1,0,0
APT-102121,Warranty Repair,Phone,2,1,1,Mon,44.9,1,0
APT-105233,Scheduled Maintenance,Online Portal,2,0,0,Thu,2.4,0,0
APT-100860,Software Update,Phone,3,1,1,Wed,9.1,0,0
APT-105756,Scheduled Maintenance,Phone,3,0,0,Wed,32.5,0,0
APT-102995,Repair — Customer Reported,Online Portal,2,3,0,Mon,3.1,0,0
APT-105949,Warranty Repair,Dealer Walk-in,30,0,1,Tue,26.9,0,1
APT-104361,Tire Service,Mobile App,3,0,0,Fri,14.2,0,0
APT-101119,Warranty Repair,Dealer Walk-in,2,0,1,Wed,15.7,0,0
APT-102954,Recall Service,Mobile App,7,1,1,Tue,6.6,1,0
APT-105906,Software Update,Mobile App,3,1,1,Thu,25.9,0,0
APT-103512,Recall Service,Dealer Walk-in,14,1,1,Thu,44.3,0,0
APT-105071,Software Update,Dealer Walk-in,30,0,1,Thu,38.1,0,1
APT-101544,Scheduled Maintenance,Online Portal,5,1,0,Thu,1.7,0,0
APT-105288,Repair — Customer Reported,Dealer Walk-in,14,0,0,Thu,29.2,0,0
APT-105421,Software Update,Dealer Walk-in,2,0,0,Fri,10.3,0,0
APT-101179,Software Update,Mobile App,3,1,0,Tue,17.8,1,1
APT-101106,Warranty Repair,Mobile App,1,0,0,Wed,13.2,0,1
APT-104624,Warranty Repair,Phone,21,1,1,Wed,32.7,0,0
APT-102062,Warranty Repair,Dealer Walk-in,7,0,1,Fri,35.8,0,0
APT-103687,Scheduled Maintenance,Phone,3,2,1,Fri,2.2,0,0
APT-100462,Recall Service,Mobile App,10,0,0,Wed,17.1,0,0
APT-105936,Tire Service,Mobile App,0,1,1,Thu,8.1,0,0
APT-100907,Software Update,Online Portal,10,1,1,Fri,22.5,0,0
APT-105440,Scheduled Maintenance,Mobile App,0,3,0,Fri,30.8,0,0
APT-103722,Recall Service,Phone,7,1,0,Sat,1.7,0,0
APT-103795,Warranty Repair,Online Portal,7,1,1,Mon,31.6,1,0
APT-102895,Software Update,Dealer Walk-in,21,1,1,Thu,1.3,0,0
APT-105297,Recall Service,Phone,14,0,0,Fri,5.8,1,1
APT-100938,Tire Service,Phone,21,0,1,Mon,39.0,0,0
APT-102172,Recall Service,Online Portal,30,1,1,Tue,13.7,0,1
APT-100980,Scheduled Maintenance,Mobile App,14,0,1,Thu,8.3,0,1
APT-104500,Warranty Repair,Phone,1,0,1,Mon,23.7,1,0
APT-105163,Scheduled Maintenance,Mobile App,7,0,1,Thu,44.7,0,0
APT-102382,Recall Service,Mobile App,3,0,1,Wed,7.8,1,0
APT-101564,Warranty Repair,Dealer Walk-in,10,1,1,Fri,42.3,0,0
APT-103200,Scheduled Maintenance,Phone,30,0,0,Thu,18.8,1,1
APT-105649,Software Update,Phone,0,0,1,Fri,37.0,0,0
APT-102843,Repair — Customer Reported,Mobile App,1,0,0,Tue,2.2,1,0
APT-102638,Repair — Customer Reported,Online Portal,1,0,0,Wed,16.1,0,0
APT-102634,Repair — Customer Reported,Phone,1,2,0,Mon,5.9,0,1
APT-101382,Software Update,Phone,1,1,1,Thu,5.3,1,0
APT-100481,Recall Service,Online Portal,5,0,0,Sat,1.4,1,0
APT-103867,Warranty Repair,Phone,0,0,0,Fri,7.6,0,0
APT-102025,Warranty Repair,Phone,21,1,1,Thu,8.8,0,0
APT-101549,Scheduled Maintenance,Phone,1,2,0,Wed,43.5,1,1
APT-103586,Software Update,Dealer Walk-in,21,0,0,Sat,35.6,0,1
APT-102135,Repair — Customer Reported,Phone,10,0,0,Tue,16.2,0,1
APT-102876,Software Update,Phone,5,0,1,Sat,42.4,0,0
APT-101774,Software Update,Dealer Walk-in,30,0,1,Fri,14.7,1,0
APT-101903,Scheduled Maintenance,Online Portal,5,3,1,Thu,30.3,0,0
APT-100777,Scheduled Maintenance,Phone,0,1,0,Sat,14.6,0,1
APT-103351,Recall Service,Online Portal,3,0,1,Sat,24.1,0,0
APT-102334,Scheduled Maintenance,Online Portal,30,1,1,Tue,39.0,0,0
APT-100587,Repair — Customer Reported,Dealer Walk-in,2,1,1,Wed,1.6,1,0
APT-101227,Repair — Customer Reported,Mobile App,3,0,1,Thu,27.7,0,0
APT-103329,Software Update,Dealer Walk-in,30,3,1,Fri,11.9,0,1
APT-100312,Recall Service,Online Portal,7,0,0,Mon,8.4,0,0
APT-102426,Software Update,Dealer Walk-in,21,0,1,Thu,13.7,0,0
APT-101181,Tire Service,Dealer Walk-in,0,1,1,Thu,2.9,0,0
APT-101653,Repair — Customer Reported,Online Portal,0,3,1,Mon,27.9,0,0
APT-100540,Scheduled Maintenance,Mobile App,5,0,0,Thu,13.7,1,0
APT-105253,Recall Service,Online Portal,14,3,1,Tue,12.2,0,1
APT-104375,Recall Service,Mobile App,14,3,1,Wed,20.8,0,1
APT-100746,Recall Service,Online Portal,21,0,1,Fri,3.8,0,0
APT-104074,Scheduled Maintenance,Mobile App,3,0,0,Fri,23.0,1,0
APT-102294,Warranty Repair,Phone,7,3,1,Wed,6.3,0,0
APT-105379,Warranty Repair,Phone,7,2,1,Sat,15.0,1,0
APT-102123,Warranty Repair,Phone,5,1,0,Thu,11.5,1,0
APT-104695,Repair — Customer Reported,Dealer Walk-in,3,0,0,Mon,9.0,0,0
APT-104802,Scheduled Maintenance,Mobile App,30,2,1,Mon,36.0,0,1
APT-100377,Software Update,Online Portal,7,2,1,Thu,18.6,0,0
APT-104736,Recall Service,Mobile App,10,0,0,Fri,2.2,0,0
APT-102183,Recall Service,Online Portal,2,3,1,Mon,38.0,0,0
APT-105208,Tire Service,Mobile App,7,0,1,Wed,19.8,0,0
APT-103998,Recall Service,Phone,7,0,1,Wed,30.7,0,0
APT-101846,Tire Service,Dealer Walk-in,0,0,1,Wed,42.5,0,1
APT-103880,Software Update,Online Portal,14,0,0,Tue,23.5,0,0
APT-101440,Scheduled Maintenance,Online Portal,14,0,1,Tue,43.8,0,1
APT-105819,Software Update,Online Portal,7,1,1,Mon,21.9,0,0
APT-104275,Warranty Repair,Phone,0,1,1,Sat,1.6,0,0
APT-104228,Software Update,Mobile App,30,0,0,Sat,21.7,1,1
APT-105401,Scheduled Maintenance,Mobile App,21,3,0,Fri,21.2,0,1
APT-105867,Warranty Repair,Dealer Walk-in,14,0,0,Wed,14.7,1,0
APT-102073,Scheduled Maintenance,Dealer Walk-in,21,1,1,Sat,21.4,0,0
APT-100761,Repair — Customer Reported,Phone,10,0,1,Fri,28.5,0,0
APT-105584,Software Update,Phone,2,2,1,Thu,19.6,1,0
APT-102668,Scheduled Maintenance,Phone,14,0,1,Thu,20.6,0,0
APT-100195,Recall Service,Phone,21,0,1,Wed,7.0,0,1
APT-104393,Repair — Customer Reported,Dealer Walk-in,0,0,0,Tue,17.9,0,1
APT-102288,Warranty Repair,Mobile App,2,3,0,Tue,19.8,0,0
APT-105306,Warranty Repair,Mobile App,10,1,1,Wed,30.4,0,0
APT-102902,Software Update,Mobile App,14,0,0,Thu,32.2,0,0
APT-104131,Software Update,Online Portal,10,2,1,Tue,5.3,0,0
APT-100814,Repair — Customer Reported,Mobile App,3,0,0,Mon,17.0,1,0
APT-104159,Repair — Customer Reported,Phone,21,0,0,Tue,10.2,0,0
APT-100238,Tire Service,Mobile App,21,0,0,Tue,35.8,0,0
APT-100988,Software Update,Mobile App,3,0,1,Mon,43.2,0,1
APT-102030,Tire Service,Mobile App,14,0,1,Fri,21.1,0,0
APT-101930,Recall Service,Phone,3,0,1,Wed,43.8,0,0
APT-101355,Repair — Customer Reported,Online Portal,3,1,0,Wed,44.3,0,0
APT-100412,Tire Service,Online Portal,5,2,1,Mon,13.4,0,0
APT-104585,Tire Service,Dealer Walk-in,14,0,0,Fri,11.7,0,0
APT-103004,Tire Service,Dealer Walk-in,2,3,1,Fri,19.2,0,0
APT-102148,Scheduled Maintenance,Dealer Walk-in,21,1,0,Tue,6.5,0,1
APT-101479,Software Update,Dealer Walk-in,3,1,1,Fri,25.3,1,0
APT-105055,Scheduled Maintenance,Online Portal,1,0,1,Thu,27.8,0,0
APT-102651,Warranty Repair,Phone,10,3,0,Mon,41.0,1,1
APT-104502,Software Update,Phone,5,1,0,Thu,13.6,0,0
APT-102808,Recall Service,Mobile App,2,0,1,Fri,17.3,0,0
APT-102888,Scheduled Maintenance,Online Portal,7,0,1,Fri,22.5,0,0
APT-103110,Scheduled Maintenance,Dealer Walk-in,10,0,1,Wed,24.6,0,1
APT-101310,Tire Service,Mobile App,2,0,0,Sat,16.0,0,0
APT-100232,Scheduled Maintenance,Mobile App,2,0,1,Tue,11.6,0,0
APT-102396,Scheduled Maintenance,Online Portal,14,1,1,Tue,40.0,0,0
APT-105688,Warranty Repair,Mobile App,7,0,1,Fri,16.8,0,0
APT-103906,Tire Service,Phone,30,0,1,Fri,34.6,0,1
APT-101151,Tire Service,Dealer Walk-in,2,1,1,Sat,1.9,0,0
APT-105996,Software Update,Phone,5,3,1,Sat,27.0,1,1
APT-102142,Recall Service,Dealer Walk-in,10,2,1,Fri,4.9,0,0
APT-104993,Recall Service,Online Portal,14,2,0,Thu,26.1,0,0
APT-102557,Recall Service,Mobile App,14,1,1,Fri,8.3,0,0
APT-100496,Warranty Repair,Mobile App,21,1,1,Mon,17.1,0,0
APT-103944,Repair — Customer Reported,Dealer Walk-in,1,0,1,Sat,26.8,0,0
APT-101038,Recall Service,Online Portal,3,1,0,Fri,44.5,0,1
APT-101269,Repair — Customer Reported,Online Portal,2,2,1,Sat,32.3,0,0
APT-101826,Tire Service,Phone,3,0,1,Fri,14.9,0,1
APT-104303,Scheduled Maintenance,Phone,14,0,1,Wed,11.8,0,0
APT-101633,Scheduled Maintenance,Mobile App,2,1,1,Sat,10.4,0,0
APT-101366,Repair — Customer Reported,Online Portal,1,1,1,Fri,1.8,0,0
APT-101714,Warranty Repair,Dealer Walk-in,30,0,1,Fri,25.2,0,0
APT-100430,Recall Service,Mobile App,2,0,1,Wed,10.3,1,0
APT-101451,Warranty Repair,Phone,1,1,1,Thu,14.3,1,0
APT-103636,Warranty Repair,Phone,21,0,0,Sat,11.6,0,0
APT-104448,Tire Service,Online Portal,10,1,0,Sat,31.1,0,0
APT-105851,Recall Service,Mobile App,0,1,1,Sat,28.9,1,1
APT-105175,Warranty Repair,Dealer Walk-in,1,0,0,Wed,25.5,0,0
APT-101758,Software Update,Online Portal,10,0,1,Wed,5.5,0,1
APT-103392,Repair — Customer Reported,Dealer Walk-in,30,0,0,Tue,35.2,0,0
APT-104257,Repair — Customer Reported,Mobile App,7,0,1,Tue,14.6,0,0
APT-103561,Repair — Customer Reported,Mobile App,1,0,1,Sat,14.8,0,0
APT-102502,Repair — Customer Reported,Mobile App,30,2,1,Mon,32.0,0,1
APT-104374,Software Update,Mobile App,2,1,0,Fri,13.2,0,0
APT-101167,Software Update,Dealer Walk-in,21,0,0,Fri,29.6,1,1
APT-102410,Recall Service,Phone,7,0,1,Thu,20.5,0,0
APT-102811,Scheduled Maintenance,Dealer Walk-in,30,2,1,Sat,5.4,0,1
APT-102856,Repair — Customer Reported,Phone,21,2,1,Fri,29.1,1,1
APT-101828,Software Update,Mobile App,14,2,1,Sat,3.0,0,1
APT-103119,Warranty Repair,Phone,14,0,1,Sat,8.1,0,0
APT-102519,Repair — Customer Reported,Dealer Walk-in,14,0,0,Mon,17.9,0,0
APT-100999,Repair — Customer Reported,Mobile App,1,0,0,Thu,24.1,0,0
APT-103969,Tire Service,Online Portal,30,0,1,Thu,17.4,0,0
APT-101175,Scheduled Maintenance,Dealer Walk-in,1,3,1,Fri,36.5,0,1
APT-101849,Scheduled Maintenance,Mobile App,30,0,1,Thu,12.3,0,1
APT-104018,Software Update,Dealer Walk-in,1,1,1,Thu,34.1,0,0
APT-100236,Tire Service,Mobile App,5,0,1,Wed,40.6,0,0
APT-104385,Tire Service,Online Portal,14,1,1,Thu,7.6,1,0
APT-104222,Repair — Customer Reported,Phone,0,1,1,Sat,21.7,0,0
APT-105604,Warranty Repair,Online Portal,1,0,1,Tue,11.4,0,0
APT-102679,Software Update,Phone,30,0,1,Tue,6.6,1,0
APT-104761,Software Update,Dealer Walk-in,0,0,1,Sat,8.6,0,0
APT-100698,Tire Service,Phone,0,3,1,Mon,3.4,0,1
APT-105348,Software Update,Online Portal,0,2,0,Tue,8.9,1,0
APT-103745,Repair — Customer Reported,Phone,7,0,1,Thu,34.6,0,0
APT-101908,Software Update,Phone,1,0,0,Sat,24.3,0,0
APT-100656,Tire Service,Mobile App,3,0,1,Wed,14.2,0,0
APT-103228,Software Update,Online Portal,0,1,1,Tue,29.8,0,1
APT-100798,Repair — Customer Reported,Phone,0,3,0,Fri,28.0,0,1
APT-104573,Scheduled Maintenance,Phone,21,0,0,Wed,38.3,0,0
APT-104368,Warranty Repair,Online Portal,0,0,1,Wed,11.0,0,0
APT-105203,Warranty Repair,Dealer Walk-in,30,0,1,Tue,32.4,0,0
APT-104327,Tire Service,Mobile App,21,1,0,Fri,6.9,1,0
APT-101191,Software Update,Phone,5,0,0,Tue,13.3,0,0
APT-104543,Tire Service,Mobile App,14,0,1,Thu,21.8,0,0
APT-101877,Warranty Repair,Online Portal,7,0,1,Fri,25.5,0,1
APT-101210,Scheduled Maintenance,Mobile App,10,0,1,Thu,12.4,0,0
APT-104217,Warranty Repair,Mobile App,1,0,1,Thu,38.2,0,0
APT-105986,Warranty Repair,Dealer Walk-in,1,0,1,Sat,13.3,0,0
APT-102904,Warranty Repair,Dealer Walk-in,14,0,0,Sat,38.5,0,0
APT-102757,Tire Service,Dealer Walk-in,2,1,1,Fri,15.4,0,1
APT-103922,Scheduled Maintenance,Phone,3,2,0,Mon,33.0,0,0
APT-105195,Recall Service,Dealer Walk-in,0,1,0,Tue,26.0,0,1
APT-102136,Tire Service,Online Portal,21,3,1,Wed,5.7,1,1
APT-102467,Software Update,Phone,14,0,1,Thu,36.5,0,0
APT-101747,Repair — Customer Reported,Online Portal,14,0,1,Thu,20.9,0,1
APT-102732,Recall Service,Mobile App,3,0,0,Tue,28.7,0,0
APT-100486,Software Update,Dealer Walk-in,3,0,1,Sat,10.6,1,0
APT-101919,Repair — Customer Reported,Phone,10,3,1,Thu,12.4,0,0
APT-102358,Warranty Repair,Phone,2,0,1,Tue,10.0,1,0
APT-102503,Repair — Customer Reported,Phone,7,3,0,Tue,8.2,0,0
APT-104144,Software Update,Dealer Walk-in,30,0,1,Sat,19.6,0,0
APT-102067,Tire Service,Online Portal,2,0,1,Sat,27.8,0,0
APT-101760,Software Update,Dealer Walk-in,30,1,1,Fri,20.6,1,0
APT-103410,Tire Service,Phone,30,1,1,Mon,36.7,0,1
APT-100588,Recall Service,Mobile App,7,2,1,Sat,11.4,1,1
APT-101378,Warranty Repair,Dealer Walk-in,30,3,1,Sat,28.6,1,1
APT-103579,Recall Service,Mobile App,2,0,1,Thu,41.4,0,0
APT-104403,Warranty Repair,Online Portal,21,3,1,Fri,33.7,0,0
APT-103835,Warranty Repair,Online Portal,0,0,0,Sat,3.4,0,0
APT-104678,Warranty Repair,Phone,3,0,1,Wed,29.5,0,0
APT-103061,Repair — Customer Reported,Dealer Walk-in,14,2,1,Tue,5.7,0,0
APT-102820,Recall Service,Phone,2,1,0,Wed,25.3,0,0
APT-104026,Software Update,Mobile App,14,1,0,Wed,12.2,0,0
APT-100102,Repair — Customer Reported,Phone,5,3,0,Wed,33.8,0,0
APT-102454,Warranty Repair,Dealer Walk-in,7,0,1,Fri,18.6,0,0
APT-105266,Warranty Repair,Phone,7,3,1,Thu,18.7,1,0
APT-100951,Warranty Repair,Dealer Walk-in,3,0,1,Tue,27.1,1,0
APT-100575,Tire Service,Dealer Walk-in,10,1,0,Mon,26.6,0,0
APT-100743,Scheduled Maintenance,Online Portal,2,3,0,Thu,43.4,0,0
APT-104974,Software Update,Phone,10,0,1,Sat,12.4,1,0
APT-101819,Software Update,Mobile App,5,0,1,Tue,37.6,0,0
APT-100060,Tire Service,Phone,1,1,1,Sat,27.4,1,0
APT-105628,Tire Service,Dealer Walk-in,30,0,0,Fri,15.4,0,1
APT-100870,Software Update,Phone,5,1,0,Tue,12.2,0,0
APT-104464,Recall Service,Mobile App,1,1,1,Thu,42.3,0,0
APT-100414,Repair — Customer Reported,Dealer Walk-in,0,1,1,Mon,2.8,0,0
APT-100164,Scheduled Maintenance,Phone,1,0,1,Wed,17.8,0,0
APT-101862,Recall Service,Dealer Walk-in,5,1,1,Tue,44.9,0,1
APT-100172,Tire Service,Phone,2,0,0,Mon,37.6,0,0
APT-104991,Warranty Repair,Phone,5,3,1,Wed,22.8,1,0
APT-101169,Recall Service,Phone,21,1,1,Wed,19.3,1,0
APT-100092,Tire Service,Mobile App,7,1,0,Thu,39.4,1,0
APT-105166,Software Update,Phone,21,1,0,Wed,39.4,0,1
APT-102155,Software Update,Dealer Walk-in,1,2,1,Mon,6.2,0,0
APT-100912,Software Update,Online Portal,0,0,1,Wed,38.7,1,0
APT-101689,Tire Service,Dealer Walk-in,0,1,0,Sat,13.6,0,0
APT-104034,Repair — Customer Reported,Phone,30,0,1,Wed,24.1,0,0
APT-105513,Repair — Customer Reported,Phone,30,0,1,Thu,24.9,0,0
APT-101958,Recall Service,Mobile App,5,0,1,Wed,28.0,0,0
APT-101806,Scheduled Maintenance,Online Portal,10,0,0,Wed,29.7,0,1
APT-102384,Recall Service,Dealer Walk-in,30,0,0,Sat,3.9,0,0
APT-102397,Warranty Repair,Online Portal,10,3,1,Thu,32.9,0,1
